arrondissement,season,day,hour,mean_volume,sample_size,day_order,season_order
Ahuntsic-Cartierville,All year,Monday,0,1.589,129,0,0
Ahuntsic-Cartierville,All year,Monday,1,1.333,126,0,0
Ahuntsic-Cartierville,All year,Monday,2,0.826,132,0,0
Ahuntsic-Cartierville,All year,Monday,3,0.492,132,0,0
Ahuntsic-Cartierville,All year,Monday,4,1.106,132,0,0
Ahuntsic-Cartierville,All year,Monday,5,3.038,132,0,0
Ahuntsic-Cartierville,All year,Monday,6,7.773,132,0,0
Ahuntsic-Cartierville,All year,Monday,7,17.815,135,0,0
Ahuntsic-Cartierville,All year,Monday,8,20.586,133,0,0
Ahuntsic-Cartierville,All year,Monday,9,11.444,133,0,0
Ahuntsic-Cartierville,All year,Monday,10,10.992,133,0,0
Ahuntsic-Cartierville,All year,Monday,11,13.069,131,0,0
Ahuntsic-Cartierville,All year,Monday,12,14.89,127,0,0
Ahuntsic-Cartierville,All year,Monday,13,14.907,129,0,0
Ahuntsic-Cartierville,All year,Monday,14,15.754,130,0,0
Ahuntsic-Cartierville,All year,Monday,15,22.156,128,0,0
Ahuntsic-Cartierville,All year,Monday,16,29.922,129,0,0
Ahuntsic-Cartierville,All year,Monday,17,33.553,132,0,0
Ahuntsic-Cartierville,All year,Monday,18,22.898,128,0,0
Ahuntsic-Cartierville,All year,Monday,19,14.4,130,0,0
Ahuntsic-Cartierville,All year,Monday,20,10.78,132,0,0
Ahuntsic-Cartierville,All year,Monday,21,8.669,130,0,0
Ahuntsic-Cartierville,All year,Monday,22,5.785,130,0,0
Ahuntsic-Cartierville,All year,Monday,23,2.832,125,0,0
Ahuntsic-Cartierville,All year,Tuesday,0,1.457,127,1,0
Ahuntsic-Cartierville,All year,Tuesday,1,1.007,134,1,0
Ahuntsic-Cartierville,All year,Tuesday,2,0.848,132,1,0
Ahuntsic-Cartierville,All year,Tuesday,3,0.462,132,1,0
Ahuntsic-Cartierville,All year,Tuesday,4,0.947,132,1,0
Ahuntsic-Cartierville,All year,Tuesday,5,3.106,132,1,0
Ahuntsic-Cartierville,All year,Tuesday,6,8.433,134,1,0
Ahuntsic-Cartierville,All year,Tuesday,7,21.925,134,1,0
Ahuntsic-Cartierville,All year,Tuesday,8,27.47,134,1,0
Ahuntsic-Cartierville,All year,Tuesday,9,13.876,129,1,0
Ahuntsic-Cartierville,All year,Tuesday,10,11.25,128,1,0
Ahuntsic-Cartierville,All year,Tuesday,11,12.084,131,1,0
Ahuntsic-Cartierville,All year,Tuesday,12,13.496,127,1,0
Ahuntsic-Cartierville,All year,Tuesday,13,15.548,124,1,0
Ahuntsic-Cartierville,All year,Tuesday,14,17.425,127,1,0
Ahuntsic-Cartierville,All year,Tuesday,15,25.341,126,1,0
Ahuntsic-Cartierville,All year,Tuesday,16,36.462,130,1,0
Ahuntsic-Cartierville,All year,Tuesday,17,45.062,130,1,0
Ahuntsic-Cartierville,All year,Tuesday,18,29.277,130,1,0
Ahuntsic-Cartierville,All year,Tuesday,19,16.477,130,1,0
Ahuntsic-Cartierville,All year,Tuesday,20,12.836,134,1,0
Ahuntsic-Cartierville,All year,Tuesday,21,10.224,134,1,0
Ahuntsic-Cartierville,All year,Tuesday,22,7.515,130,1,0
Ahuntsic-Cartierville,All year,Tuesday,23,3.554,130,1,0
Ahuntsic-Cartierville,All year,Wednesday,0,1.892,120,2,0
Ahuntsic-Cartierville,All year,Wednesday,1,1.08,125,2,0
Ahuntsic-Cartierville,All year,Wednesday,2,0.85,127,2,0
Ahuntsic-Cartierville,All year,Wednesday,3,0.614,127,2,0
Ahuntsic-Cartierville,All year,Wednesday,4,1.238,130,2,0
Ahuntsic-Cartierville,All year,Wednesday,5,3.508,130,2,0
Ahuntsic-Cartierville,All year,Wednesday,6,9.285,130,2,0
Ahuntsic-Cartierville,All year,Wednesday,7,24.454,130,2,0
Ahuntsic-Cartierville,All year,Wednesday,8,30.685,130,2,0
Ahuntsic-Cartierville,All year,Wednesday,9,14.477,130,2,0
Ahuntsic-Cartierville,All year,Wednesday,10,11.208,130,2,0
Ahuntsic-Cartierville,All year,Wednesday,11,12.143,126,2,0
Ahuntsic-Cartierville,All year,Wednesday,12,13.683,126,2,0
Ahuntsic-Cartierville,All year,Wednesday,13,13.367,128,2,0
Ahuntsic-Cartierville,All year,Wednesday,14,13.961,129,2,0
Ahuntsic-Cartierville,All year,Wednesday,15,20.824,125,2,0
Ahuntsic-Cartierville,All year,Wednesday,16,30.772,127,2,0
Ahuntsic-Cartierville,All year,Wednesday,17,40.381,126,2,0
Ahuntsic-Cartierville,All year,Wednesday,18,28.639,133,2,0
Ahuntsic-Cartierville,All year,Wednesday,19,17.389,131,2,0
Ahuntsic-Cartierville,All year,Wednesday,20,12.617,133,2,0
Ahuntsic-Cartierville,All year,Wednesday,21,9.647,133,2,0
Ahuntsic-Cartierville,All year,Wednesday,22,7.215,130,2,0
Ahuntsic-Cartierville,All year,Wednesday,23,3.024,126,2,0
Ahuntsic-Cartierville,All year,Thursday,0,1.922,128,3,0
Ahuntsic-Cartierville,All year,Thursday,1,1.156,128,3,0
Ahuntsic-Cartierville,All year,Thursday,2,0.638,130,3,0
Ahuntsic-Cartierville,All year,Thursday,3,0.515,130,3,0
Ahuntsic-Cartierville,All year,Thursday,4,1.1,130,3,0
Ahuntsic-Cartierville,All year,Thursday,5,2.569,130,3,0
Ahuntsic-Cartierville,All year,Thursday,6,8.023,130,3,0
Ahuntsic-Cartierville,All year,Thursday,7,20.2,130,3,0
Ahuntsic-Cartierville,All year,Thursday,8,23.719,128,3,0
Ahuntsic-Cartierville,All year,Thursday,9,11.435,124,3,0
Ahuntsic-Cartierville,All year,Thursday,10,10.626,123,3,0
Ahuntsic-Cartierville,All year,Thursday,11,11.167,120,3,0
Ahuntsic-Cartierville,All year,Thursday,12,13.017,121,3,0
Ahuntsic-Cartierville,All year,Thursday,13,12.395,124,3,0
Ahuntsic-Cartierville,All year,Thursday,14,15.468,124,3,0
Ahuntsic-Cartierville,All year,Thursday,15,19.918,122,3,0
Ahuntsic-Cartierville,All year,Thursday,16,28.702,121,3,0
Ahuntsic-Cartierville,All year,Thursday,17,34.308,120,3,0
Ahuntsic-Cartierville,All year,Thursday,18,23.065,124,3,0
Ahuntsic-Cartierville,All year,Thursday,19,13.331,124,3,0
Ahuntsic-Cartierville,All year,Thursday,20,10.238,122,3,0
Ahuntsic-Cartierville,All year,Thursday,21,8.033,122,3,0
Ahuntsic-Cartierville,All year,Thursday,22,6.542,120,3,0
Ahuntsic-Cartierville,All year,Thursday,23,4.018,109,3,0
Ahuntsic-Cartierville,All year,Friday,0,1.917,121,4,0
Ahuntsic-Cartierville,All year,Friday,1,1.821,112,4,0
Ahuntsic-Cartierville,All year,Friday,2,1.112,116,4,0
Ahuntsic-Cartierville,All year,Friday,3,0.771,118,4,0
Ahuntsic-Cartierville,All year,Friday,4,1.042,118,4,0
Ahuntsic-Cartierville,All year,Friday,5,2.932,118,4,0
Ahuntsic-Cartierville,All year,Friday,6,6.533,120,4,0
Ahuntsic-Cartierville,All year,Friday,7,16.942,120,4,0
Ahuntsic-Cartierville,All year,Friday,8,19.902,123,4,0
Ahuntsic-Cartierville,All year,Friday,9,12.103,126,4,0
Ahuntsic-Cartierville,All year,Friday,10,12.136,125,4,0
Ahuntsic-Cartierville,All year,Friday,11,12.016,129,4,0
Ahuntsic-Cartierville,All year,Friday,12,15.279,129,4,0
Ahuntsic-Cartierville,All year,Friday,13,16.295,129,4,0
Ahuntsic-Cartierville,All year,Friday,14,19.039,127,4,0
Ahuntsic-Cartierville,All year,Friday,15,24.85,127,4,0
Ahuntsic-Cartierville,All year,Friday,16,28.458,131,4,0
Ahuntsic-Cartierville,All year,Friday,17,29.763,131,4,0
Ahuntsic-Cartierville,All year,Friday,18,20.29,131,4,0
Ahuntsic-Cartierville,All year,Friday,19,13.233,129,4,0
Ahuntsic-Cartierville,All year,Friday,20,10.323,127,4,0
Ahuntsic-Cartierville,All year,Friday,21,9.0,127,4,0
Ahuntsic-Cartierville,All year,Friday,22,7.882,127,4,0
Ahuntsic-Cartierville,All year,Friday,23,5.172,122,4,0
Ahuntsic-Cartierville,All year,Saturday,0,3.474,133,5,0
Ahuntsic-Cartierville,All year,Saturday,1,3.675,126,5,0
Ahuntsic-Cartierville,All year,Saturday,2,2.473,129,5,0
Ahuntsic-Cartierville,All year,Saturday,3,1.718,131,5,0
Ahuntsic-Cartierville,All year,Saturday,4,1.344,131,5,0
Ahuntsic-Cartierville,All year,Saturday,5,1.412,131,5,0
Ahuntsic-Cartierville,All year,Saturday,6,2.763,131,5,0
Ahuntsic-Cartierville,All year,Saturday,7,4.489,133,5,0
Ahuntsic-Cartierville,All year,Saturday,8,7.895,133,5,0
Ahuntsic-Cartierville,All year,Saturday,9,12.496,133,5,0
Ahuntsic-Cartierville,All year,Saturday,10,16.391,133,5,0
Ahuntsic-Cartierville,All year,Saturday,11,18.917,132,5,0
Ahuntsic-Cartierville,All year,Saturday,12,19.841,132,5,0
Ahuntsic-Cartierville,All year,Saturday,13,21.75,132,5,0
Ahuntsic-Cartierville,All year,Saturday,14,24.053,133,5,0
Ahuntsic-Cartierville,All year,Saturday,15,25.031,131,5,0
Ahuntsic-Cartierville,All year,Saturday,16,21.917,133,5,0
Ahuntsic-Cartierville,All year,Saturday,17,18.474,133,5,0
Ahuntsic-Cartierville,All year,Saturday,18,14.31,129,5,0
Ahuntsic-Cartierville,All year,Saturday,19,10.641,131,5,0
Ahuntsic-Cartierville,All year,Saturday,20,8.128,133,5,0
Ahuntsic-Cartierville,All year,Saturday,21,6.03,133,5,0
Ahuntsic-Cartierville,All year,Saturday,22,5.558,129,5,0
Ahuntsic-Cartierville,All year,Saturday,23,3.953,128,5,0
Ahuntsic-Cartierville,All year,Sunday,0,3.385,130,6,0
Ahuntsic-Cartierville,All year,Sunday,1,2.908,130,6,0
Ahuntsic-Cartierville,All year,Sunday,2,2.215,130,6,0
Ahuntsic-Cartierville,All year,Sunday,3,1.438,130,6,0
Ahuntsic-Cartierville,All year,Sunday,4,1.077,130,6,0
Ahuntsic-Cartierville,All year,Sunday,5,1.098,132,6,0
Ahuntsic-Cartierville,All year,Sunday,6,1.932,132,6,0
Ahuntsic-Cartierville,All year,Sunday,7,3.659,132,6,0
Ahuntsic-Cartierville,All year,Sunday,8,6.205,132,6,0
Ahuntsic-Cartierville,All year,Sunday,9,9.162,130,6,0
Ahuntsic-Cartierville,All year,Sunday,10,14.592,130,6,0
Ahuntsic-Cartierville,All year,Sunday,11,18.212,132,6,0
Ahuntsic-Cartierville,All year,Sunday,12,18.212,132,6,0
Ahuntsic-Cartierville,All year,Sunday,13,20.138,130,6,0
Ahuntsic-Cartierville,All year,Sunday,14,24.312,128,6,0
Ahuntsic-Cartierville,All year,Sunday,15,25.047,128,6,0
Ahuntsic-Cartierville,All year,Sunday,16,21.297,128,6,0
Ahuntsic-Cartierville,All year,Sunday,17,18.185,130,6,0
Ahuntsic-Cartierville,All year,Sunday,18,12.908,130,6,0
Ahuntsic-Cartierville,All year,Sunday,19,8.914,128,6,0
Ahuntsic-Cartierville,All year,Sunday,20,6.602,128,6,0
Ahuntsic-Cartierville,All year,Sunday,21,5.414,128,6,0
Ahuntsic-Cartierville,All year,Sunday,22,4.468,126,6,0
Ahuntsic-Cartierville,All year,Sunday,23,2.57,114,6,0
All Montréal,All year,Monday,0,2.546,1380,0,0
All Montréal,All year,Monday,1,2.117,1296,0,0
All Montréal,All year,Monday,2,1.254,1401,0,0
All Montréal,All year,Monday,3,0.939,1401,0,0
All Montréal,All year,Monday,4,1.034,1401,0,0
All Montréal,All year,Monday,5,3.115,1401,0,0
All Montréal,All year,Monday,6,7.264,1401,0,0
All Montréal,All year,Monday,7,16.355,1435,0,0
All Montréal,All year,Monday,8,32.695,1398,0,0
All Montréal,All year,Monday,9,19.413,1403,0,0
All Montréal,All year,Monday,10,14.513,1405,0,0
All Montréal,All year,Monday,11,16.503,1367,0,0
All Montréal,All year,Monday,12,21.062,1298,0,0
All Montréal,All year,Monday,13,21.169,1322,0,0
All Montréal,All year,Monday,14,21.508,1322,0,0
All Montréal,All year,Monday,15,27.453,1291,0,0
All Montréal,All year,Monday,16,38.392,1326,0,0
All Montréal,All year,Monday,17,48.75,1363,0,0
All Montréal,All year,Monday,18,34.275,1300,0,0
All Montréal,All year,Monday,19,23.29,1330,0,0
All Montréal,All year,Monday,20,16.995,1331,0,0
All Montréal,All year,Monday,21,13.586,1297,0,0
All Montréal,All year,Monday,22,9.141,1296,0,0
All Montréal,All year,Monday,23,5.56,1270,0,0
All Montréal,All year,Tuesday,0,2.505,1330,1,0
All Montréal,All year,Tuesday,1,1.752,1361,1,0
All Montréal,All year,Tuesday,2,1.154,1327,1,0
All Montréal,All year,Tuesday,3,0.811,1326,1,0
All Montréal,All year,Tuesday,4,0.956,1326,1,0
All Montréal,All year,Tuesday,5,3.523,1326,1,0
All Montréal,All year,Tuesday,6,9.549,1360,1,0
All Montréal,All year,Tuesday,7,23.919,1360,1,0
All Montréal,All year,Tuesday,8,47.706,1357,1,0
All Montréal,All year,Tuesday,9,27.635,1291,1,0
All Montréal,All year,Tuesday,10,17.637,1288,1,0
All Montréal,All year,Tuesday,11,19.308,1302,1,0
All Montréal,All year,Tuesday,12,23.238,1288,1,0
All Montréal,All year,Tuesday,13,24.827,1271,1,0
All Montréal,All year,Tuesday,14,23.073,1298,1,0
All Montréal,All year,Tuesday,15,30.944,1263,1,0
All Montréal,All year,Tuesday,16,47.194,1324,1,0
All Montréal,All year,Tuesday,17,64.282,1332,1,0
All Montréal,All year,Tuesday,18,41.206,1334,1,0
All Montréal,All year,Tuesday,19,27.216,1331,1,0
All Montréal,All year,Tuesday,20,20.066,1400,1,0
All Montréal,All year,Tuesday,21,16.051,1400,1,0
All Montréal,All year,Tuesday,22,11.896,1347,1,0
All Montréal,All year,Tuesday,23,5.922,1391,1,0
All Montréal,All year,Wednesday,0,2.733,1299,2,0
All Montréal,All year,Wednesday,1,1.922,1264,2,0
All Montréal,All year,Wednesday,2,1.172,1297,2,0
All Montréal,All year,Wednesday,3,0.81,1297,2,0
All Montréal,All year,Wednesday,4,0.998,1331,2,0
All Montréal,All year,Wednesday,5,3.455,1331,2,0
All Montréal,All year,Wednesday,6,9.853,1329,2,0
All Montréal,All year,Wednesday,7,24.139,1328,2,0
All Montréal,All year,Wednesday,8,46.965,1325,2,0
All Montréal,All year,Wednesday,9,26.433,1321,2,0
All Montréal,All year,Wednesday,10,17.115,1314,2,0
All Montréal,All year,Wednesday,11,17.41,1256,2,0
All Montréal,All year,Wednesday,12,20.718,1262,2,0
All Montréal,All year,Wednesday,13,21.166,1304,2,0
All Montréal,All year,Wednesday,14,20.127,1299,2,0
All Montréal,All year,Wednesday,15,26.101,1232,2,0
All Montréal,All year,Wednesday,16,40.889,1269,2,0
All Montréal,All year,Wednesday,17,55.414,1272,2,0
All Montréal,All year,Wednesday,18,36.601,1372,2,0
All Montréal,All year,Wednesday,19,26.175,1339,2,0
All Montréal,All year,Wednesday,20,18.742,1371,2,0
All Montréal,All year,Wednesday,21,14.276,1370,2,0
All Montréal,All year,Wednesday,22,11.289,1334,2,0
All Montréal,All year,Wednesday,23,4.827,1325,2,0
All Montréal,All year,Thursday,0,2.679,1363,3,0
All Montréal,All year,Thursday,1,1.975,1299,3,0
All Montréal,All year,Thursday,2,1.143,1334,3,0
All Montréal,All year,Thursday,3,0.786,1334,3,0
All Montréal,All year,Thursday,4,0.926,1334,3,0
All Montréal,All year,Thursday,5,2.771,1334,3,0
All Montréal,All year,Thursday,6,8.253,1334,3,0
All Montréal,All year,Thursday,7,19.84,1335,3,0
All Montréal,All year,Thursday,8,40.816,1332,3,0
All Montréal,All year,Thursday,9,23.304,1286,3,0
All Montréal,All year,Thursday,10,15.628,1264,3,0
All Montréal,All year,Thursday,11,18.086,1228,3,0
All Montréal,All year,Thursday,12,21.766,1228,3,0
All Montréal,All year,Thursday,13,21.688,1266,3,0
All Montréal,All year,Thursday,14,21.433,1269,3,0
All Montréal,All year,Thursday,15,25.815,1235,3,0
All Montréal,All year,Thursday,16,39.001,1255,3,0
All Montréal,All year,Thursday,17,49.903,1220,3,0
All Montréal,All year,Thursday,18,32.073,1292,3,0
All Montréal,All year,Thursday,19,22.261,1291,3,0
All Montréal,All year,Thursday,20,17.572,1260,3,0
All Montréal,All year,Thursday,21,14.976,1247,3,0
All Montréal,All year,Thursday,22,11.949,1224,3,0
All Montréal,All year,Thursday,23,6.705,1159,3,0
All Montréal,All year,Friday,0,3.3,1260,4,0
All Montréal,All year,Friday,1,2.803,1170,4,0
All Montréal,All year,Friday,2,1.612,1205,4,0
All Montréal,All year,Friday,3,1.283,1239,4,0
All Montréal,All year,Friday,4,0.989,1239,4,0
All Montréal,All year,Friday,5,3.009,1239,4,0
All Montréal,All year,Friday,6,6.642,1271,4,0
All Montréal,All year,Friday,7,14.413,1271,4,0
All Montréal,All year,Friday,8,24.597,1305,4,0
All Montréal,All year,Friday,9,17.919,1325,4,0
All Montréal,All year,Friday,10,15.914,1316,4,0
All Montréal,All year,Friday,11,17.453,1343,4,0
All Montréal,All year,Friday,12,23.345,1342,4,0
All Montréal,All year,Friday,13,23.488,1342,4,0
All Montréal,All year,Friday,14,26.187,1311,4,0
All Montréal,All year,Friday,15,30.005,1311,4,0
All Montréal,All year,Friday,16,37.099,1379,4,0
All Montréal,All year,Friday,17,39.526,1377,4,0
All Montréal,All year,Friday,18,30.802,1379,4,0
All Montréal,All year,Friday,19,23.993,1341,4,0
All Montréal,All year,Friday,20,19.188,1312,4,0
All Montréal,All year,Friday,21,15.761,1312,4,0
All Montréal,All year,Friday,22,13.842,1312,4,0
All Montréal,All year,Friday,23,8.244,1305,4,0
All Montréal,All year,Saturday,0,5.544,1409,5,0
All Montréal,All year,Saturday,1,6.083,1308,5,0
All Montréal,All year,Saturday,2,3.98,1342,5,0
All Montréal,All year,Saturday,3,3.115,1375,5,0
All Montréal,All year,Saturday,4,1.529,1375,5,0
All Montréal,All year,Saturday,5,1.595,1374,5,0
All Montréal,All year,Saturday,6,2.732,1372,5,0
All Montréal,All year,Saturday,7,4.816,1407,5,0
All Montréal,All year,Saturday,8,8.243,1405,5,0
All Montréal,All year,Saturday,9,14.016,1405,5,0
All Montréal,All year,Saturday,10,18.848,1410,5,0
All Montréal,All year,Saturday,11,24.026,1409,5,0
All Montréal,All year,Saturday,12,28.017,1413,5,0
All Montréal,All year,Saturday,13,30.821,1413,5,0
All Montréal,All year,Saturday,14,34.08,1414,5,0
All Montréal,All year,Saturday,15,35.865,1380,5,0
All Montréal,All year,Saturday,16,33.808,1413,5,0
All Montréal,All year,Saturday,17,30.003,1413,5,0
All Montréal,All year,Saturday,18,25.949,1343,5,0
All Montréal,All year,Saturday,19,20.664,1379,5,0
All Montréal,All year,Saturday,20,15.817,1413,5,0
All Montréal,All year,Saturday,21,12.89,1413,5,0
All Montréal,All year,Saturday,22,11.66,1346,5,0
All Montréal,All year,Saturday,23,7.519,1374,5,0
All Montréal,All year,Sunday,0,5.688,1392,6,0
All Montréal,All year,Sunday,1,5.192,1368,6,0
All Montréal,All year,Sunday,2,3.858,1367,6,0
All Montréal,All year,Sunday,3,2.902,1366,6,0
All Montréal,All year,Sunday,4,1.478,1367,6,0
All Montréal,All year,Sunday,5,1.445,1401,6,0
All Montréal,All year,Sunday,6,2.162,1402,6,0
All Montréal,All year,Sunday,7,3.876,1403,6,0
All Montréal,All year,Sunday,8,6.416,1403,6,0
All Montréal,All year,Sunday,9,11.278,1368,6,0
All Montréal,All year,Sunday,10,16.82,1368,6,0
All Montréal,All year,Sunday,11,21.43,1402,6,0
All Montréal,All year,Sunday,12,24.711,1401,6,0
All Montréal,All year,Sunday,13,27.568,1369,6,0
All Montréal,All year,Sunday,14,30.697,1335,6,0
All Montréal,All year,Sunday,15,31.749,1335,6,0
All Montréal,All year,Sunday,16,30.236,1335,6,0
All Montréal,All year,Sunday,17,26.213,1366,6,0
All Montréal,All year,Sunday,18,21.414,1366,6,0
All Montréal,All year,Sunday,19,17.536,1332,6,0
All Montréal,All year,Sunday,20,12.226,1333,6,0
All Montréal,All year,Sunday,21,11.236,1332,6,0
All Montréal,All year,Sunday,22,8.591,1297,6,0
All Montréal,All year,Sunday,23,4.822,1231,6,0
Côte-des-Neiges–Notre-Dame-de-Grâce,All year,Monday,0,0.458,72,0,0
Côte-des-Neiges–Notre-Dame-de-Grâce,All year,Monday,1,0.312,64,0,0
Côte-des-Neiges–Notre-Dame-de-Grâce,All year,Monday,2,0.292,72,0,0
Côte-des-Neiges–Notre-Dame-de-Grâce,All year,Monday,3,0.319,72,0,0
Côte-des-Neiges–Notre-Dame-de-Grâce,All year,Monday,4,0.319,72,0,0
Côte-des-Neiges–Notre-Dame-de-Grâce,All year,Monday,5,0.875,72,0,0
Côte-des-Neiges–Notre-Dame-de-Grâce,All year,Monday,6,2.569,72,0,0
Côte-des-Neiges–Notre-Dame-de-Grâce,All year,Monday,7,6.351,74,0,0
Côte-des-Neiges–Notre-Dame-de-Grâce,All year,Monday,8,9.211,71,0,0
Côte-des-Neiges–Notre-Dame-de-Grâce,All year,Monday,9,5.027,73,0,0
Côte-des-Neiges–Notre-Dame-de-Grâce,All year,Monday,10,4.457,70,0,0
Côte-des-Neiges–Notre-Dame-de-Grâce,All year,Monday,11,4.206,68,0,0
Côte-des-Neiges–Notre-Dame-de-Grâce,All year,Monday,12,5.565,62,0,0
Côte-des-Neiges–Notre-Dame-de-Grâce,All year,Monday,13,4.937,63,0,0
Côte-des-Neiges–Notre-Dame-de-Grâce,All year,Monday,14,5.869,61,0,0
Côte-des-Neiges–Notre-Dame-de-Grâce,All year,Monday,15,8.712,59,0,0
Côte-des-Neiges–Notre-Dame-de-Grâce,All year,Monday,16,11.21,62,0,0
Côte-des-Neiges–Notre-Dame-de-Grâce,All year,Monday,17,13.045,67,0,0
Côte-des-Neiges–Notre-Dame-de-Grâce,All year,Monday,18,10.492,63,0,0
Côte-des-Neiges–Notre-Dame-de-Grâce,All year,Monday,19,7.569,65,0,0
Côte-des-Neiges–Notre-Dame-de-Grâce,All year,Monday,20,3.985,65,0,0
Côte-des-Neiges–Notre-Dame-de-Grâce,All year,Monday,21,3.403,62,0,0
Côte-des-Neiges–Notre-Dame-de-Grâce,All year,Monday,22,1.79,62,0,0
Côte-des-Neiges–Notre-Dame-de-Grâce,All year,Monday,23,1.766,64,0,0
Côte-des-Neiges–Notre-Dame-de-Grâce,All year,Tuesday,0,0.465,71,1,0
Côte-des-Neiges–Notre-Dame-de-Grâce,All year,Tuesday,1,0.478,67,1,0
Côte-des-Neiges–Notre-Dame-de-Grâce,All year,Tuesday,2,0.312,64,1,0
Côte-des-Neiges–Notre-Dame-de-Grâce,All year,Tuesday,3,0.156,64,1,0
Côte-des-Neiges–Notre-Dame-de-Grâce,All year,Tuesday,4,0.344,64,1,0
Côte-des-Neiges–Notre-Dame-de-Grâce,All year,Tuesday,5,1.094,64,1,0
Côte-des-Neiges–Notre-Dame-de-Grâce,All year,Tuesday,6,3.418,67,1,0
Côte-des-Neiges–Notre-Dame-de-Grâce,All year,Tuesday,7,10.806,67,1,0
Côte-des-Neiges–Notre-Dame-de-Grâce,All year,Tuesday,8,15.164,67,1,0
Côte-des-Neiges–Notre-Dame-de-Grâce,All year,Tuesday,9,7.677,62,1,0
Côte-des-Neiges–Notre-Dame-de-Grâce,All year,Tuesday,10,4.667,60,1,0
Côte-des-Neiges–Notre-Dame-de-Grâce,All year,Tuesday,11,5.283,60,1,0
Côte-des-Neiges–Notre-Dame-de-Grâce,All year,Tuesday,12,7.629,62,1,0
Côte-des-Neiges–Notre-Dame-de-Grâce,All year,Tuesday,13,7.238,63,1,0
Côte-des-Neiges–Notre-Dame-de-Grâce,All year,Tuesday,14,7.062,64,1,0
Côte-des-Neiges–Notre-Dame-de-Grâce,All year,Tuesday,15,10.383,60,1,0
Côte-des-Neiges–Notre-Dame-de-Grâce,All year,Tuesday,16,17.531,64,1,0
Côte-des-Neiges–Notre-Dame-de-Grâce,All year,Tuesday,17,19.318,66,1,0
Côte-des-Neiges–Notre-Dame-de-Grâce,All year,Tuesday,18,13.537,67,1,0
Côte-des-Neiges–Notre-Dame-de-Grâce,All year,Tuesday,19,7.136,66,1,0
Côte-des-Neiges–Notre-Dame-de-Grâce,All year,Tuesday,20,5.718,71,1,0
Côte-des-Neiges–Notre-Dame-de-Grâce,All year,Tuesday,21,3.606,71,1,0
Côte-des-Neiges–Notre-Dame-de-Grâce,All year,Tuesday,22,2.5,68,1,0
Côte-des-Neiges–Notre-Dame-de-Grâce,All year,Tuesday,23,1.365,74,1,0
Côte-des-Neiges–Notre-Dame-de-Grâce,All year,Wednesday,0,0.556,72,2,0
Côte-des-Neiges–Notre-Dame-de-Grâce,All year,Wednesday,1,0.328,61,2,0
Côte-des-Neiges–Notre-Dame-de-Grâce,All year,Wednesday,2,0.188,64,2,0
Côte-des-Neiges–Notre-Dame-de-Grâce,All year,Wednesday,3,0.25,64,2,0
Côte-des-Neiges–Notre-Dame-de-Grâce,All year,Wednesday,4,0.227,66,2,0
Côte-des-Neiges–Notre-Dame-de-Grâce,All year,Wednesday,5,1.015,66,2,0
Côte-des-Neiges–Notre-Dame-de-Grâce,All year,Wednesday,6,2.697,66,2,0
Côte-des-Neiges–Notre-Dame-de-Grâce,All year,Wednesday,7,6.97,66,2,0
Côte-des-Neiges–Notre-Dame-de-Grâce,All year,Wednesday,8,11.266,64,2,0
Côte-des-Neiges–Notre-Dame-de-Grâce,All year,Wednesday,9,6.203,64,2,0
Côte-des-Neiges–Notre-Dame-de-Grâce,All year,Wednesday,10,4.492,63,2,0
Côte-des-Neiges–Notre-Dame-de-Grâce,All year,Wednesday,11,4.138,58,2,0
Côte-des-Neiges–Notre-Dame-de-Grâce,All year,Wednesday,12,4.339,59,2,0
Côte-des-Neiges–Notre-Dame-de-Grâce,All year,Wednesday,13,3.968,62,2,0
Côte-des-Neiges–Notre-Dame-de-Grâce,All year,Wednesday,14,3.885,61,2,0
Côte-des-Neiges–Notre-Dame-de-Grâce,All year,Wednesday,15,4.821,56,2,0
Côte-des-Neiges–Notre-Dame-de-Grâce,All year,Wednesday,16,8.069,58,2,0
Côte-des-Neiges–Notre-Dame-de-Grâce,All year,Wednesday,17,10.7,60,2,0
Côte-des-Neiges–Notre-Dame-de-Grâce,All year,Wednesday,18,8.761,67,2,0
Côte-des-Neiges–Notre-Dame-de-Grâce,All year,Wednesday,19,6.292,65,2,0
Côte-des-Neiges–Notre-Dame-de-Grâce,All year,Wednesday,20,4.106,66,2,0
Côte-des-Neiges–Notre-Dame-de-Grâce,All year,Wednesday,21,2.288,66,2,0
Côte-des-Neiges–Notre-Dame-de-Grâce,All year,Wednesday,22,1.708,65,2,0
Côte-des-Neiges–Notre-Dame-de-Grâce,All year,Wednesday,23,1.209,67,2,0
Côte-des-Neiges–Notre-Dame-de-Grâce,All year,Thursday,0,0.571,70,3,0
Côte-des-Neiges–Notre-Dame-de-Grâce,All year,Thursday,1,0.328,61,3,0
Côte-des-Neiges–Notre-Dame-de-Grâce,All year,Thursday,2,0.172,64,3,0
Côte-des-Neiges–Notre-Dame-de-Grâce,All year,Thursday,3,0.25,64,3,0
Côte-des-Neiges–Notre-Dame-de-Grâce,All year,Thursday,4,0.203,64,3,0
Côte-des-Neiges–Notre-Dame-de-Grâce,All year,Thursday,5,0.703,64,3,0
Côte-des-Neiges–Notre-Dame-de-Grâce,All year,Thursday,6,2.094,64,3,0
Côte-des-Neiges–Notre-Dame-de-Grâce,All year,Thursday,7,6.75,64,3,0
Côte-des-Neiges–Notre-Dame-de-Grâce,All year,Thursday,8,11.016,64,3,0
Côte-des-Neiges–Notre-Dame-de-Grâce,All year,Thursday,9,5.694,62,3,0
Côte-des-Neiges–Notre-Dame-de-Grâce,All year,Thursday,10,4.267,60,3,0
Côte-des-Neiges–Notre-Dame-de-Grâce,All year,Thursday,11,4.931,58,3,0
Côte-des-Neiges–Notre-Dame-de-Grâce,All year,Thursday,12,5.828,58,3,0
Côte-des-Neiges–Notre-Dame-de-Grâce,All year,Thursday,13,6.0,60,3,0
Côte-des-Neiges–Notre-Dame-de-Grâce,All year,Thursday,14,5.95,60,3,0
Côte-des-Neiges–Notre-Dame-de-Grâce,All year,Thursday,15,6.947,57,3,0
Côte-des-Neiges–Notre-Dame-de-Grâce,All year,Thursday,16,11.097,62,3,0
Côte-des-Neiges–Notre-Dame-de-Grâce,All year,Thursday,17,12.867,60,3,0
Côte-des-Neiges–Notre-Dame-de-Grâce,All year,Thursday,18,9.262,65,3,0
Côte-des-Neiges–Notre-Dame-de-Grâce,All year,Thursday,19,6.172,64,3,0
Côte-des-Neiges–Notre-Dame-de-Grâce,All year,Thursday,20,4.619,63,3,0
Côte-des-Neiges–Notre-Dame-de-Grâce,All year,Thursday,21,3.27,63,3,0
Côte-des-Neiges–Notre-Dame-de-Grâce,All year,Thursday,22,1.933,60,3,0
Côte-des-Neiges–Notre-Dame-de-Grâce,All year,Thursday,23,1.397,63,3,0
Côte-des-Neiges–Notre-Dame-de-Grâce,All year,Friday,0,0.844,64,4,0
Côte-des-Neiges–Notre-Dame-de-Grâce,All year,Friday,1,0.569,58,4,0
Côte-des-Neiges–Notre-Dame-de-Grâce,All year,Friday,2,0.328,61,4,0
Côte-des-Neiges–Notre-Dame-de-Grâce,All year,Friday,3,0.266,64,4,0
Côte-des-Neiges–Notre-Dame-de-Grâce,All year,Friday,4,0.25,64,4,0
Côte-des-Neiges–Notre-Dame-de-Grâce,All year,Friday,5,0.984,64,4,0
Côte-des-Neiges–Notre-Dame-de-Grâce,All year,Friday,6,2.485,66,4,0
Côte-des-Neiges–Notre-Dame-de-Grâce,All year,Friday,7,6.924,66,4,0
Côte-des-Neiges–Notre-Dame-de-Grâce,All year,Friday,8,10.206,68,4,0
Côte-des-Neiges–Notre-Dame-de-Grâce,All year,Friday,9,6.441,68,4,0
Côte-des-Neiges–Notre-Dame-de-Grâce,All year,Friday,10,5.373,67,4,0
Côte-des-Neiges–Notre-Dame-de-Grâce,All year,Friday,11,5.603,68,4,0
Côte-des-Neiges–Notre-Dame-de-Grâce,All year,Friday,12,7.544,68,4,0
Côte-des-Neiges–Notre-Dame-de-Grâce,All year,Friday,13,6.118,68,4,0
Côte-des-Neiges–Notre-Dame-de-Grâce,All year,Friday,14,7.262,65,4,0
Côte-des-Neiges–Notre-Dame-de-Grâce,All year,Friday,15,8.585,65,4,0
Côte-des-Neiges–Notre-Dame-de-Grâce,All year,Friday,16,12.714,70,4,0
Côte-des-Neiges–Notre-Dame-de-Grâce,All year,Friday,17,12.043,70,4,0
Côte-des-Neiges–Notre-Dame-de-Grâce,All year,Friday,18,8.4,70,4,0
Côte-des-Neiges–Notre-Dame-de-Grâce,All year,Friday,19,5.559,68,4,0
Côte-des-Neiges–Notre-Dame-de-Grâce,All year,Friday,20,4.431,65,4,0
Côte-des-Neiges–Notre-Dame-de-Grâce,All year,Friday,21,3.154,65,4,0
Côte-des-Neiges–Notre-Dame-de-Grâce,All year,Friday,22,2.677,65,4,0
Côte-des-Neiges–Notre-Dame-de-Grâce,All year,Friday,23,1.535,71,4,0
Côte-des-Neiges–Notre-Dame-de-Grâce,All year,Saturday,0,1.123,73,5,0
Côte-des-Neiges–Notre-Dame-de-Grâce,All year,Saturday,1,0.909,66,5,0
Côte-des-Neiges–Notre-Dame-de-Grâce,All year,Saturday,2,0.485,68,5,0
Côte-des-Neiges–Notre-Dame-de-Grâce,All year,Saturday,3,0.414,70,5,0
Côte-des-Neiges–Notre-Dame-de-Grâce,All year,Saturday,4,0.3,70,5,0
Côte-des-Neiges–Notre-Dame-de-Grâce,All year,Saturday,5,0.529,70,5,0
Côte-des-Neiges–Notre-Dame-de-Grâce,All year,Saturday,6,1.229,70,5,0
Côte-des-Neiges–Notre-Dame-de-Grâce,All year,Saturday,7,2.027,73,5,0
Côte-des-Neiges–Notre-Dame-de-Grâce,All year,Saturday,8,3.233,73,5,0
Côte-des-Neiges–Notre-Dame-de-Grâce,All year,Saturday,9,5.589,73,5,0
Côte-des-Neiges–Notre-Dame-de-Grâce,All year,Saturday,10,6.685,73,5,0
Côte-des-Neiges–Notre-Dame-de-Grâce,All year,Saturday,11,8.301,73,5,0
Côte-des-Neiges–Notre-Dame-de-Grâce,All year,Saturday,12,9.164,73,5,0
Côte-des-Neiges–Notre-Dame-de-Grâce,All year,Saturday,13,9.781,73,5,0
Côte-des-Neiges–Notre-Dame-de-Grâce,All year,Saturday,14,10.671,73,5,0
Côte-des-Neiges–Notre-Dame-de-Grâce,All year,Saturday,15,10.859,71,5,0
Côte-des-Neiges–Notre-Dame-de-Grâce,All year,Saturday,16,10.068,73,5,0
Côte-des-Neiges–Notre-Dame-de-Grâce,All year,Saturday,17,8.041,73,5,0
Côte-des-Neiges–Notre-Dame-de-Grâce,All year,Saturday,18,6.179,67,5,0
Côte-des-Neiges–Notre-Dame-de-Grâce,All year,Saturday,19,5.071,70,5,0
Côte-des-Neiges–Notre-Dame-de-Grâce,All year,Saturday,20,3.822,73,5,0
Côte-des-Neiges–Notre-Dame-de-Grâce,All year,Saturday,21,2.808,73,5,0
Côte-des-Neiges–Notre-Dame-de-Grâce,All year,Saturday,22,2.676,68,5,0
Côte-des-Neiges–Notre-Dame-de-Grâce,All year,Saturday,23,1.685,73,5,0
Côte-des-Neiges–Notre-Dame-de-Grâce,All year,Sunday,0,1.164,73,6,0
Côte-des-Neiges–Notre-Dame-de-Grâce,All year,Sunday,1,0.87,69,6,0
Côte-des-Neiges–Notre-Dame-de-Grâce,All year,Sunday,2,0.493,69,6,0
Côte-des-Neiges–Notre-Dame-de-Grâce,All year,Sunday,3,0.319,69,6,0
Côte-des-Neiges–Notre-Dame-de-Grâce,All year,Sunday,4,0.232,69,6,0
Côte-des-Neiges–Notre-Dame-de-Grâce,All year,Sunday,5,0.236,72,6,0
Côte-des-Neiges–Notre-Dame-de-Grâce,All year,Sunday,6,0.903,72,6,0
Côte-des-Neiges–Notre-Dame-de-Grâce,All year,Sunday,7,1.694,72,6,0
Côte-des-Neiges–Notre-Dame-de-Grâce,All year,Sunday,8,2.208,72,6,0
Côte-des-Neiges–Notre-Dame-de-Grâce,All year,Sunday,9,4.029,69,6,0
Côte-des-Neiges–Notre-Dame-de-Grâce,All year,Sunday,10,5.623,69,6,0
Côte-des-Neiges–Notre-Dame-de-Grâce,All year,Sunday,11,6.528,72,6,0
Côte-des-Neiges–Notre-Dame-de-Grâce,All year,Sunday,12,7.222,72,6,0
Côte-des-Neiges–Notre-Dame-de-Grâce,All year,Sunday,13,8.043,69,6,0
Côte-des-Neiges–Notre-Dame-de-Grâce,All year,Sunday,14,8.106,66,6,0
Côte-des-Neiges–Notre-Dame-de-Grâce,All year,Sunday,15,8.182,66,6,0
Côte-des-Neiges–Notre-Dame-de-Grâce,All year,Sunday,16,8.045,66,6,0
Côte-des-Neiges–Notre-Dame-de-Grâce,All year,Sunday,17,7.145,69,6,0
Côte-des-Neiges–Notre-Dame-de-Grâce,All year,Sunday,18,4.957,69,6,0
Côte-des-Neiges–Notre-Dame-de-Grâce,All year,Sunday,19,4.985,66,6,0
Côte-des-Neiges–Notre-Dame-de-Grâce,All year,Sunday,20,2.701,67,6,0
Côte-des-Neiges–Notre-Dame-de-Grâce,All year,Sunday,21,2.53,66,6,0
Côte-des-Neiges–Notre-Dame-de-Grâce,All year,Sunday,22,1.81,63,6,0
Côte-des-Neiges–Notre-Dame-de-Grâce,All year,Sunday,23,0.806,67,6,0
Lachine,All year,Monday,0,0.2,30,0,0
Lachine,All year,Monday,1,0.111,27,0,0
Lachine,All year,Monday,2,0.0,30,0,0
Lachine,All year,Monday,3,0.033,30,0,0
Lachine,All year,Monday,4,0.033,30,0,0
Lachine,All year,Monday,5,0.533,30,0,0
Lachine,All year,Monday,6,1.067,30,0,0
Lachine,All year,Monday,7,2.161,31,0,0
Lachine,All year,Monday,8,1.567,30,0,0
Lachine,All year,Monday,9,1.333,30,0,0
Lachine,All year,Monday,10,2.0,30,0,0
Lachine,All year,Monday,11,2.138,29,0,0
Lachine,All year,Monday,12,3.926,27,0,0
Lachine,All year,Monday,13,3.0,27,0,0
Lachine,All year,Monday,14,2.815,27,0,0
Lachine,All year,Monday,15,5.731,26,0,0
Lachine,All year,Monday,16,5.0,27,0,0
Lachine,All year,Monday,17,4.5,28,0,0
Lachine,All year,Monday,18,2.885,26,0,0
Lachine,All year,Monday,19,2.741,27,0,0
Lachine,All year,Monday,20,1.222,27,0,0
Lachine,All year,Monday,21,0.962,26,0,0
Lachine,All year,Monday,22,0.231,26,0,0
Lachine,All year,Monday,23,0.111,27,0,0
Lachine,All year,Tuesday,0,0.0,29,1,0
Lachine,All year,Tuesday,1,0.071,28,1,0
Lachine,All year,Tuesday,2,0.037,27,1,0
Lachine,All year,Tuesday,3,0.0,27,1,0
Lachine,All year,Tuesday,4,0.111,27,1,0
Lachine,All year,Tuesday,5,0.519,27,1,0
Lachine,All year,Tuesday,6,1.643,28,1,0
Lachine,All year,Tuesday,7,2.786,28,1,0
Lachine,All year,Tuesday,8,2.643,28,1,0
Lachine,All year,Tuesday,9,2.885,26,1,0
Lachine,All year,Tuesday,10,2.654,26,1,0
Lachine,All year,Tuesday,11,3.308,26,1,0
Lachine,All year,Tuesday,12,4.192,26,1,0
Lachine,All year,Tuesday,13,3.5,26,1,0
Lachine,All year,Tuesday,14,3.462,26,1,0
Lachine,All year,Tuesday,15,3.76,25,1,0
Lachine,All year,Tuesday,16,4.852,27,1,0
Lachine,All year,Tuesday,17,4.37,27,1,0
Lachine,All year,Tuesday,18,3.852,27,1,0
Lachine,All year,Tuesday,19,2.815,27,1,0
Lachine,All year,Tuesday,20,2.138,29,1,0
Lachine,All year,Tuesday,21,1.241,29,1,0
Lachine,All year,Tuesday,22,0.481,27,1,0
Lachine,All year,Tuesday,23,0.233,30,1,0
Lachine,All year,Wednesday,0,0.069,29,2,0
Lachine,All year,Wednesday,1,0.0,25,2,0
Lachine,All year,Wednesday,2,0.038,26,2,0
Lachine,All year,Wednesday,3,0.0,26,2,0
Lachine,All year,Wednesday,4,0.111,27,2,0
Lachine,All year,Wednesday,5,0.333,27,2,0
Lachine,All year,Wednesday,6,1.556,27,2,0
Lachine,All year,Wednesday,7,2.667,27,2,0
Lachine,All year,Wednesday,8,2.704,27,2,0
Lachine,All year,Wednesday,9,1.778,27,2,0
Lachine,All year,Wednesday,10,2.154,26,2,0
Lachine,All year,Wednesday,11,1.8,25,2,0
Lachine,All year,Wednesday,12,2.64,25,2,0
Lachine,All year,Wednesday,13,2.577,26,2,0
Lachine,All year,Wednesday,14,2.192,26,2,0
Lachine,All year,Wednesday,15,2.333,24,2,0
Lachine,All year,Wednesday,16,2.6,25,2,0
Lachine,All year,Wednesday,17,3.48,25,2,0
Lachine,All year,Wednesday,18,2.714,28,2,0
Lachine,All year,Wednesday,19,1.926,27,2,0
Lachine,All year,Wednesday,20,1.0,28,2,0
Lachine,All year,Wednesday,21,0.786,28,2,0
Lachine,All year,Wednesday,22,0.148,27,2,0
Lachine,All year,Wednesday,23,0.143,28,2,0
Lachine,All year,Thursday,0,0.069,29,3,0
Lachine,All year,Thursday,1,0.0,26,3,0
Lachine,All year,Thursday,2,0.074,27,3,0
Lachine,All year,Thursday,3,0.0,27,3,0
Lachine,All year,Thursday,4,0.148,27,3,0
Lachine,All year,Thursday,5,0.407,27,3,0
Lachine,All year,Thursday,6,1.667,27,3,0
Lachine,All year,Thursday,7,2.111,27,3,0
Lachine,All year,Thursday,8,2.185,27,3,0
Lachine,All year,Thursday,9,2.077,26,3,0
Lachine,All year,Thursday,10,1.84,25,3,0
Lachine,All year,Thursday,11,2.583,24,3,0
Lachine,All year,Thursday,12,3.5,24,3,0
Lachine,All year,Thursday,13,3.76,25,3,0
Lachine,All year,Thursday,14,3.68,25,3,0
Lachine,All year,Thursday,15,3.75,24,3,0
Lachine,All year,Thursday,16,3.654,26,3,0
Lachine,All year,Thursday,17,3.76,25,3,0
Lachine,All year,Thursday,18,3.0,27,3,0
Lachine,All year,Thursday,19,1.741,27,3,0
Lachine,All year,Thursday,20,0.962,26,3,0
Lachine,All year,Thursday,21,1.08,25,3,0
Lachine,All year,Thursday,22,0.16,25,3,0
Lachine,All year,Thursday,23,0.077,26,3,0
Lachine,All year,Friday,0,0.077,26,4,0
Lachine,All year,Friday,1,0.0,24,4,0
Lachine,All year,Friday,2,0.08,25,4,0
Lachine,All year,Friday,3,0.038,26,4,0
Lachine,All year,Friday,4,0.038,26,4,0
Lachine,All year,Friday,5,0.231,26,4,0
Lachine,All year,Friday,6,1.333,27,4,0
Lachine,All year,Friday,7,2.222,27,4,0
Lachine,All year,Friday,8,2.429,28,4,0
Lachine,All year,Friday,9,2.571,28,4,0
Lachine,All year,Friday,10,1.857,28,4,0
Lachine,All year,Friday,11,2.786,28,4,0
Lachine,All year,Friday,12,3.857,28,4,0
Lachine,All year,Friday,13,3.75,28,4,0
Lachine,All year,Friday,14,3.741,27,4,0
Lachine,All year,Friday,15,4.815,27,4,0
Lachine,All year,Friday,16,5.448,29,4,0
Lachine,All year,Friday,17,4.793,29,4,0
Lachine,All year,Friday,18,3.138,29,4,0
Lachine,All year,Friday,19,2.5,28,4,0
Lachine,All year,Friday,20,1.852,27,4,0
Lachine,All year,Friday,21,1.0,27,4,0
Lachine,All year,Friday,22,0.963,27,4,0
Lachine,All year,Friday,23,0.31,29,4,0
Lachine,All year,Saturday,0,0.167,30,5,0
Lachine,All year,Saturday,1,0.074,27,5,0
Lachine,All year,Saturday,2,0.036,28,5,0
Lachine,All year,Saturday,3,0.0,29,5,0
Lachine,All year,Saturday,4,0.103,29,5,0
Lachine,All year,Saturday,5,0.138,29,5,0
Lachine,All year,Saturday,6,0.31,29,5,0
Lachine,All year,Saturday,7,1.3,30,5,0
Lachine,All year,Saturday,8,2.433,30,5,0
Lachine,All year,Saturday,9,2.733,30,5,0
Lachine,All year,Saturday,10,3.033,30,5,0
Lachine,All year,Saturday,11,4.333,30,5,0
Lachine,All year,Saturday,12,5.467,30,5,0
Lachine,All year,Saturday,13,5.533,30,5,0
Lachine,All year,Saturday,14,5.267,30,5,0
Lachine,All year,Saturday,15,5.621,29,5,0
Lachine,All year,Saturday,16,5.467,30,5,0
Lachine,All year,Saturday,17,3.367,30,5,0
Lachine,All year,Saturday,18,2.0,28,5,0
Lachine,All year,Saturday,19,2.034,29,5,0
Lachine,All year,Saturday,20,1.633,30,5,0
Lachine,All year,Saturday,21,1.033,30,5,0
Lachine,All year,Saturday,22,0.429,28,5,0
Lachine,All year,Saturday,23,0.2,30,5,0
Lachine,All year,Sunday,0,0.233,30,6,0
Lachine,All year,Sunday,1,0.103,29,6,0
Lachine,All year,Sunday,2,0.103,29,6,0
Lachine,All year,Sunday,3,0.034,29,6,0
Lachine,All year,Sunday,4,0.034,29,6,0
Lachine,All year,Sunday,5,0.2,30,6,0
Lachine,All year,Sunday,6,0.233,30,6,0
Lachine,All year,Sunday,7,0.833,30,6,0
Lachine,All year,Sunday,8,1.233,30,6,0
Lachine,All year,Sunday,9,2.241,29,6,0
Lachine,All year,Sunday,10,2.552,29,6,0
Lachine,All year,Sunday,11,3.3,30,6,0
Lachine,All year,Sunday,12,4.2,30,6,0
Lachine,All year,Sunday,13,5.241,29,6,0
Lachine,All year,Sunday,14,4.893,28,6,0
Lachine,All year,Sunday,15,4.786,28,6,0
Lachine,All year,Sunday,16,3.75,28,6,0
Lachine,All year,Sunday,17,3.897,29,6,0
Lachine,All year,Sunday,18,2.379,29,6,0
Lachine,All year,Sunday,19,2.25,28,6,0
Lachine,All year,Sunday,20,1.214,28,6,0
Lachine,All year,Sunday,21,0.607,28,6,0
Lachine,All year,Sunday,22,0.63,27,6,0
Lachine,All year,Sunday,23,0.036,28,6,0
Le Plateau-Mont-Royal,All year,Monday,0,9.643,28,0,0
Le Plateau-Mont-Royal,All year,Monday,1,5.76,25,0,0
Le Plateau-Mont-Royal,All year,Monday,2,4.0,28,0,0
Le Plateau-Mont-Royal,All year,Monday,3,2.679,28,0,0
Le Plateau-Mont-Royal,All year,Monday,4,2.786,28,0,0
Le Plateau-Mont-Royal,All year,Monday,5,7.714,28,0,0
Le Plateau-Mont-Royal,All year,Monday,6,22.464,28,0,0
Le Plateau-Mont-Royal,All year,Monday,7,66.069,29,0,0
Le Plateau-Mont-Royal,All year,Monday,8,134.071,28,0,0
Le Plateau-Mont-Royal,All year,Monday,9,67.179,28,0,0
Le Plateau-Mont-Royal,All year,Monday,10,43.857,28,0,0
Le Plateau-Mont-Royal,All year,Monday,11,49.63,27,0,0
Le Plateau-Mont-Royal,All year,Monday,12,66.76,25,0,0
Le Plateau-Mont-Royal,All year,Monday,13,63.48,25,0,0
Le Plateau-Mont-Royal,All year,Monday,14,62.4,25,0,0
Le Plateau-Mont-Royal,All year,Monday,15,84.042,24,0,0
Le Plateau-Mont-Royal,All year,Monday,16,118.667,24,0,0
Le Plateau-Mont-Royal,All year,Monday,17,160.692,26,0,0
Le Plateau-Mont-Royal,All year,Monday,18,111.667,24,0,0
Le Plateau-Mont-Royal,All year,Monday,19,77.96,25,0,0
Le Plateau-Mont-Royal,All year,Monday,20,46.52,25,0,0
Le Plateau-Mont-Royal,All year,Monday,21,39.333,24,0,0
Le Plateau-Mont-Royal,All year,Monday,22,24.792,24,0,0
Le Plateau-Mont-Royal,All year,Monday,23,25.6,25,0,0
Le Plateau-Mont-Royal,All year,Tuesday,0,10.815,27,1,0
Le Plateau-Mont-Royal,All year,Tuesday,1,5.192,26,1,0
Le Plateau-Mont-Royal,All year,Tuesday,2,3.96,25,1,0
Le Plateau-Mont-Royal,All year,Tuesday,3,2.8,25,1,0
Le Plateau-Mont-Royal,All year,Tuesday,4,3.4,25,1,0
Le Plateau-Mont-Royal,All year,Tuesday,5,9.08,25,1,0
Le Plateau-Mont-Royal,All year,Tuesday,6,33.731,26,1,0
Le Plateau-Mont-Royal,All year,Tuesday,7,98.808,26,1,0
Le Plateau-Mont-Royal,All year,Tuesday,8,168.269,26,1,0
Le Plateau-Mont-Royal,All year,Tuesday,9,94.042,24,1,0
Le Plateau-Mont-Royal,All year,Tuesday,10,62.167,24,1,0
Le Plateau-Mont-Royal,All year,Tuesday,11,70.458,24,1,0
Le Plateau-Mont-Royal,All year,Tuesday,12,82.417,24,1,0
Le Plateau-Mont-Royal,All year,Tuesday,13,83.542,24,1,0
Le Plateau-Mont-Royal,All year,Tuesday,14,59.84,25,1,0
Le Plateau-Mont-Royal,All year,Tuesday,15,98.292,24,1,0
Le Plateau-Mont-Royal,All year,Tuesday,16,152.577,26,1,0
Le Plateau-Mont-Royal,All year,Tuesday,17,193.654,26,1,0
Le Plateau-Mont-Royal,All year,Tuesday,18,147.423,26,1,0
Le Plateau-Mont-Royal,All year,Tuesday,19,93.154,26,1,0
Le Plateau-Mont-Royal,All year,Tuesday,20,71.107,28,1,0
Le Plateau-Mont-Royal,All year,Tuesday,21,60.679,28,1,0
Le Plateau-Mont-Royal,All year,Tuesday,22,53.444,27,1,0
Le Plateau-Mont-Royal,All year,Tuesday,23,29.655,29,1,0
Le Plateau-Mont-Royal,All year,Wednesday,0,12.714,28,2,0
Le Plateau-Mont-Royal,All year,Wednesday,1,5.125,24,2,0
Le Plateau-Mont-Royal,All year,Wednesday,2,2.4,25,2,0
Le Plateau-Mont-Royal,All year,Wednesday,3,2.04,25,2,0
Le Plateau-Mont-Royal,All year,Wednesday,4,2.654,26,2,0
Le Plateau-Mont-Royal,All year,Wednesday,5,9.115,26,2,0
Le Plateau-Mont-Royal,All year,Wednesday,6,26.462,26,2,0
Le Plateau-Mont-Royal,All year,Wednesday,7,79.5,26,2,0
Le Plateau-Mont-Royal,All year,Wednesday,8,124.692,26,2,0
Le Plateau-Mont-Royal,All year,Wednesday,9,69.538,26,2,0
Le Plateau-Mont-Royal,All year,Wednesday,10,43.4,25,2,0
Le Plateau-Mont-Royal,All year,Wednesday,11,37.174,23,2,0
Le Plateau-Mont-Royal,All year,Wednesday,12,42.478,23,2,0
Le Plateau-Mont-Royal,All year,Wednesday,13,42.16,25,2,0
Le Plateau-Mont-Royal,All year,Wednesday,14,36.0,24,2,0
Le Plateau-Mont-Royal,All year,Wednesday,15,54.913,23,2,0
Le Plateau-Mont-Royal,All year,Wednesday,16,91.75,24,2,0
Le Plateau-Mont-Royal,All year,Wednesday,17,124.391,23,2,0
Le Plateau-Mont-Royal,All year,Wednesday,18,90.308,26,2,0
Le Plateau-Mont-Royal,All year,Wednesday,19,64.92,25,2,0
Le Plateau-Mont-Royal,All year,Wednesday,20,44.923,26,2,0
Le Plateau-Mont-Royal,All year,Wednesday,21,36.0,26,2,0
Le Plateau-Mont-Royal,All year,Wednesday,22,32.08,25,2,0
Le Plateau-Mont-Royal,All year,Wednesday,23,21.808,26,2,0
Le Plateau-Mont-Royal,All year,Thursday,0,10.593,27,3,0
Le Plateau-Mont-Royal,All year,Thursday,1,6.167,24,3,0
Le Plateau-Mont-Royal,All year,Thursday,2,3.76,25,3,0
Le Plateau-Mont-Royal,All year,Thursday,3,2.2,25,3,0
Le Plateau-Mont-Royal,All year,Thursday,4,2.84,25,3,0
Le Plateau-Mont-Royal,All year,Thursday,5,6.12,25,3,0
Le Plateau-Mont-Royal,All year,Thursday,6,23.76,25,3,0
Le Plateau-Mont-Royal,All year,Thursday,7,68.52,25,3,0
Le Plateau-Mont-Royal,All year,Thursday,8,129.32,25,3,0
Le Plateau-Mont-Royal,All year,Thursday,9,67.542,24,3,0
Le Plateau-Mont-Royal,All year,Thursday,10,42.045,22,3,0
Le Plateau-Mont-Royal,All year,Thursday,11,48.905,21,3,0
Le Plateau-Mont-Royal,All year,Thursday,12,56.238,21,3,0
Le Plateau-Mont-Royal,All year,Thursday,13,59.273,22,3,0
Le Plateau-Mont-Royal,All year,Thursday,14,45.136,22,3,0
Le Plateau-Mont-Royal,All year,Thursday,15,54.667,21,3,0
Le Plateau-Mont-Royal,All year,Thursday,16,93.227,22,3,0
Le Plateau-Mont-Royal,All year,Thursday,17,118.81,21,3,0
Le Plateau-Mont-Royal,All year,Thursday,18,83.667,24,3,0
Le Plateau-Mont-Royal,All year,Thursday,19,63.333,24,3,0
Le Plateau-Mont-Royal,All year,Thursday,20,50.348,23,3,0
Le Plateau-Mont-Royal,All year,Thursday,21,39.913,23,3,0
Le Plateau-Mont-Royal,All year,Thursday,22,33.409,22,3,0
Le Plateau-Mont-Royal,All year,Thursday,23,23.174,23,3,0
Le Plateau-Mont-Royal,All year,Friday,0,13.875,24,4,0
Le Plateau-Mont-Royal,All year,Friday,1,7.857,21,4,0
Le Plateau-Mont-Royal,All year,Friday,2,5.727,22,4,0
Le Plateau-Mont-Royal,All year,Friday,3,2.957,23,4,0
Le Plateau-Mont-Royal,All year,Friday,4,2.957,23,4,0
Le Plateau-Mont-Royal,All year,Friday,5,7.174,23,4,0
Le Plateau-Mont-Royal,All year,Friday,6,19.625,24,4,0
Le Plateau-Mont-Royal,All year,Friday,7,59.792,24,4,0
Le Plateau-Mont-Royal,All year,Friday,8,97.72,25,4,0
Le Plateau-Mont-Royal,All year,Friday,9,64.615,26,4,0
Le Plateau-Mont-Royal,All year,Friday,10,55.0,26,4,0
Le Plateau-Mont-Royal,All year,Friday,11,51.231,26,4,0
Le Plateau-Mont-Royal,All year,Friday,12,69.423,26,4,0
Le Plateau-Mont-Royal,All year,Friday,13,67.577,26,4,0
Le Plateau-Mont-Royal,All year,Friday,14,69.8,25,4,0
Le Plateau-Mont-Royal,All year,Friday,15,89.76,25,4,0
Le Plateau-Mont-Royal,All year,Friday,16,119.667,27,4,0
Le Plateau-Mont-Royal,All year,Friday,17,125.185,27,4,0
Le Plateau-Mont-Royal,All year,Friday,18,97.667,27,4,0
Le Plateau-Mont-Royal,All year,Friday,19,70.885,26,4,0
Le Plateau-Mont-Royal,All year,Friday,20,54.8,25,4,0
Le Plateau-Mont-Royal,All year,Friday,21,46.56,25,4,0
Le Plateau-Mont-Royal,All year,Friday,22,51.96,25,4,0
Le Plateau-Mont-Royal,All year,Friday,23,40.778,27,4,0
Le Plateau-Mont-Royal,All year,Saturday,0,32.107,28,5,0
Le Plateau-Mont-Royal,All year,Saturday,1,25.24,25,5,0
Le Plateau-Mont-Royal,All year,Saturday,2,16.462,26,5,0
Le Plateau-Mont-Royal,All year,Saturday,3,11.963,27,5,0
Le Plateau-Mont-Royal,All year,Saturday,4,6.037,27,5,0
Le Plateau-Mont-Royal,All year,Saturday,5,4.148,27,5,0
Le Plateau-Mont-Royal,All year,Saturday,6,8.63,27,5,0
Le Plateau-Mont-Royal,All year,Saturday,7,16.964,28,5,0
Le Plateau-Mont-Royal,All year,Saturday,8,33.643,28,5,0
Le Plateau-Mont-Royal,All year,Saturday,9,61.643,28,5,0
Le Plateau-Mont-Royal,All year,Saturday,10,81.071,28,5,0
Le Plateau-Mont-Royal,All year,Saturday,11,97.714,28,5,0
Le Plateau-Mont-Royal,All year,Saturday,12,109.786,28,5,0
Le Plateau-Mont-Royal,All year,Saturday,13,120.714,28,5,0
Le Plateau-Mont-Royal,All year,Saturday,14,128.107,28,5,0
Le Plateau-Mont-Royal,All year,Saturday,15,136.481,27,5,0
Le Plateau-Mont-Royal,All year,Saturday,16,121.5,28,5,0
Le Plateau-Mont-Royal,All year,Saturday,17,108.857,28,5,0
Le Plateau-Mont-Royal,All year,Saturday,18,85.346,26,5,0
Le Plateau-Mont-Royal,All year,Saturday,19,68.296,27,5,0
Le Plateau-Mont-Royal,All year,Saturday,20,48.857,28,5,0
Le Plateau-Mont-Royal,All year,Saturday,21,38.786,28,5,0
Le Plateau-Mont-Royal,All year,Saturday,22,40.615,26,5,0
Le Plateau-Mont-Royal,All year,Saturday,23,41.5,28,5,0
Le Plateau-Mont-Royal,All year,Sunday,0,35.75,28,6,0
Le Plateau-Mont-Royal,All year,Sunday,1,21.481,27,6,0
Le Plateau-Mont-Royal,All year,Sunday,2,15.074,27,6,0
Le Plateau-Mont-Royal,All year,Sunday,3,10.037,27,6,0
Le Plateau-Mont-Royal,All year,Sunday,4,5.296,27,6,0
Le Plateau-Mont-Royal,All year,Sunday,5,4.143,28,6,0
Le Plateau-Mont-Royal,All year,Sunday,6,6.929,28,6,0
Le Plateau-Mont-Royal,All year,Sunday,7,12.786,28,6,0
Le Plateau-Mont-Royal,All year,Sunday,8,23.679,28,6,0
Le Plateau-Mont-Royal,All year,Sunday,9,43.37,27,6,0
Le Plateau-Mont-Royal,All year,Sunday,10,62.704,27,6,0
Le Plateau-Mont-Royal,All year,Sunday,11,82.0,28,6,0
Le Plateau-Mont-Royal,All year,Sunday,12,84.429,28,6,0
Le Plateau-Mont-Royal,All year,Sunday,13,94.889,27,6,0
Le Plateau-Mont-Royal,All year,Sunday,14,98.692,26,6,0
Le Plateau-Mont-Royal,All year,Sunday,15,98.654,26,6,0
Le Plateau-Mont-Royal,All year,Sunday,16,94.654,26,6,0
Le Plateau-Mont-Royal,All year,Sunday,17,80.444,27,6,0
Le Plateau-Mont-Royal,All year,Sunday,18,64.593,27,6,0
Le Plateau-Mont-Royal,All year,Sunday,19,49.846,26,6,0
Le Plateau-Mont-Royal,All year,Sunday,20,30.769,26,6,0
Le Plateau-Mont-Royal,All year,Sunday,21,30.885,26,6,0
Le Plateau-Mont-Royal,All year,Sunday,22,27.0,25,6,0
Le Plateau-Mont-Royal,All year,Sunday,23,18.346,26,6,0
Le Sud-Ouest,All year,Monday,0,1.692,312,0,0
Le Sud-Ouest,All year,Monday,1,1.236,288,0,0
Le Sud-Ouest,All year,Monday,2,0.699,316,0,0
Le Sud-Ouest,All year,Monday,3,0.693,316,0,0
Le Sud-Ouest,All year,Monday,4,0.725,316,0,0
Le Sud-Ouest,All year,Monday,5,2.13,316,0,0
Le Sud-Ouest,All year,Monday,6,4.94,316,0,0
Le Sud-Ouest,All year,Monday,7,10.133,324,0,0
Le Sud-Ouest,All year,Monday,8,21.487,316,0,0
Le Sud-Ouest,All year,Monday,9,11.324,321,0,0
Le Sud-Ouest,All year,Monday,10,7.427,321,0,0
Le Sud-Ouest,All year,Monday,11,9.799,313,0,0
Le Sud-Ouest,All year,Monday,12,14.64,297,0,0
Le Sud-Ouest,All year,Monday,13,14.505,301,0,0
Le Sud-Ouest,All year,Monday,14,15.146,301,0,0
Le Sud-Ouest,All year,Monday,15,20.512,293,0,0
Le Sud-Ouest,All year,Monday,16,26.123,301,0,0
Le Sud-Ouest,All year,Monday,17,32.566,309,0,0
Le Sud-Ouest,All year,Monday,18,23.727,293,0,0
Le Sud-Ouest,All year,Monday,19,16.282,301,0,0
Le Sud-Ouest,All year,Monday,20,11.288,302,0,0
Le Sud-Ouest,All year,Monday,21,8.503,294,0,0
Le Sud-Ouest,All year,Monday,22,5.765,294,0,0
Le Sud-Ouest,All year,Monday,23,3.443,289,0,0
Le Sud-Ouest,All year,Tuesday,0,1.589,304,1,0
Le Sud-Ouest,All year,Tuesday,1,0.977,310,1,0
Le Sud-Ouest,All year,Tuesday,2,0.685,302,1,0
Le Sud-Ouest,All year,Tuesday,3,0.603,302,1,0
Le Sud-Ouest,All year,Tuesday,4,0.576,302,1,0
Le Sud-Ouest,All year,Tuesday,5,2.103,302,1,0
Le Sud-Ouest,All year,Tuesday,6,6.313,310,1,0
Le Sud-Ouest,All year,Tuesday,7,14.961,310,1,0
Le Sud-Ouest,All year,Tuesday,8,30.045,310,1,0
Le Sud-Ouest,All year,Tuesday,9,15.925,294,1,0
Le Sud-Ouest,All year,Tuesday,10,9.714,294,1,0
Le Sud-Ouest,All year,Tuesday,11,11.956,294,1,0
Le Sud-Ouest,All year,Tuesday,12,16.403,290,1,0
Le Sud-Ouest,All year,Tuesday,13,17.895,285,1,0
Le Sud-Ouest,All year,Tuesday,14,16.1,290,1,0
Le Sud-Ouest,All year,Tuesday,15,21.216,282,1,0
Le Sud-Ouest,All year,Tuesday,16,30.548,294,1,0
Le Sud-Ouest,All year,Tuesday,17,41.299,298,1,0
Le Sud-Ouest,All year,Tuesday,18,26.953,298,1,0
Le Sud-Ouest,All year,Tuesday,19,19.057,298,1,0
Le Sud-Ouest,All year,Tuesday,20,14.519,314,1,0
Le Sud-Ouest,All year,Tuesday,21,9.854,314,1,0
Le Sud-Ouest,All year,Tuesday,22,7.227,300,1,0
Le Sud-Ouest,All year,Tuesday,23,3.669,311,1,0
Le Sud-Ouest,All year,Wednesday,0,1.572,290,2,0
Le Sud-Ouest,All year,Wednesday,1,1.156,282,2,0
Le Sud-Ouest,All year,Wednesday,2,0.666,290,2,0
Le Sud-Ouest,All year,Wednesday,3,0.566,290,2,0
Le Sud-Ouest,All year,Wednesday,4,0.611,298,2,0
Le Sud-Ouest,All year,Wednesday,5,1.966,298,2,0
Le Sud-Ouest,All year,Wednesday,6,5.866,298,2,0
Le Sud-Ouest,All year,Wednesday,7,13.943,298,2,0
Le Sud-Ouest,All year,Wednesday,8,27.369,298,2,0
Le Sud-Ouest,All year,Wednesday,9,14.007,296,2,0
Le Sud-Ouest,All year,Wednesday,10,9.101,296,2,0
Le Sud-Ouest,All year,Wednesday,11,8.887,282,2,0
Le Sud-Ouest,All year,Wednesday,12,11.771,284,2,0
Le Sud-Ouest,All year,Wednesday,13,12.541,294,2,0
Le Sud-Ouest,All year,Wednesday,14,11.99,294,2,0
Le Sud-Ouest,All year,Wednesday,15,15.223,278,2,0
Le Sud-Ouest,All year,Wednesday,16,22.85,286,2,0
Le Sud-Ouest,All year,Wednesday,17,32.204,289,2,0
Le Sud-Ouest,All year,Wednesday,18,22.805,313,2,0
Le Sud-Ouest,All year,Wednesday,19,17.692,305,2,0
Le Sud-Ouest,All year,Wednesday,20,12.518,313,2,0
Le Sud-Ouest,All year,Wednesday,21,8.227,313,2,0
Le Sud-Ouest,All year,Wednesday,22,6.592,304,2,0
Le Sud-Ouest,All year,Wednesday,23,3.07,302,2,0
Le Sud-Ouest,All year,Thursday,0,1.531,311,3,0
Le Sud-Ouest,All year,Thursday,1,1.088,294,3,0
Le Sud-Ouest,All year,Thursday,2,0.556,304,3,0
Le Sud-Ouest,All year,Thursday,3,0.576,304,3,0
Le Sud-Ouest,All year,Thursday,4,0.549,304,3,0
Le Sud-Ouest,All year,Thursday,5,1.5,304,3,0
Le Sud-Ouest,All year,Thursday,6,4.951,304,3,0
Le Sud-Ouest,All year,Thursday,7,11.556,304,3,0
Le Sud-Ouest,All year,Thursday,8,24.947,304,3,0
Le Sud-Ouest,All year,Thursday,9,13.864,294,3,0
Le Sud-Ouest,All year,Thursday,10,8.111,289,3,0
Le Sud-Ouest,All year,Thursday,11,10.993,281,3,0
Le Sud-Ouest,All year,Thursday,12,14.189,281,3,0
Le Sud-Ouest,All year,Thursday,13,14.103,290,3,0
Le Sud-Ouest,All year,Thursday,14,13.652,290,3,0
Le Sud-Ouest,All year,Thursday,15,16.716,282,3,0
Le Sud-Ouest,All year,Thursday,16,25.056,285,3,0
Le Sud-Ouest,All year,Thursday,17,32.642,274,3,0
Le Sud-Ouest,All year,Thursday,18,20.761,293,3,0
Le Sud-Ouest,All year,Thursday,19,15.567,293,3,0
Le Sud-Ouest,All year,Thursday,20,11.863,285,3,0
Le Sud-Ouest,All year,Thursday,21,8.943,280,3,0
Le Sud-Ouest,All year,Thursday,22,6.682,277,3,0
Le Sud-Ouest,All year,Thursday,23,4.106,265,3,0
Le Sud-Ouest,All year,Friday,0,2.251,283,4,0
Le Sud-Ouest,All year,Friday,1,1.652,264,4,0
Le Sud-Ouest,All year,Friday,2,0.985,272,4,0
Le Sud-Ouest,All year,Friday,3,0.871,280,4,0
Le Sud-Ouest,All year,Friday,4,0.629,280,4,0
Le Sud-Ouest,All year,Friday,5,1.836,280,4,0
Le Sud-Ouest,All year,Friday,6,4.174,288,4,0
Le Sud-Ouest,All year,Friday,7,8.892,288,4,0
Le Sud-Ouest,All year,Friday,8,15.733,296,4,0
Le Sud-Ouest,All year,Friday,9,11.277,300,4,0
Le Sud-Ouest,All year,Friday,10,9.26,296,4,0
Le Sud-Ouest,All year,Friday,11,10.872,304,4,0
Le Sud-Ouest,All year,Friday,12,15.845,304,4,0
Le Sud-Ouest,All year,Friday,13,16.249,305,4,0
Le Sud-Ouest,All year,Friday,14,18.253,297,4,0
Le Sud-Ouest,All year,Friday,15,21.04,297,4,0
Le Sud-Ouest,All year,Friday,16,26.377,313,4,0
Le Sud-Ouest,All year,Friday,17,26.185,313,4,0
Le Sud-Ouest,All year,Friday,18,20.208,313,4,0
Le Sud-Ouest,All year,Friday,19,17.102,303,4,0
Le Sud-Ouest,All year,Friday,20,13.502,297,4,0
Le Sud-Ouest,All year,Friday,21,9.936,297,4,0
Le Sud-Ouest,All year,Friday,22,8.259,297,4,0
Le Sud-Ouest,All year,Friday,23,5.274,296,4,0
Le Sud-Ouest,All year,Saturday,0,3.194,319,5,0
Le Sud-Ouest,All year,Saturday,1,3.22,295,5,0
Le Sud-Ouest,All year,Saturday,2,2.201,303,5,0
Le Sud-Ouest,All year,Saturday,3,2.01,311,5,0
Le Sud-Ouest,All year,Saturday,4,0.926,311,5,0
Le Sud-Ouest,All year,Saturday,5,0.949,311,5,0
Le Sud-Ouest,All year,Saturday,6,1.643,311,5,0
Le Sud-Ouest,All year,Saturday,7,3.445,319,5,0
Le Sud-Ouest,All year,Saturday,8,6.578,320,5,0
Le Sud-Ouest,All year,Saturday,9,10.934,320,5,0
Le Sud-Ouest,All year,Saturday,10,14.09,322,5,0
Le Sud-Ouest,All year,Saturday,11,18.86,322,5,0
Le Sud-Ouest,All year,Saturday,12,22.758,322,5,0
Le Sud-Ouest,All year,Saturday,13,26.301,322,5,0
Le Sud-Ouest,All year,Saturday,14,28.689,322,5,0
Le Sud-Ouest,All year,Saturday,15,30.21,314,5,0
Le Sud-Ouest,All year,Saturday,16,27.879,322,5,0
Le Sud-Ouest,All year,Saturday,17,23.047,322,5,0
Le Sud-Ouest,All year,Saturday,18,18.722,306,5,0
Le Sud-Ouest,All year,Saturday,19,15.041,314,5,0
Le Sud-Ouest,All year,Saturday,20,10.773,322,5,0
Le Sud-Ouest,All year,Saturday,21,8.826,322,5,0
Le Sud-Ouest,All year,Saturday,22,7.265,306,5,0
Le Sud-Ouest,All year,Saturday,23,5.246,313,5,0
Le Sud-Ouest,All year,Sunday,0,3.701,318,6,0
Le Sud-Ouest,All year,Sunday,1,3.003,308,6,0
Le Sud-Ouest,All year,Sunday,2,2.26,308,6,0
Le Sud-Ouest,All year,Sunday,3,1.792,308,6,0
Le Sud-Ouest,All year,Sunday,4,0.955,308,6,0
Le Sud-Ouest,All year,Sunday,5,0.877,316,6,0
Le Sud-Ouest,All year,Sunday,6,1.345,316,6,0
Le Sud-Ouest,All year,Sunday,7,2.718,316,6,0
Le Sud-Ouest,All year,Sunday,8,4.94,316,6,0
Le Sud-Ouest,All year,Sunday,9,8.718,308,6,0
Le Sud-Ouest,All year,Sunday,10,12.705,308,6,0
Le Sud-Ouest,All year,Sunday,11,17.168,316,6,0
Le Sud-Ouest,All year,Sunday,12,19.649,316,6,0
Le Sud-Ouest,All year,Sunday,13,23.091,307,6,0
Le Sud-Ouest,All year,Sunday,14,25.523,300,6,0
Le Sud-Ouest,All year,Sunday,15,25.89,300,6,0
Le Sud-Ouest,All year,Sunday,16,24.56,300,6,0
Le Sud-Ouest,All year,Sunday,17,19.377,308,6,0
Le Sud-Ouest,All year,Sunday,18,15.529,308,6,0
Le Sud-Ouest,All year,Sunday,19,12.983,300,6,0
Le Sud-Ouest,All year,Sunday,20,8.533,300,6,0
Le Sud-Ouest,All year,Sunday,21,7.787,300,6,0
Le Sud-Ouest,All year,Sunday,22,5.595,291,6,0
Le Sud-Ouest,All year,Sunday,23,3.402,276,6,0
Mercier–Hochelaga-Maisonneuve,All year,Monday,0,0.462,143,0,0
Mercier–Hochelaga-Maisonneuve,All year,Monday,1,0.5,144,0,0
Mercier–Hochelaga-Maisonneuve,All year,Monday,2,0.449,147,0,0
Mercier–Hochelaga-Maisonneuve,All year,Monday,3,0.381,147,0,0
Mercier–Hochelaga-Maisonneuve,All year,Monday,4,0.701,147,0,0
Mercier–Hochelaga-Maisonneuve,All year,Monday,5,3.646,147,0,0
Mercier–Hochelaga-Maisonneuve,All year,Monday,6,6.707,147,0,0
Mercier–Hochelaga-Maisonneuve,All year,Monday,7,6.378,148,0,0
Mercier–Hochelaga-Maisonneuve,All year,Monday,8,7.571,147,0,0
Mercier–Hochelaga-Maisonneuve,All year,Monday,9,6.517,147,0,0
Mercier–Hochelaga-Maisonneuve,All year,Monday,10,6.544,147,0,0
Mercier–Hochelaga-Maisonneuve,All year,Monday,11,6.178,146,0,0
Mercier–Hochelaga-Maisonneuve,All year,Monday,12,6.951,144,0,0
Mercier–Hochelaga-Maisonneuve,All year,Monday,13,8.284,148,0,0
Mercier–Hochelaga-Maisonneuve,All year,Monday,14,10.149,148,0,0
Mercier–Hochelaga-Maisonneuve,All year,Monday,15,10.755,147,0,0
Mercier–Hochelaga-Maisonneuve,All year,Monday,16,12.554,148,0,0
Mercier–Hochelaga-Maisonneuve,All year,Monday,17,11.322,149,0,0
Mercier–Hochelaga-Maisonneuve,All year,Monday,18,7.898,147,0,0
Mercier–Hochelaga-Maisonneuve,All year,Monday,19,5.182,148,0,0
Mercier–Hochelaga-Maisonneuve,All year,Monday,20,3.365,148,0,0
Mercier–Hochelaga-Maisonneuve,All year,Monday,21,2.728,147,0,0
Mercier–Hochelaga-Maisonneuve,All year,Monday,22,1.925,147,0,0
Mercier–Hochelaga-Maisonneuve,All year,Monday,23,0.918,134,0,0
Mercier–Hochelaga-Maisonneuve,All year,Tuesday,0,0.644,135,1,0
Mercier–Hochelaga-Maisonneuve,All year,Tuesday,1,0.703,145,1,0
Mercier–Hochelaga-Maisonneuve,All year,Tuesday,2,0.507,144,1,0
Mercier–Hochelaga-Maisonneuve,All year,Tuesday,3,0.359,145,1,0
Mercier–Hochelaga-Maisonneuve,All year,Tuesday,4,0.917,145,1,0
Mercier–Hochelaga-Maisonneuve,All year,Tuesday,5,3.428,145,1,0
Mercier–Hochelaga-Maisonneuve,All year,Tuesday,6,6.733,146,1,0
Mercier–Hochelaga-Maisonneuve,All year,Tuesday,7,7.897,146,1,0
Mercier–Hochelaga-Maisonneuve,All year,Tuesday,8,8.897,146,1,0
Mercier–Hochelaga-Maisonneuve,All year,Tuesday,9,6.611,144,1,0
Mercier–Hochelaga-Maisonneuve,All year,Tuesday,10,6.583,144,1,0
Mercier–Hochelaga-Maisonneuve,All year,Tuesday,11,5.52,150,1,0
Mercier–Hochelaga-Maisonneuve,All year,Tuesday,12,6.102,147,1,0
Mercier–Hochelaga-Maisonneuve,All year,Tuesday,13,7.972,143,1,0
Mercier–Hochelaga-Maisonneuve,All year,Tuesday,14,9.633,147,1,0
Mercier–Hochelaga-Maisonneuve,All year,Tuesday,15,10.938,146,1,0
Mercier–Hochelaga-Maisonneuve,All year,Tuesday,16,13.101,148,1,0
Mercier–Hochelaga-Maisonneuve,All year,Tuesday,17,12.736,148,1,0
Mercier–Hochelaga-Maisonneuve,All year,Tuesday,18,8.412,148,1,0
Mercier–Hochelaga-Maisonneuve,All year,Tuesday,19,6.223,148,1,0
Mercier–Hochelaga-Maisonneuve,All year,Tuesday,20,3.56,150,1,0
Mercier–Hochelaga-Maisonneuve,All year,Tuesday,21,2.487,150,1,0
Mercier–Hochelaga-Maisonneuve,All year,Tuesday,22,1.96,149,1,0
Mercier–Hochelaga-Maisonneuve,All year,Tuesday,23,0.986,143,1,0
Mercier–Hochelaga-Maisonneuve,All year,Wednesday,0,0.656,131,2,0
Mercier–Hochelaga-Maisonneuve,All year,Wednesday,1,0.678,146,2,0
Mercier–Hochelaga-Maisonneuve,All year,Wednesday,2,0.544,147,2,0
Mercier–Hochelaga-Maisonneuve,All year,Wednesday,3,0.415,147,2,0
Mercier–Hochelaga-Maisonneuve,All year,Wednesday,4,0.885,148,2,0
Mercier–Hochelaga-Maisonneuve,All year,Wednesday,5,3.304,148,2,0
Mercier–Hochelaga-Maisonneuve,All year,Wednesday,6,7.709,148,2,0
Mercier–Hochelaga-Maisonneuve,All year,Wednesday,7,8.365,148,2,0
Mercier–Hochelaga-Maisonneuve,All year,Wednesday,8,8.899,148,2,0
Mercier–Hochelaga-Maisonneuve,All year,Wednesday,9,7.716,148,2,0
Mercier–Hochelaga-Maisonneuve,All year,Wednesday,10,6.372,148,2,0
Mercier–Hochelaga-Maisonneuve,All year,Wednesday,11,5.705,146,2,0
Mercier–Hochelaga-Maisonneuve,All year,Wednesday,12,6.082,146,2,0
Mercier–Hochelaga-Maisonneuve,All year,Wednesday,13,9.144,146,2,0
Mercier–Hochelaga-Maisonneuve,All year,Wednesday,14,9.453,150,2,0
Mercier–Hochelaga-Maisonneuve,All year,Wednesday,15,10.392,148,2,0
Mercier–Hochelaga-Maisonneuve,All year,Wednesday,16,12.597,149,2,0
Mercier–Hochelaga-Maisonneuve,All year,Wednesday,17,11.68,147,2,0
Mercier–Hochelaga-Maisonneuve,All year,Wednesday,18,7.684,152,2,0
Mercier–Hochelaga-Maisonneuve,All year,Wednesday,19,5.06,151,2,0
Mercier–Hochelaga-Maisonneuve,All year,Wednesday,20,3.289,152,2,0
Mercier–Hochelaga-Maisonneuve,All year,Wednesday,21,2.868,152,2,0
Mercier–Hochelaga-Maisonneuve,All year,Wednesday,22,2.122,148,2,0
Mercier–Hochelaga-Maisonneuve,All year,Wednesday,23,0.901,141,2,0
Mercier–Hochelaga-Maisonneuve,All year,Thursday,0,0.923,142,3,0
Mercier–Hochelaga-Maisonneuve,All year,Thursday,1,0.517,147,3,0
Mercier–Hochelaga-Maisonneuve,All year,Thursday,2,0.635,148,3,0
Mercier–Hochelaga-Maisonneuve,All year,Thursday,3,0.331,148,3,0
Mercier–Hochelaga-Maisonneuve,All year,Thursday,4,0.784,148,3,0
Mercier–Hochelaga-Maisonneuve,All year,Thursday,5,2.669,148,3,0
Mercier–Hochelaga-Maisonneuve,All year,Thursday,6,6.456,147,3,0
Mercier–Hochelaga-Maisonneuve,All year,Thursday,7,7.189,148,3,0
Mercier–Hochelaga-Maisonneuve,All year,Thursday,8,7.581,148,3,0
Mercier–Hochelaga-Maisonneuve,All year,Thursday,9,5.812,144,3,0
Mercier–Hochelaga-Maisonneuve,All year,Thursday,10,6.171,146,3,0
Mercier–Hochelaga-Maisonneuve,All year,Thursday,11,4.014,145,3,0
Mercier–Hochelaga-Maisonneuve,All year,Thursday,12,5.476,145,3,0
Mercier–Hochelaga-Maisonneuve,All year,Thursday,13,6.719,146,3,0
Mercier–Hochelaga-Maisonneuve,All year,Thursday,14,9.418,146,3,0
Mercier–Hochelaga-Maisonneuve,All year,Thursday,15,10.634,145,3,0
Mercier–Hochelaga-Maisonneuve,All year,Thursday,16,11.993,142,3,0
Mercier–Hochelaga-Maisonneuve,All year,Thursday,17,9.426,141,3,0
Mercier–Hochelaga-Maisonneuve,All year,Thursday,18,6.231,143,3,0
Mercier–Hochelaga-Maisonneuve,All year,Thursday,19,3.79,143,3,0
Mercier–Hochelaga-Maisonneuve,All year,Thursday,20,3.401,142,3,0
Mercier–Hochelaga-Maisonneuve,All year,Thursday,21,3.277,141,3,0
Mercier–Hochelaga-Maisonneuve,All year,Thursday,22,2.021,141,3,0
Mercier–Hochelaga-Maisonneuve,All year,Thursday,23,1.711,121,3,0
Mercier–Hochelaga-Maisonneuve,All year,Friday,0,0.898,137,4,0
Mercier–Hochelaga-Maisonneuve,All year,Friday,1,0.398,133,4,0
Mercier–Hochelaga-Maisonneuve,All year,Friday,2,0.567,134,4,0
Mercier–Hochelaga-Maisonneuve,All year,Friday,3,0.296,135,4,0
Mercier–Hochelaga-Maisonneuve,All year,Friday,4,0.519,135,4,0
Mercier–Hochelaga-Maisonneuve,All year,Friday,5,3.23,135,4,0
Mercier–Hochelaga-Maisonneuve,All year,Friday,6,5.568,139,4,0
Mercier–Hochelaga-Maisonneuve,All year,Friday,7,5.288,139,4,0
Mercier–Hochelaga-Maisonneuve,All year,Friday,8,5.579,140,4,0
Mercier–Hochelaga-Maisonneuve,All year,Friday,9,4.396,144,4,0
Mercier–Hochelaga-Maisonneuve,All year,Friday,10,5.692,143,4,0
Mercier–Hochelaga-Maisonneuve,All year,Friday,11,4.568,148,4,0
Mercier–Hochelaga-Maisonneuve,All year,Friday,12,5.473,148,4,0
Mercier–Hochelaga-Maisonneuve,All year,Friday,13,7.966,148,4,0
Mercier–Hochelaga-Maisonneuve,All year,Friday,14,9.646,147,4,0
Mercier–Hochelaga-Maisonneuve,All year,Friday,15,9.946,147,4,0
Mercier–Hochelaga-Maisonneuve,All year,Friday,16,10.0,149,4,0
Mercier–Hochelaga-Maisonneuve,All year,Friday,17,10.121,149,4,0
Mercier–Hochelaga-Maisonneuve,All year,Friday,18,7.208,149,4,0
Mercier–Hochelaga-Maisonneuve,All year,Friday,19,4.899,148,4,0
Mercier–Hochelaga-Maisonneuve,All year,Friday,20,3.041,147,4,0
Mercier–Hochelaga-Maisonneuve,All year,Friday,21,2.714,147,4,0
Mercier–Hochelaga-Maisonneuve,All year,Friday,22,2.061,147,4,0
Mercier–Hochelaga-Maisonneuve,All year,Friday,23,1.474,135,4,0
Mercier–Hochelaga-Maisonneuve,All year,Saturday,0,0.867,150,5,0
Mercier–Hochelaga-Maisonneuve,All year,Saturday,1,1.075,147,5,0
Mercier–Hochelaga-Maisonneuve,All year,Saturday,2,0.818,148,5,0
Mercier–Hochelaga-Maisonneuve,All year,Saturday,3,0.678,149,5,0
Mercier–Hochelaga-Maisonneuve,All year,Saturday,4,0.765,149,5,0
Mercier–Hochelaga-Maisonneuve,All year,Saturday,5,0.94,149,5,0
Mercier–Hochelaga-Maisonneuve,All year,Saturday,6,2.101,149,5,0
Mercier–Hochelaga-Maisonneuve,All year,Saturday,7,2.72,150,5,0
Mercier–Hochelaga-Maisonneuve,All year,Saturday,8,2.5,146,5,0
Mercier–Hochelaga-Maisonneuve,All year,Saturday,9,3.884,146,5,0
Mercier–Hochelaga-Maisonneuve,All year,Saturday,10,4.555,146,5,0
Mercier–Hochelaga-Maisonneuve,All year,Saturday,11,6.582,146,5,0
Mercier–Hochelaga-Maisonneuve,All year,Saturday,12,6.933,150,5,0
Mercier–Hochelaga-Maisonneuve,All year,Saturday,13,11.013,150,5,0
Mercier–Hochelaga-Maisonneuve,All year,Saturday,14,14.28,150,5,0
Mercier–Hochelaga-Maisonneuve,All year,Saturday,15,13.55,149,5,0
Mercier–Hochelaga-Maisonneuve,All year,Saturday,16,13.253,150,5,0
Mercier–Hochelaga-Maisonneuve,All year,Saturday,17,10.067,150,5,0
Mercier–Hochelaga-Maisonneuve,All year,Saturday,18,7.128,148,5,0
Mercier–Hochelaga-Maisonneuve,All year,Saturday,19,4.47,149,5,0
Mercier–Hochelaga-Maisonneuve,All year,Saturday,20,2.687,150,5,0
Mercier–Hochelaga-Maisonneuve,All year,Saturday,21,2.087,150,5,0
Mercier–Hochelaga-Maisonneuve,All year,Saturday,22,1.662,148,5,0
Mercier–Hochelaga-Maisonneuve,All year,Saturday,23,0.859,142,5,0
Mercier–Hochelaga-Maisonneuve,All year,Sunday,0,0.772,145,6,0
Mercier–Hochelaga-Maisonneuve,All year,Sunday,1,0.561,148,6,0
Mercier–Hochelaga-Maisonneuve,All year,Sunday,2,0.568,148,6,0
Mercier–Hochelaga-Maisonneuve,All year,Sunday,3,0.514,148,6,0
Mercier–Hochelaga-Maisonneuve,All year,Sunday,4,0.716,148,6,0
Mercier–Hochelaga-Maisonneuve,All year,Sunday,5,1.034,149,6,0
Mercier–Hochelaga-Maisonneuve,All year,Sunday,6,1.403,149,6,0
Mercier–Hochelaga-Maisonneuve,All year,Sunday,7,2.26,150,6,0
Mercier–Hochelaga-Maisonneuve,All year,Sunday,8,2.727,150,6,0
Mercier–Hochelaga-Maisonneuve,All year,Sunday,9,3.611,149,6,0
Mercier–Hochelaga-Maisonneuve,All year,Sunday,10,4.443,149,6,0
Mercier–Hochelaga-Maisonneuve,All year,Sunday,11,4.927,150,6,0
Mercier–Hochelaga-Maisonneuve,All year,Sunday,12,7.18,150,6,0
Mercier–Hochelaga-Maisonneuve,All year,Sunday,13,10.034,149,6,0
Mercier–Hochelaga-Maisonneuve,All year,Sunday,14,13.784,148,6,0
Mercier–Hochelaga-Maisonneuve,All year,Sunday,15,14.216,148,6,0
Mercier–Hochelaga-Maisonneuve,All year,Sunday,16,13.324,148,6,0
Mercier–Hochelaga-Maisonneuve,All year,Sunday,17,8.527,146,6,0
Mercier–Hochelaga-Maisonneuve,All year,Sunday,18,7.13,146,6,0
Mercier–Hochelaga-Maisonneuve,All year,Sunday,19,5.352,145,6,0
Mercier–Hochelaga-Maisonneuve,All year,Sunday,20,3.09,145,6,0
Mercier–Hochelaga-Maisonneuve,All year,Sunday,21,3.0,145,6,0
Mercier–Hochelaga-Maisonneuve,All year,Sunday,22,1.417,144,6,0
Mercier–Hochelaga-Maisonneuve,All year,Sunday,23,1.048,125,6,0
Montréal-Nord,All year,Monday,0,0.102,59,0,0
Montréal-Nord,All year,Monday,1,0.1,50,0,0
Montréal-Nord,All year,Monday,2,0.017,59,0,0
Montréal-Nord,All year,Monday,3,0.0,59,0,0
Montréal-Nord,All year,Monday,4,0.203,59,0,0
Montréal-Nord,All year,Monday,5,0.22,59,0,0
Montréal-Nord,All year,Monday,6,0.576,59,0,0
Montréal-Nord,All year,Monday,7,1.177,62,0,0
Montréal-Nord,All year,Monday,8,0.915,59,0,0
Montréal-Nord,All year,Monday,9,0.695,59,0,0
Montréal-Nord,All year,Monday,10,0.574,61,0,0
Montréal-Nord,All year,Monday,11,1.161,56,0,0
Montréal-Nord,All year,Monday,12,1.28,50,0,0
Montréal-Nord,All year,Monday,13,0.72,50,0,0
Montréal-Nord,All year,Monday,14,1.06,50,0,0
Montréal-Nord,All year,Monday,15,1.936,47,0,0
Montréal-Nord,All year,Monday,16,1.706,51,0,0
Montréal-Nord,All year,Monday,17,1.755,53,0,0
Montréal-Nord,All year,Monday,18,1.143,49,0,0
Montréal-Nord,All year,Monday,19,0.7,50,0,0
Montréal-Nord,All year,Monday,20,0.4,50,0,0
Montréal-Nord,All year,Monday,21,0.553,47,0,0
Montréal-Nord,All year,Monday,22,0.277,47,0,0
Montréal-Nord,All year,Monday,23,0.24,50,0,0
Montréal-Nord,All year,Tuesday,0,0.089,56,1,0
Montréal-Nord,All year,Tuesday,1,0.113,53,1,0
Montréal-Nord,All year,Tuesday,2,0.02,50,1,0
Montréal-Nord,All year,Tuesday,3,0.12,50,1,0
Montréal-Nord,All year,Tuesday,4,0.16,50,1,0
Montréal-Nord,All year,Tuesday,5,0.3,50,1,0
Montréal-Nord,All year,Tuesday,6,0.774,53,1,0
Montréal-Nord,All year,Tuesday,7,1.925,53,1,0
Montréal-Nord,All year,Tuesday,8,1.34,53,1,0
Montréal-Nord,All year,Tuesday,9,1.085,47,1,0
Montréal-Nord,All year,Tuesday,10,0.957,47,1,0
Montréal-Nord,All year,Tuesday,11,1.149,47,1,0
Montréal-Nord,All year,Tuesday,12,1.0,47,1,0
Montréal-Nord,All year,Tuesday,13,1.271,48,1,0
Montréal-Nord,All year,Tuesday,14,0.98,49,1,0
Montréal-Nord,All year,Tuesday,15,1.891,46,1,0
Montréal-Nord,All year,Tuesday,16,2.16,50,1,0
Montréal-Nord,All year,Tuesday,17,1.827,52,1,0
Montréal-Nord,All year,Tuesday,18,1.385,52,1,0
Montréal-Nord,All year,Tuesday,19,0.885,52,1,0
Montréal-Nord,All year,Tuesday,20,0.966,58,1,0
Montréal-Nord,All year,Tuesday,21,0.466,58,1,0
Montréal-Nord,All year,Tuesday,22,0.352,54,1,0
Montréal-Nord,All year,Tuesday,23,0.213,61,1,0
Montréal-Nord,All year,Wednesday,0,0.362,58,2,0
Montréal-Nord,All year,Wednesday,1,0.13,46,2,0
Montréal-Nord,All year,Wednesday,2,0.061,49,2,0
Montréal-Nord,All year,Wednesday,3,0.082,49,2,0
Montréal-Nord,All year,Wednesday,4,0.212,52,2,0
Montréal-Nord,All year,Wednesday,5,0.25,52,2,0
Montréal-Nord,All year,Wednesday,6,0.673,52,2,0
Montréal-Nord,All year,Wednesday,7,1.827,52,2,0
Montréal-Nord,All year,Wednesday,8,0.962,52,2,0
Montréal-Nord,All year,Wednesday,9,0.654,52,2,0
Montréal-Nord,All year,Wednesday,10,0.608,51,2,0
Montréal-Nord,All year,Wednesday,11,0.489,45,2,0
Montréal-Nord,All year,Wednesday,12,0.638,47,2,0
Montréal-Nord,All year,Wednesday,13,0.9,50,2,0
Montréal-Nord,All year,Wednesday,14,0.833,48,2,0
Montréal-Nord,All year,Wednesday,15,1.333,42,2,0
Montréal-Nord,All year,Wednesday,16,1.133,45,2,0
Montréal-Nord,All year,Wednesday,17,1.383,47,2,0
Montréal-Nord,All year,Wednesday,18,0.685,54,2,0
Montréal-Nord,All year,Wednesday,19,0.961,51,2,0
Montréal-Nord,All year,Wednesday,20,0.481,54,2,0
Montréal-Nord,All year,Wednesday,21,0.426,54,2,0
Montréal-Nord,All year,Wednesday,22,0.377,53,2,0
Montréal-Nord,All year,Wednesday,23,0.107,56,2,0
Montréal-Nord,All year,Thursday,0,0.169,59,3,0
Montréal-Nord,All year,Thursday,1,0.12,50,3,0
Montréal-Nord,All year,Thursday,2,0.038,53,3,0
Montréal-Nord,All year,Thursday,3,0.132,53,3,0
Montréal-Nord,All year,Thursday,4,0.358,53,3,0
Montréal-Nord,All year,Thursday,5,0.434,53,3,0
Montréal-Nord,All year,Thursday,6,0.585,53,3,0
Montréal-Nord,All year,Thursday,7,1.66,53,3,0
Montréal-Nord,All year,Thursday,8,1.075,53,3,0
Montréal-Nord,All year,Thursday,9,0.776,49,3,0
Montréal-Nord,All year,Thursday,10,1.021,47,3,0
Montréal-Nord,All year,Thursday,11,1.5,44,3,0
Montréal-Nord,All year,Thursday,12,1.295,44,3,0
Montréal-Nord,All year,Thursday,13,0.979,47,3,0
Montréal-Nord,All year,Thursday,14,0.872,47,3,0
Montréal-Nord,All year,Thursday,15,1.727,44,3,0
Montréal-Nord,All year,Thursday,16,1.511,47,3,0
Montréal-Nord,All year,Thursday,17,1.136,44,3,0
Montréal-Nord,All year,Thursday,18,1.06,50,3,0
Montréal-Nord,All year,Thursday,19,0.76,50,3,0
Montréal-Nord,All year,Thursday,20,0.66,47,3,0
Montréal-Nord,All year,Thursday,21,0.457,46,3,0
Montréal-Nord,All year,Thursday,22,0.273,44,3,0
Montréal-Nord,All year,Thursday,23,0.085,47,3,0
Montréal-Nord,All year,Friday,0,0.18,50,4,0
Montréal-Nord,All year,Friday,1,0.07,43,4,0
Montréal-Nord,All year,Friday,2,0.0,46,4,0
Montréal-Nord,All year,Friday,3,0.02,49,4,0
Montréal-Nord,All year,Friday,4,0.204,49,4,0
Montréal-Nord,All year,Friday,5,0.388,49,4,0
Montréal-Nord,All year,Friday,6,0.5,50,4,0
Montréal-Nord,All year,Friday,7,1.46,50,4,0
Montréal-Nord,All year,Friday,8,1.038,53,4,0
Montréal-Nord,All year,Friday,9,0.585,53,4,0
Montréal-Nord,All year,Friday,10,0.811,53,4,0
Montréal-Nord,All year,Friday,11,1.0,53,4,0
Montréal-Nord,All year,Friday,12,1.302,53,4,0
Montréal-Nord,All year,Friday,13,1.415,53,4,0
Montréal-Nord,All year,Friday,14,1.36,50,4,0
Montréal-Nord,All year,Friday,15,1.8,50,4,0
Montréal-Nord,All year,Friday,16,1.357,56,4,0
Montréal-Nord,All year,Friday,17,1.464,56,4,0
Montréal-Nord,All year,Friday,18,1.161,56,4,0
Montréal-Nord,All year,Friday,19,0.623,53,4,0
Montréal-Nord,All year,Friday,20,0.9,50,4,0
Montréal-Nord,All year,Friday,21,0.62,50,4,0
Montréal-Nord,All year,Friday,22,0.56,50,4,0
Montréal-Nord,All year,Friday,23,0.25,56,4,0
Montréal-Nord,All year,Saturday,0,0.271,59,5,0
Montréal-Nord,All year,Saturday,1,0.1,50,5,0
Montréal-Nord,All year,Saturday,2,0.038,53,5,0
Montréal-Nord,All year,Saturday,3,0.071,56,5,0
Montréal-Nord,All year,Saturday,4,0.089,56,5,0
Montréal-Nord,All year,Saturday,5,0.143,56,5,0
Montréal-Nord,All year,Saturday,6,0.321,56,5,0
Montréal-Nord,All year,Saturday,7,0.525,59,5,0
Montréal-Nord,All year,Saturday,8,0.814,59,5,0
Montréal-Nord,All year,Saturday,9,1.186,59,5,0
Montréal-Nord,All year,Saturday,10,1.068,59,5,0
Montréal-Nord,All year,Saturday,11,1.153,59,5,0
Montréal-Nord,All year,Saturday,12,1.153,59,5,0
Montréal-Nord,All year,Saturday,13,1.051,59,5,0
Montréal-Nord,All year,Saturday,14,1.322,59,5,0
Montréal-Nord,All year,Saturday,15,1.518,56,5,0
Montréal-Nord,All year,Saturday,16,1.271,59,5,0
Montréal-Nord,All year,Saturday,17,1.271,59,5,0
Montréal-Nord,All year,Saturday,18,0.962,53,5,0
Montréal-Nord,All year,Saturday,19,0.661,56,5,0
Montréal-Nord,All year,Saturday,20,0.525,59,5,0
Montréal-Nord,All year,Saturday,21,0.322,59,5,0
Montréal-Nord,All year,Saturday,22,0.396,53,5,0
Montréal-Nord,All year,Saturday,23,0.271,59,5,0
Montréal-Nord,All year,Sunday,0,0.169,59,6,0
Montréal-Nord,All year,Sunday,1,0.071,56,6,0
Montréal-Nord,All year,Sunday,2,0.089,56,6,0
Montréal-Nord,All year,Sunday,3,0.054,56,6,0
Montréal-Nord,All year,Sunday,4,0.054,56,6,0
Montréal-Nord,All year,Sunday,5,0.119,59,6,0
Montréal-Nord,All year,Sunday,6,0.203,59,6,0
Montréal-Nord,All year,Sunday,7,0.441,59,6,0
Montréal-Nord,All year,Sunday,8,0.542,59,6,0
Montréal-Nord,All year,Sunday,9,0.589,56,6,0
Montréal-Nord,All year,Sunday,10,0.661,56,6,0
Montréal-Nord,All year,Sunday,11,0.966,59,6,0
Montréal-Nord,All year,Sunday,12,0.729,59,6,0
Montréal-Nord,All year,Sunday,13,0.911,56,6,0
Montréal-Nord,All year,Sunday,14,1.17,53,6,0
Montréal-Nord,All year,Sunday,15,1.132,53,6,0
Montréal-Nord,All year,Sunday,16,1.038,53,6,0
Montréal-Nord,All year,Sunday,17,0.821,56,6,0
Montréal-Nord,All year,Sunday,18,0.732,56,6,0
Montréal-Nord,All year,Sunday,19,0.491,53,6,0
Montréal-Nord,All year,Sunday,20,0.585,53,6,0
Montréal-Nord,All year,Sunday,21,0.472,53,6,0
Montréal-Nord,All year,Sunday,22,0.3,50,6,0
Montréal-Nord,All year,Sunday,23,0.415,53,6,0
Rivière-des-Prairies–Pointe-aux-Trembles,All year,Monday,0,0.328,64,0,0
Rivière-des-Prairies–Pointe-aux-Trembles,All year,Monday,1,0.206,63,0,0
Rivière-des-Prairies–Pointe-aux-Trembles,All year,Monday,2,0.212,66,0,0
Rivière-des-Prairies–Pointe-aux-Trembles,All year,Monday,3,0.348,66,0,0
Rivière-des-Prairies–Pointe-aux-Trembles,All year,Monday,4,0.621,66,0,0
Rivière-des-Prairies–Pointe-aux-Trembles,All year,Monday,5,1.152,66,0,0
Rivière-des-Prairies–Pointe-aux-Trembles,All year,Monday,6,1.894,66,0,0
Rivière-des-Prairies–Pointe-aux-Trembles,All year,Monday,7,1.418,67,0,0
Rivière-des-Prairies–Pointe-aux-Trembles,All year,Monday,8,1.333,66,0,0
Rivière-des-Prairies–Pointe-aux-Trembles,All year,Monday,9,1.348,66,0,0
Rivière-des-Prairies–Pointe-aux-Trembles,All year,Monday,10,2.076,66,0,0
Rivière-des-Prairies–Pointe-aux-Trembles,All year,Monday,11,2.277,65,0,0
Rivière-des-Prairies–Pointe-aux-Trembles,All year,Monday,12,2.525,61,0,0
Rivière-des-Prairies–Pointe-aux-Trembles,All year,Monday,13,2.667,63,0,0
Rivière-des-Prairies–Pointe-aux-Trembles,All year,Monday,14,2.603,63,0,0
Rivière-des-Prairies–Pointe-aux-Trembles,All year,Monday,15,2.562,64,0,0
Rivière-des-Prairies–Pointe-aux-Trembles,All year,Monday,16,2.954,65,0,0
Rivière-des-Prairies–Pointe-aux-Trembles,All year,Monday,17,2.318,66,0,0
Rivière-des-Prairies–Pointe-aux-Trembles,All year,Monday,18,1.969,64,0,0
Rivière-des-Prairies–Pointe-aux-Trembles,All year,Monday,19,1.631,65,0,0
Rivière-des-Prairies–Pointe-aux-Trembles,All year,Monday,20,1.569,65,0,0
Rivière-des-Prairies–Pointe-aux-Trembles,All year,Monday,21,1.406,64,0,0
Rivière-des-Prairies–Pointe-aux-Trembles,All year,Monday,22,0.79,62,0,0
Rivière-des-Prairies–Pointe-aux-Trembles,All year,Monday,23,0.509,57,0,0
Rivière-des-Prairies–Pointe-aux-Trembles,All year,Tuesday,0,0.254,59,1,0
Rivière-des-Prairies–Pointe-aux-Trembles,All year,Tuesday,1,0.312,64,1,0
Rivière-des-Prairies–Pointe-aux-Trembles,All year,Tuesday,2,0.206,63,1,0
Rivière-des-Prairies–Pointe-aux-Trembles,All year,Tuesday,3,0.143,63,1,0
Rivière-des-Prairies–Pointe-aux-Trembles,All year,Tuesday,4,0.635,63,1,0
Rivière-des-Prairies–Pointe-aux-Trembles,All year,Tuesday,5,1.206,63,1,0
Rivière-des-Prairies–Pointe-aux-Trembles,All year,Tuesday,6,1.938,64,1,0
Rivière-des-Prairies–Pointe-aux-Trembles,All year,Tuesday,7,1.516,64,1,0
Rivière-des-Prairies–Pointe-aux-Trembles,All year,Tuesday,8,1.381,63,1,0
Rivière-des-Prairies–Pointe-aux-Trembles,All year,Tuesday,9,1.742,62,1,0
Rivière-des-Prairies–Pointe-aux-Trembles,All year,Tuesday,10,1.79,62,1,0
Rivière-des-Prairies–Pointe-aux-Trembles,All year,Tuesday,11,1.935,62,1,0
Rivière-des-Prairies–Pointe-aux-Trembles,All year,Tuesday,12,2.403,62,1,0
Rivière-des-Prairies–Pointe-aux-Trembles,All year,Tuesday,13,3.083,60,1,0
Rivière-des-Prairies–Pointe-aux-Trembles,All year,Tuesday,14,2.71,62,1,0
Rivière-des-Prairies–Pointe-aux-Trembles,All year,Tuesday,15,2.508,61,1,0
Rivière-des-Prairies–Pointe-aux-Trembles,All year,Tuesday,16,2.908,65,1,0
Rivière-des-Prairies–Pointe-aux-Trembles,All year,Tuesday,17,2.938,65,1,0
Rivière-des-Prairies–Pointe-aux-Trembles,All year,Tuesday,18,1.938,65,1,0
Rivière-des-Prairies–Pointe-aux-Trembles,All year,Tuesday,19,2.0,65,1,0
Rivière-des-Prairies–Pointe-aux-Trembles,All year,Tuesday,20,1.493,67,1,0
Rivière-des-Prairies–Pointe-aux-Trembles,All year,Tuesday,21,1.284,67,1,0
Rivière-des-Prairies–Pointe-aux-Trembles,All year,Tuesday,22,0.846,65,1,0
Rivière-des-Prairies–Pointe-aux-Trembles,All year,Tuesday,23,0.547,64,1,0
Rivière-des-Prairies–Pointe-aux-Trembles,All year,Wednesday,0,0.333,57,2,0
Rivière-des-Prairies–Pointe-aux-Trembles,All year,Wednesday,1,0.238,63,2,0
Rivière-des-Prairies–Pointe-aux-Trembles,All year,Wednesday,2,0.266,64,2,0
Rivière-des-Prairies–Pointe-aux-Trembles,All year,Wednesday,3,0.141,64,2,0
Rivière-des-Prairies–Pointe-aux-Trembles,All year,Wednesday,4,0.738,65,2,0
Rivière-des-Prairies–Pointe-aux-Trembles,All year,Wednesday,5,1.431,65,2,0
Rivière-des-Prairies–Pointe-aux-Trembles,All year,Wednesday,6,2.738,65,2,0
Rivière-des-Prairies–Pointe-aux-Trembles,All year,Wednesday,7,1.6,65,2,0
Rivière-des-Prairies–Pointe-aux-Trembles,All year,Wednesday,8,1.523,65,2,0
Rivière-des-Prairies–Pointe-aux-Trembles,All year,Wednesday,9,1.754,65,2,0
Rivière-des-Prairies–Pointe-aux-Trembles,All year,Wednesday,10,2.27,63,2,0
Rivière-des-Prairies–Pointe-aux-Trembles,All year,Wednesday,11,2.317,63,2,0
Rivière-des-Prairies–Pointe-aux-Trembles,All year,Wednesday,12,2.587,63,2,0
Rivière-des-Prairies–Pointe-aux-Trembles,All year,Wednesday,13,2.908,65,2,0
Rivière-des-Prairies–Pointe-aux-Trembles,All year,Wednesday,14,2.766,64,2,0
Rivière-des-Prairies–Pointe-aux-Trembles,All year,Wednesday,15,2.855,62,2,0
Rivière-des-Prairies–Pointe-aux-Trembles,All year,Wednesday,16,2.603,63,2,0
Rivière-des-Prairies–Pointe-aux-Trembles,All year,Wednesday,17,2.333,63,2,0
Rivière-des-Prairies–Pointe-aux-Trembles,All year,Wednesday,18,2.636,66,2,0
Rivière-des-Prairies–Pointe-aux-Trembles,All year,Wednesday,19,1.692,65,2,0
Rivière-des-Prairies–Pointe-aux-Trembles,All year,Wednesday,20,1.242,66,2,0
Rivière-des-Prairies–Pointe-aux-Trembles,All year,Wednesday,21,1.273,66,2,0
Rivière-des-Prairies–Pointe-aux-Trembles,All year,Wednesday,22,0.708,65,2,0
Rivière-des-Prairies–Pointe-aux-Trembles,All year,Wednesday,23,0.532,62,2,0
Rivière-des-Prairies–Pointe-aux-Trembles,All year,Thursday,0,0.206,63,3,0
Rivière-des-Prairies–Pointe-aux-Trembles,All year,Thursday,1,0.312,64,3,0
Rivière-des-Prairies–Pointe-aux-Trembles,All year,Thursday,2,0.138,65,3,0
Rivière-des-Prairies–Pointe-aux-Trembles,All year,Thursday,3,0.123,65,3,0
Rivière-des-Prairies–Pointe-aux-Trembles,All year,Thursday,4,0.662,65,3,0
Rivière-des-Prairies–Pointe-aux-Trembles,All year,Thursday,5,1.169,65,3,0
Rivière-des-Prairies–Pointe-aux-Trembles,All year,Thursday,6,1.877,65,3,0
Rivière-des-Prairies–Pointe-aux-Trembles,All year,Thursday,7,1.8,65,3,0
Rivière-des-Prairies–Pointe-aux-Trembles,All year,Thursday,8,1.569,65,3,0
Rivière-des-Prairies–Pointe-aux-Trembles,All year,Thursday,9,1.547,64,3,0
Rivière-des-Prairies–Pointe-aux-Trembles,All year,Thursday,10,1.778,63,3,0
Rivière-des-Prairies–Pointe-aux-Trembles,All year,Thursday,11,2.113,62,3,0
Rivière-des-Prairies–Pointe-aux-Trembles,All year,Thursday,12,2.194,62,3,0
Rivière-des-Prairies–Pointe-aux-Trembles,All year,Thursday,13,2.429,63,3,0
Rivière-des-Prairies–Pointe-aux-Trembles,All year,Thursday,14,2.603,63,3,0
Rivière-des-Prairies–Pointe-aux-Trembles,All year,Thursday,15,2.565,62,3,0
Rivière-des-Prairies–Pointe-aux-Trembles,All year,Thursday,16,2.508,61,3,0
Rivière-des-Prairies–Pointe-aux-Trembles,All year,Thursday,17,1.767,60,3,0
Rivière-des-Prairies–Pointe-aux-Trembles,All year,Thursday,18,1.919,62,3,0
Rivière-des-Prairies–Pointe-aux-Trembles,All year,Thursday,19,1.323,62,3,0
Rivière-des-Prairies–Pointe-aux-Trembles,All year,Thursday,20,1.066,61,3,0
Rivière-des-Prairies–Pointe-aux-Trembles,All year,Thursday,21,0.967,61,3,0
Rivière-des-Prairies–Pointe-aux-Trembles,All year,Thursday,22,1.086,58,3,0
Rivière-des-Prairies–Pointe-aux-Trembles,All year,Thursday,23,0.755,49,3,0
Rivière-des-Prairies–Pointe-aux-Trembles,All year,Friday,0,0.274,62,4,0
Rivière-des-Prairies–Pointe-aux-Trembles,All year,Friday,1,0.356,59,4,0
Rivière-des-Prairies–Pointe-aux-Trembles,All year,Friday,2,0.2,60,4,0
Rivière-des-Prairies–Pointe-aux-Trembles,All year,Friday,3,0.197,61,4,0
Rivière-des-Prairies–Pointe-aux-Trembles,All year,Friday,4,0.639,61,4,0
Rivière-des-Prairies–Pointe-aux-Trembles,All year,Friday,5,1.23,61,4,0
Rivière-des-Prairies–Pointe-aux-Trembles,All year,Friday,6,2.032,62,4,0
Rivière-des-Prairies–Pointe-aux-Trembles,All year,Friday,7,1.645,62,4,0
Rivière-des-Prairies–Pointe-aux-Trembles,All year,Friday,8,1.349,63,4,0
Rivière-des-Prairies–Pointe-aux-Trembles,All year,Friday,9,1.381,63,4,0
Rivière-des-Prairies–Pointe-aux-Trembles,All year,Friday,10,1.81,63,4,0
Rivière-des-Prairies–Pointe-aux-Trembles,All year,Friday,11,2.048,63,4,0
Rivière-des-Prairies–Pointe-aux-Trembles,All year,Friday,12,2.556,63,4,0
Rivière-des-Prairies–Pointe-aux-Trembles,All year,Friday,13,2.469,64,4,0
Rivière-des-Prairies–Pointe-aux-Trembles,All year,Friday,14,3.391,64,4,0
Rivière-des-Prairies–Pointe-aux-Trembles,All year,Friday,15,3.078,64,4,0
Rivière-des-Prairies–Pointe-aux-Trembles,All year,Friday,16,2.652,66,4,0
Rivière-des-Prairies–Pointe-aux-Trembles,All year,Friday,17,2.121,66,4,0
Rivière-des-Prairies–Pointe-aux-Trembles,All year,Friday,18,1.788,66,4,0
Rivière-des-Prairies–Pointe-aux-Trembles,All year,Friday,19,1.477,65,4,0
Rivière-des-Prairies–Pointe-aux-Trembles,All year,Friday,20,1.391,64,4,0
Rivière-des-Prairies–Pointe-aux-Trembles,All year,Friday,21,1.016,63,4,0
Rivière-des-Prairies–Pointe-aux-Trembles,All year,Friday,22,1.159,63,4,0
Rivière-des-Prairies–Pointe-aux-Trembles,All year,Friday,23,0.55,60,4,0
Rivière-des-Prairies–Pointe-aux-Trembles,All year,Saturday,0,0.273,66,5,0
Rivière-des-Prairies–Pointe-aux-Trembles,All year,Saturday,1,0.365,63,5,0
Rivière-des-Prairies–Pointe-aux-Trembles,All year,Saturday,2,0.203,64,5,0
Rivière-des-Prairies–Pointe-aux-Trembles,All year,Saturday,3,0.185,65,5,0
Rivière-des-Prairies–Pointe-aux-Trembles,All year,Saturday,4,0.338,65,5,0
Rivière-des-Prairies–Pointe-aux-Trembles,All year,Saturday,5,0.631,65,5,0
Rivière-des-Prairies–Pointe-aux-Trembles,All year,Saturday,6,0.354,65,5,0
Rivière-des-Prairies–Pointe-aux-Trembles,All year,Saturday,7,0.939,66,5,0
Rivière-des-Prairies–Pointe-aux-Trembles,All year,Saturday,8,1.076,66,5,0
Rivière-des-Prairies–Pointe-aux-Trembles,All year,Saturday,9,1.364,66,5,0
Rivière-des-Prairies–Pointe-aux-Trembles,All year,Saturday,10,2.227,66,5,0
Rivière-des-Prairies–Pointe-aux-Trembles,All year,Saturday,11,2.333,66,5,0
Rivière-des-Prairies–Pointe-aux-Trembles,All year,Saturday,12,2.364,66,5,0
Rivière-des-Prairies–Pointe-aux-Trembles,All year,Saturday,13,3.0,66,5,0
Rivière-des-Prairies–Pointe-aux-Trembles,All year,Saturday,14,2.924,66,5,0
Rivière-des-Prairies–Pointe-aux-Trembles,All year,Saturday,15,2.985,65,5,0
Rivière-des-Prairies–Pointe-aux-Trembles,All year,Saturday,16,2.152,66,5,0
Rivière-des-Prairies–Pointe-aux-Trembles,All year,Saturday,17,1.879,66,5,0
Rivière-des-Prairies–Pointe-aux-Trembles,All year,Saturday,18,1.406,64,5,0
Rivière-des-Prairies–Pointe-aux-Trembles,All year,Saturday,19,1.477,65,5,0
Rivière-des-Prairies–Pointe-aux-Trembles,All year,Saturday,20,1.227,66,5,0
Rivière-des-Prairies–Pointe-aux-Trembles,All year,Saturday,21,1.167,66,5,0
Rivière-des-Prairies–Pointe-aux-Trembles,All year,Saturday,22,0.906,64,5,0
Rivière-des-Prairies–Pointe-aux-Trembles,All year,Saturday,23,0.594,64,5,0
Rivière-des-Prairies–Pointe-aux-Trembles,All year,Sunday,0,0.406,64,6,0
Rivière-des-Prairies–Pointe-aux-Trembles,All year,Sunday,1,0.415,65,6,0
Rivière-des-Prairies–Pointe-aux-Trembles,All year,Sunday,2,0.338,65,6,0
Rivière-des-Prairies–Pointe-aux-Trembles,All year,Sunday,3,0.292,65,6,0
Rivière-des-Prairies–Pointe-aux-Trembles,All year,Sunday,4,0.338,65,6,0
Rivière-des-Prairies–Pointe-aux-Trembles,All year,Sunday,5,0.591,66,6,0
Rivière-des-Prairies–Pointe-aux-Trembles,All year,Sunday,6,0.848,66,6,0
Rivière-des-Prairies–Pointe-aux-Trembles,All year,Sunday,7,0.773,66,6,0
Rivière-des-Prairies–Pointe-aux-Trembles,All year,Sunday,8,1.015,66,6,0
Rivière-des-Prairies–Pointe-aux-Trembles,All year,Sunday,9,1.277,65,6,0
Rivière-des-Prairies–Pointe-aux-Trembles,All year,Sunday,10,2.0,65,6,0
Rivière-des-Prairies–Pointe-aux-Trembles,All year,Sunday,11,1.909,66,6,0
Rivière-des-Prairies–Pointe-aux-Trembles,All year,Sunday,12,2.212,66,6,0
Rivière-des-Prairies–Pointe-aux-Trembles,All year,Sunday,13,2.508,65,6,0
Rivière-des-Prairies–Pointe-aux-Trembles,All year,Sunday,14,2.953,64,6,0
Rivière-des-Prairies–Pointe-aux-Trembles,All year,Sunday,15,3.406,64,6,0
Rivière-des-Prairies–Pointe-aux-Trembles,All year,Sunday,16,2.438,64,6,0
Rivière-des-Prairies–Pointe-aux-Trembles,All year,Sunday,17,1.492,65,6,0
Rivière-des-Prairies–Pointe-aux-Trembles,All year,Sunday,18,1.292,65,6,0
Rivière-des-Prairies–Pointe-aux-Trembles,All year,Sunday,19,1.375,64,6,0
Rivière-des-Prairies–Pointe-aux-Trembles,All year,Sunday,20,1.016,64,6,0
Rivière-des-Prairies–Pointe-aux-Trembles,All year,Sunday,21,1.062,64,6,0
Rivière-des-Prairies–Pointe-aux-Trembles,All year,Sunday,22,0.762,63,6,0
Rivière-des-Prairies–Pointe-aux-Trembles,All year,Sunday,23,0.411,56,6,0
Rosemont–La Petite-Patrie,All year,Monday,0,2.28,50,0,0
Rosemont–La Petite-Patrie,All year,Monday,1,1.386,44,0,0
Rosemont–La Petite-Patrie,All year,Monday,2,0.96,50,0,0
Rosemont–La Petite-Patrie,All year,Monday,3,0.52,50,0,0
Rosemont–La Petite-Patrie,All year,Monday,4,1.06,50,0,0
Rosemont–La Petite-Patrie,All year,Monday,5,2.18,50,0,0
Rosemont–La Petite-Patrie,All year,Monday,6,5.6,50,0,0
Rosemont–La Petite-Patrie,All year,Monday,7,15.769,52,0,0
Rosemont–La Petite-Patrie,All year,Monday,8,29.28,50,0,0
Rosemont–La Petite-Patrie,All year,Monday,9,13.24,50,0,0
Rosemont–La Petite-Patrie,All year,Monday,10,10.78,50,0,0
Rosemont–La Petite-Patrie,All year,Monday,11,12.604,48,0,0
Rosemont–La Petite-Patrie,All year,Monday,12,13.682,44,0,0
Rosemont–La Petite-Patrie,All year,Monday,13,14.25,44,0,0
Rosemont–La Petite-Patrie,All year,Monday,14,14.864,44,0,0
Rosemont–La Petite-Patrie,All year,Monday,15,22.905,42,0,0
Rosemont–La Petite-Patrie,All year,Monday,16,29.159,44,0,0
Rosemont–La Petite-Patrie,All year,Monday,17,35.326,46,0,0
Rosemont–La Petite-Patrie,All year,Monday,18,22.071,42,0,0
Rosemont–La Petite-Patrie,All year,Monday,19,17.114,44,0,0
Rosemont–La Petite-Patrie,All year,Monday,20,10.233,43,0,0
Rosemont–La Petite-Patrie,All year,Monday,21,9.195,41,0,0
Rosemont–La Petite-Patrie,All year,Monday,22,7.024,41,0,0
Rosemont–La Petite-Patrie,All year,Monday,23,5.767,43,0,0
Rosemont–La Petite-Patrie,All year,Tuesday,0,2.872,47,1,0
Rosemont–La Petite-Patrie,All year,Tuesday,1,1.067,45,1,0
Rosemont–La Petite-Patrie,All year,Tuesday,2,1.047,43,1,0
Rosemont–La Petite-Patrie,All year,Tuesday,3,0.93,43,1,0
Rosemont–La Petite-Patrie,All year,Tuesday,4,1.256,43,1,0
Rosemont–La Petite-Patrie,All year,Tuesday,5,2.86,43,1,0
Rosemont–La Petite-Patrie,All year,Tuesday,6,6.978,45,1,0
Rosemont–La Petite-Patrie,All year,Tuesday,7,25.533,45,1,0
Rosemont–La Petite-Patrie,All year,Tuesday,8,40.067,45,1,0
Rosemont–La Petite-Patrie,All year,Tuesday,9,21.317,41,1,0
Rosemont–La Petite-Patrie,All year,Tuesday,10,14.585,41,1,0
Rosemont–La Petite-Patrie,All year,Tuesday,11,14.268,41,1,0
Rosemont–La Petite-Patrie,All year,Tuesday,12,18.463,41,1,0
Rosemont–La Petite-Patrie,All year,Tuesday,13,18.39,41,1,0
Rosemont–La Petite-Patrie,All year,Tuesday,14,14.951,41,1,0
Rosemont–La Petite-Patrie,All year,Tuesday,15,27.282,39,1,0
Rosemont–La Petite-Patrie,All year,Tuesday,16,39.721,43,1,0
Rosemont–La Petite-Patrie,All year,Tuesday,17,53.279,43,1,0
Rosemont–La Petite-Patrie,All year,Tuesday,18,31.326,43,1,0
Rosemont–La Petite-Patrie,All year,Tuesday,19,19.419,43,1,0
Rosemont–La Petite-Patrie,All year,Tuesday,20,15.681,47,1,0
Rosemont–La Petite-Patrie,All year,Tuesday,21,12.936,47,1,0
Rosemont–La Petite-Patrie,All year,Tuesday,22,11.93,43,1,0
Rosemont–La Petite-Patrie,All year,Tuesday,23,5.878,49,1,0
Rosemont–La Petite-Patrie,All year,Wednesday,0,2.979,48,2,0
Rosemont–La Petite-Patrie,All year,Wednesday,1,1.538,39,2,0
Rosemont–La Petite-Patrie,All year,Wednesday,2,0.976,41,2,0
Rosemont–La Petite-Patrie,All year,Wednesday,3,0.561,41,2,0
Rosemont–La Petite-Patrie,All year,Wednesday,4,1.07,43,2,0
Rosemont–La Petite-Patrie,All year,Wednesday,5,2.605,43,2,0
Rosemont–La Petite-Patrie,All year,Wednesday,6,6.395,43,2,0
Rosemont–La Petite-Patrie,All year,Wednesday,7,19.605,43,2,0
Rosemont–La Petite-Patrie,All year,Wednesday,8,32.167,42,2,0
Rosemont–La Petite-Patrie,All year,Wednesday,9,16.929,42,2,0
Rosemont–La Petite-Patrie,All year,Wednesday,10,12.535,43,2,0
Rosemont–La Petite-Patrie,All year,Wednesday,11,10.436,39,2,0
Rosemont–La Petite-Patrie,All year,Wednesday,12,12.0,39,2,0
Rosemont–La Petite-Patrie,All year,Wednesday,13,13.073,41,2,0
Rosemont–La Petite-Patrie,All year,Wednesday,14,10.975,40,2,0
Rosemont–La Petite-Patrie,All year,Wednesday,15,15.583,36,2,0
Rosemont–La Petite-Patrie,All year,Wednesday,16,23.667,39,2,0
Rosemont–La Petite-Patrie,All year,Wednesday,17,30.75,40,2,0
Rosemont–La Petite-Patrie,All year,Wednesday,18,21.4,45,2,0
Rosemont–La Petite-Patrie,All year,Wednesday,19,16.791,43,2,0
Rosemont–La Petite-Patrie,All year,Wednesday,20,13.578,45,2,0
Rosemont–La Petite-Patrie,All year,Wednesday,21,8.889,45,2,0
Rosemont–La Petite-Patrie,All year,Wednesday,22,8.698,43,2,0
Rosemont–La Petite-Patrie,All year,Wednesday,23,5.289,45,2,0
Rosemont–La Petite-Patrie,All year,Thursday,0,2.562,48,3,0
Rosemont–La Petite-Patrie,All year,Thursday,1,1.429,42,3,0
Rosemont–La Petite-Patrie,All year,Thursday,2,0.864,44,3,0
Rosemont–La Petite-Patrie,All year,Thursday,3,0.864,44,3,0
Rosemont–La Petite-Patrie,All year,Thursday,4,0.886,44,3,0
Rosemont–La Petite-Patrie,All year,Thursday,5,2.341,44,3,0
Rosemont–La Petite-Patrie,All year,Thursday,6,5.205,44,3,0
Rosemont–La Petite-Patrie,All year,Thursday,7,17.205,44,3,0
Rosemont–La Petite-Patrie,All year,Thursday,8,32.341,44,3,0
Rosemont–La Petite-Patrie,All year,Thursday,9,15.317,41,3,0
Rosemont–La Petite-Patrie,All year,Thursday,10,11.75,40,3,0
Rosemont–La Petite-Patrie,All year,Thursday,11,11.789,38,3,0
Rosemont–La Petite-Patrie,All year,Thursday,12,14.289,38,3,0
Rosemont–La Petite-Patrie,All year,Thursday,13,16.22,41,3,0
Rosemont–La Petite-Patrie,All year,Thursday,14,14.463,41,3,0
Rosemont–La Petite-Patrie,All year,Thursday,15,16.949,39,3,0
Rosemont–La Petite-Patrie,All year,Thursday,16,28.452,42,3,0
Rosemont–La Petite-Patrie,All year,Thursday,17,34.5,40,3,0
Rosemont–La Petite-Patrie,All year,Thursday,18,21.386,44,3,0
Rosemont–La Petite-Patrie,All year,Thursday,19,14.795,44,3,0
Rosemont–La Petite-Patrie,All year,Thursday,20,11.476,42,3,0
Rosemont–La Petite-Patrie,All year,Thursday,21,11.659,41,3,0
Rosemont–La Petite-Patrie,All year,Thursday,22,9.375,40,3,0
Rosemont–La Petite-Patrie,All year,Thursday,23,7.186,43,3,0
Rosemont–La Petite-Patrie,All year,Friday,0,3.791,43,4,0
Rosemont–La Petite-Patrie,All year,Friday,1,2.077,39,4,0
Rosemont–La Petite-Patrie,All year,Friday,2,1.366,41,4,0
Rosemont–La Petite-Patrie,All year,Friday,3,0.93,43,4,0
Rosemont–La Petite-Patrie,All year,Friday,4,1.442,43,4,0
Rosemont–La Petite-Patrie,All year,Friday,5,2.302,43,4,0
Rosemont–La Petite-Patrie,All year,Friday,6,4.614,44,4,0
Rosemont–La Petite-Patrie,All year,Friday,7,15.659,44,4,0
Rosemont–La Petite-Patrie,All year,Friday,8,26.087,46,4,0
Rosemont–La Petite-Patrie,All year,Friday,9,14.63,46,4,0
Rosemont–La Petite-Patrie,All year,Friday,10,12.783,46,4,0
Rosemont–La Petite-Patrie,All year,Friday,11,13.261,46,4,0
Rosemont–La Petite-Patrie,All year,Friday,12,17.174,46,4,0
Rosemont–La Petite-Patrie,All year,Friday,13,15.413,46,4,0
Rosemont–La Petite-Patrie,All year,Friday,14,16.864,44,4,0
Rosemont–La Petite-Patrie,All year,Friday,15,22.432,44,4,0
Rosemont–La Petite-Patrie,All year,Friday,16,29.312,48,4,0
Rosemont–La Petite-Patrie,All year,Friday,17,27.104,48,4,0
Rosemont–La Petite-Patrie,All year,Friday,18,20.021,48,4,0
Rosemont–La Petite-Patrie,All year,Friday,19,12.913,46,4,0
Rosemont–La Petite-Patrie,All year,Friday,20,10.5,44,4,0
Rosemont–La Petite-Patrie,All year,Friday,21,9.795,44,4,0
Rosemont–La Petite-Patrie,All year,Friday,22,9.773,44,4,0
Rosemont–La Petite-Patrie,All year,Friday,23,7.458,48,4,0
Rosemont–La Petite-Patrie,All year,Saturday,0,5.94,50,5,0
Rosemont–La Petite-Patrie,All year,Saturday,1,5.091,44,5,0
Rosemont–La Petite-Patrie,All year,Saturday,2,2.957,46,5,0
Rosemont–La Petite-Patrie,All year,Saturday,3,1.896,48,5,0
Rosemont–La Petite-Patrie,All year,Saturday,4,1.5,48,5,0
Rosemont–La Petite-Patrie,All year,Saturday,5,1.25,48,5,0
Rosemont–La Petite-Patrie,All year,Saturday,6,2.042,48,5,0
Rosemont–La Petite-Patrie,All year,Saturday,7,3.38,50,5,0
Rosemont–La Petite-Patrie,All year,Saturday,8,8.08,50,5,0
Rosemont–La Petite-Patrie,All year,Saturday,9,11.24,50,5,0
Rosemont–La Petite-Patrie,All year,Saturday,10,14.72,50,5,0
Rosemont–La Petite-Patrie,All year,Saturday,11,17.26,50,5,0
Rosemont–La Petite-Patrie,All year,Saturday,12,20.06,50,5,0
Rosemont–La Petite-Patrie,All year,Saturday,13,22.32,50,5,0
Rosemont–La Petite-Patrie,All year,Saturday,14,23.44,50,5,0
Rosemont–La Petite-Patrie,All year,Saturday,15,25.542,48,5,0
Rosemont–La Petite-Patrie,All year,Saturday,16,25.14,50,5,0
Rosemont–La Petite-Patrie,All year,Saturday,17,19.94,50,5,0
Rosemont–La Petite-Patrie,All year,Saturday,18,16.022,46,5,0
Rosemont–La Petite-Patrie,All year,Saturday,19,11.979,48,5,0
Rosemont–La Petite-Patrie,All year,Saturday,20,8.56,50,5,0
Rosemont–La Petite-Patrie,All year,Saturday,21,7.82,50,5,0
Rosemont–La Petite-Patrie,All year,Saturday,22,7.326,46,5,0
Rosemont–La Petite-Patrie,All year,Saturday,23,8.06,50,5,0
Rosemont–La Petite-Patrie,All year,Sunday,0,6.34,50,6,0
Rosemont–La Petite-Patrie,All year,Sunday,1,4.354,48,6,0
Rosemont–La Petite-Patrie,All year,Sunday,2,3.042,48,6,0
Rosemont–La Petite-Patrie,All year,Sunday,3,2.458,48,6,0
Rosemont–La Petite-Patrie,All year,Sunday,4,1.167,48,6,0
Rosemont–La Petite-Patrie,All year,Sunday,5,1.24,50,6,0
Rosemont–La Petite-Patrie,All year,Sunday,6,1.54,50,6,0
Rosemont–La Petite-Patrie,All year,Sunday,7,1.94,50,6,0
Rosemont–La Petite-Patrie,All year,Sunday,8,5.04,50,6,0
Rosemont–La Petite-Patrie,All year,Sunday,9,6.833,48,6,0
Rosemont–La Petite-Patrie,All year,Sunday,10,11.521,48,6,0
Rosemont–La Petite-Patrie,All year,Sunday,11,14.28,50,6,0
Rosemont–La Petite-Patrie,All year,Sunday,12,15.5,50,6,0
Rosemont–La Petite-Patrie,All year,Sunday,13,17.917,48,6,0
Rosemont–La Petite-Patrie,All year,Sunday,14,17.739,46,6,0
Rosemont–La Petite-Patrie,All year,Sunday,15,18.63,46,6,0
Rosemont–La Petite-Patrie,All year,Sunday,16,18.957,46,6,0
Rosemont–La Petite-Patrie,All year,Sunday,17,16.125,48,6,0
Rosemont–La Petite-Patrie,All year,Sunday,18,13.104,48,6,0
Rosemont–La Petite-Patrie,All year,Sunday,19,9.283,46,6,0
Rosemont–La Petite-Patrie,All year,Sunday,20,6.13,46,6,0
Rosemont–La Petite-Patrie,All year,Sunday,21,7.348,46,6,0
Rosemont–La Petite-Patrie,All year,Sunday,22,6.455,44,6,0
Rosemont–La Petite-Patrie,All year,Sunday,23,4.674,46,6,0
Saint-Laurent,All year,Monday,0,0.268,41,0,0
Saint-Laurent,All year,Monday,1,0.297,37,0,0
Saint-Laurent,All year,Monday,2,0.175,40,0,0
Saint-Laurent,All year,Monday,3,0.175,40,0,0
Saint-Laurent,All year,Monday,4,0.475,40,0,0
Saint-Laurent,All year,Monday,5,1.85,40,0,0
Saint-Laurent,All year,Monday,6,4.075,40,0,0
Saint-Laurent,All year,Monday,7,9.683,41,0,0
Saint-Laurent,All year,Monday,8,10.45,40,0,0
Saint-Laurent,All year,Monday,9,5.775,40,0,0
Saint-Laurent,All year,Monday,10,5.488,41,0,0
Saint-Laurent,All year,Monday,11,6.256,39,0,0
Saint-Laurent,All year,Monday,12,7.541,37,0,0
Saint-Laurent,All year,Monday,13,6.757,37,0,0
Saint-Laurent,All year,Monday,14,7.324,37,0,0
Saint-Laurent,All year,Monday,15,12.028,36,0,0
Saint-Laurent,All year,Monday,16,14.946,37,0,0
Saint-Laurent,All year,Monday,17,13.526,38,0,0
Saint-Laurent,All year,Monday,18,8.189,37,0,0
Saint-Laurent,All year,Monday,19,4.324,37,0,0
Saint-Laurent,All year,Monday,20,2.297,37,0,0
Saint-Laurent,All year,Monday,21,1.944,36,0,0
Saint-Laurent,All year,Monday,22,1.472,36,0,0
Saint-Laurent,All year,Monday,23,1.324,37,0,0
Saint-Laurent,All year,Tuesday,0,0.692,39,1,0
Saint-Laurent,All year,Tuesday,1,0.289,38,1,0
Saint-Laurent,All year,Tuesday,2,0.514,37,1,0
Saint-Laurent,All year,Tuesday,3,0.108,37,1,0
Saint-Laurent,All year,Tuesday,4,0.378,37,1,0
Saint-Laurent,All year,Tuesday,5,2.135,37,1,0
Saint-Laurent,All year,Tuesday,6,5.816,38,1,0
Saint-Laurent,All year,Tuesday,7,12.842,38,1,0
Saint-Laurent,All year,Tuesday,8,13.474,38,1,0
Saint-Laurent,All year,Tuesday,9,7.806,36,1,0
Saint-Laurent,All year,Tuesday,10,5.417,36,1,0
Saint-Laurent,All year,Tuesday,11,7.111,36,1,0
Saint-Laurent,All year,Tuesday,12,8.556,36,1,0
Saint-Laurent,All year,Tuesday,13,8.243,37,1,0
Saint-Laurent,All year,Tuesday,14,8.757,37,1,0
Saint-Laurent,All year,Tuesday,15,15.389,36,1,0
Saint-Laurent,All year,Tuesday,16,21.0,37,1,0
Saint-Laurent,All year,Tuesday,17,19.0,38,1,0
Saint-Laurent,All year,Tuesday,18,12.184,38,1,0
Saint-Laurent,All year,Tuesday,19,5.579,38,1,0
Saint-Laurent,All year,Tuesday,20,4.325,40,1,0
Saint-Laurent,All year,Tuesday,21,3.55,40,1,0
Saint-Laurent,All year,Tuesday,22,1.641,39,1,0
Saint-Laurent,All year,Tuesday,23,1.122,41,1,0
Saint-Laurent,All year,Wednesday,0,0.6,40,2,0
Saint-Laurent,All year,Wednesday,1,0.361,36,2,0
Saint-Laurent,All year,Wednesday,2,0.541,37,2,0
Saint-Laurent,All year,Wednesday,3,0.108,37,2,0
Saint-Laurent,All year,Wednesday,4,0.447,38,2,0
Saint-Laurent,All year,Wednesday,5,1.868,38,2,0
Saint-Laurent,All year,Wednesday,6,4.553,38,2,0
Saint-Laurent,All year,Wednesday,7,9.658,38,2,0
Saint-Laurent,All year,Wednesday,8,12.053,38,2,0
Saint-Laurent,All year,Wednesday,9,6.737,38,2,0
Saint-Laurent,All year,Wednesday,10,5.5,36,2,0
Saint-Laurent,All year,Wednesday,11,4.889,36,2,0
Saint-Laurent,All year,Wednesday,12,5.75,36,2,0
Saint-Laurent,All year,Wednesday,13,5.027,37,2,0
Saint-Laurent,All year,Wednesday,14,5.028,36,2,0
Saint-Laurent,All year,Wednesday,15,8.824,34,2,0
Saint-Laurent,All year,Wednesday,16,13.8,35,2,0
Saint-Laurent,All year,Wednesday,17,13.167,36,2,0
Saint-Laurent,All year,Wednesday,18,7.105,38,2,0
Saint-Laurent,All year,Wednesday,19,4.541,37,2,0
Saint-Laurent,All year,Wednesday,20,3.211,38,2,0
Saint-Laurent,All year,Wednesday,21,1.895,38,2,0
Saint-Laurent,All year,Wednesday,22,1.027,37,2,0
Saint-Laurent,All year,Wednesday,23,1.105,38,2,0
Saint-Laurent,All year,Thursday,0,0.333,39,3,0
Saint-Laurent,All year,Thursday,1,0.472,36,3,0
Saint-Laurent,All year,Thursday,2,0.27,37,3,0
Saint-Laurent,All year,Thursday,3,0.081,37,3,0
Saint-Laurent,All year,Thursday,4,0.27,37,3,0
Saint-Laurent,All year,Thursday,5,1.432,37,3,0
Saint-Laurent,All year,Thursday,6,4.405,37,3,0
Saint-Laurent,All year,Thursday,7,9.703,37,3,0
Saint-Laurent,All year,Thursday,8,11.649,37,3,0
Saint-Laurent,All year,Thursday,9,6.861,36,3,0
Saint-Laurent,All year,Thursday,10,4.857,35,3,0
Saint-Laurent,All year,Thursday,11,6.781,32,3,0
Saint-Laurent,All year,Thursday,12,6.562,32,3,0
Saint-Laurent,All year,Thursday,13,7.314,35,3,0
Saint-Laurent,All year,Thursday,14,7.829,35,3,0
Saint-Laurent,All year,Thursday,15,10.324,34,3,0
Saint-Laurent,All year,Thursday,16,14.378,37,3,0
Saint-Laurent,All year,Thursday,17,15.278,36,3,0
Saint-Laurent,All year,Thursday,18,8.763,38,3,0
Saint-Laurent,All year,Thursday,19,4.526,38,3,0
Saint-Laurent,All year,Thursday,20,3.811,37,3,0
Saint-Laurent,All year,Thursday,21,2.378,37,3,0
Saint-Laurent,All year,Thursday,22,1.722,36,3,0
Saint-Laurent,All year,Thursday,23,1.108,37,3,0
Saint-Laurent,All year,Friday,0,0.526,38,4,0
Saint-Laurent,All year,Friday,1,0.333,36,4,0
Saint-Laurent,All year,Friday,2,0.865,37,4,0
Saint-Laurent,All year,Friday,3,0.237,38,4,0
Saint-Laurent,All year,Friday,4,0.211,38,4,0
Saint-Laurent,All year,Friday,5,1.711,38,4,0
Saint-Laurent,All year,Friday,6,4.026,38,4,0
Saint-Laurent,All year,Friday,7,8.868,38,4,0
Saint-Laurent,All year,Friday,8,10.077,39,4,0
Saint-Laurent,All year,Friday,9,5.59,39,4,0
Saint-Laurent,All year,Friday,10,4.846,39,4,0
Saint-Laurent,All year,Friday,11,5.103,39,4,0
Saint-Laurent,All year,Friday,12,8.128,39,4,0
Saint-Laurent,All year,Friday,13,7.474,38,4,0
Saint-Laurent,All year,Friday,14,8.676,37,4,0
Saint-Laurent,All year,Friday,15,12.865,37,4,0
Saint-Laurent,All year,Friday,16,14.821,39,4,0
Saint-Laurent,All year,Friday,17,10.359,39,4,0
Saint-Laurent,All year,Friday,18,5.821,39,4,0
Saint-Laurent,All year,Friday,19,4.105,38,4,0
Saint-Laurent,All year,Friday,20,3.108,37,4,0
Saint-Laurent,All year,Friday,21,2.676,37,4,0
Saint-Laurent,All year,Friday,22,1.444,36,4,0
Saint-Laurent,All year,Friday,23,1.333,39,4,0
Saint-Laurent,All year,Saturday,0,0.35,40,5,0
Saint-Laurent,All year,Saturday,1,0.405,37,5,0
Saint-Laurent,All year,Saturday,2,0.263,38,5,0
Saint-Laurent,All year,Saturday,3,0.179,39,5,0
Saint-Laurent,All year,Saturday,4,0.128,39,5,0
Saint-Laurent,All year,Saturday,5,0.538,39,5,0
Saint-Laurent,All year,Saturday,6,0.821,39,5,0
Saint-Laurent,All year,Saturday,7,1.35,40,5,0
Saint-Laurent,All year,Saturday,8,2.2,40,5,0
Saint-Laurent,All year,Saturday,9,3.6,40,5,0
Saint-Laurent,All year,Saturday,10,4.3,40,5,0
Saint-Laurent,All year,Saturday,11,6.8,40,5,0
Saint-Laurent,All year,Saturday,12,7.175,40,5,0
Saint-Laurent,All year,Saturday,13,8.6,40,5,0
Saint-Laurent,All year,Saturday,14,7.875,40,5,0
Saint-Laurent,All year,Saturday,15,8.538,39,5,0
Saint-Laurent,All year,Saturday,16,7.35,40,5,0
Saint-Laurent,All year,Saturday,17,6.85,40,5,0
Saint-Laurent,All year,Saturday,18,5.184,38,5,0
Saint-Laurent,All year,Saturday,19,3.103,39,5,0
Saint-Laurent,All year,Saturday,20,2.55,40,5,0
Saint-Laurent,All year,Saturday,21,1.675,40,5,0
Saint-Laurent,All year,Saturday,22,1.447,38,5,0
Saint-Laurent,All year,Saturday,23,0.675,40,5,0
Saint-Laurent,All year,Sunday,0,0.634,41,6,0
Saint-Laurent,All year,Sunday,1,0.615,39,6,0
Saint-Laurent,All year,Sunday,2,0.59,39,6,0
Saint-Laurent,All year,Sunday,3,0.231,39,6,0
Saint-Laurent,All year,Sunday,4,0.359,39,6,0
Saint-Laurent,All year,Sunday,5,0.25,40,6,0
Saint-Laurent,All year,Sunday,6,0.625,40,6,0
Saint-Laurent,All year,Sunday,7,1.0,40,6,0
Saint-Laurent,All year,Sunday,8,2.15,40,6,0
Saint-Laurent,All year,Sunday,9,2.846,39,6,0
Saint-Laurent,All year,Sunday,10,3.641,39,6,0
Saint-Laurent,All year,Sunday,11,4.15,40,6,0
Saint-Laurent,All year,Sunday,12,4.825,40,6,0
Saint-Laurent,All year,Sunday,13,5.718,39,6,0
Saint-Laurent,All year,Sunday,14,5.368,38,6,0
Saint-Laurent,All year,Sunday,15,6.579,38,6,0
Saint-Laurent,All year,Sunday,16,6.211,38,6,0
Saint-Laurent,All year,Sunday,17,5.103,39,6,0
Saint-Laurent,All year,Sunday,18,4.0,39,6,0
Saint-Laurent,All year,Sunday,19,3.342,38,6,0
Saint-Laurent,All year,Sunday,20,1.684,38,6,0
Saint-Laurent,All year,Sunday,21,1.289,38,6,0
Saint-Laurent,All year,Sunday,22,1.324,37,6,0
Saint-Laurent,All year,Sunday,23,0.718,39,6,0
Ville-Marie,All year,Monday,0,5.601,396,0,0
Ville-Marie,All year,Monday,1,4.931,378,0,0
Ville-Marie,All year,Monday,2,2.832,405,0,0
Ville-Marie,All year,Monday,3,2.007,405,0,0
Ville-Marie,All year,Monday,4,1.758,405,0,0
Ville-Marie,All year,Monday,5,5.18,405,0,0
Ville-Marie,All year,Monday,6,12.523,405,0,0
Ville-Marie,All year,Monday,7,30.766,414,0,0
Ville-Marie,All year,Monday,8,69.803,402,0,0
Ville-Marie,All year,Monday,9,44.035,400,0,0
Ville-Marie,All year,Monday,10,31.965,403,0,0
Ville-Marie,All year,Monday,11,35.592,392,0,0
Ville-Marie,All year,Monday,12,44.471,374,0,0
Ville-Marie,All year,Monday,13,44.74,385,0,0
Ville-Marie,All year,Monday,14,44.041,386,0,0
Ville-Marie,All year,Monday,15,54.135,377,0,0
Ville-Marie,All year,Monday,16,80.075,389,0,0
Ville-Marie,All year,Monday,17,106.231,398,0,0
Ville-Marie,All year,Monday,18,74.829,380,0,0
Ville-Marie,All year,Monday,19,50.517,389,0,0
Ville-Marie,All year,Monday,20,38.863,387,0,0
Ville-Marie,All year,Monday,21,31.048,378,0,0
Ville-Marie,All year,Monday,22,20.868,380,0,0
Ville-Marie,All year,Monday,23,11.938,370,0,0
Ville-Marie,All year,Tuesday,0,5.261,383,1,0
Ville-Marie,All year,Tuesday,1,3.93,400,1,0
Ville-Marie,All year,Tuesday,2,2.373,391,1,0
Ville-Marie,All year,Tuesday,3,1.599,389,1,0
Ville-Marie,All year,Tuesday,4,1.514,389,1,0
Ville-Marie,All year,Tuesday,5,6.226,389,1,0
Ville-Marie,All year,Tuesday,6,17.53,398,1,0
Ville-Marie,All year,Tuesday,7,45.972,398,1,0
Ville-Marie,All year,Tuesday,8,106.013,396,1,0
Ville-Marie,All year,Tuesday,9,63.241,378,1,0
Ville-Marie,All year,Tuesday,10,38.407,378,1,0
Ville-Marie,All year,Tuesday,11,41.657,382,1,0
Ville-Marie,All year,Tuesday,12,48.873,378,1,0
Ville-Marie,All year,Tuesday,13,51.914,372,1,0
Ville-Marie,All year,Tuesday,14,47.838,382,1,0
Ville-Marie,All year,Tuesday,15,61.957,372,1,0
Ville-Marie,All year,Tuesday,16,98.164,390,1,0
Ville-Marie,All year,Tuesday,17,141.73,389,1,0
Ville-Marie,All year,Tuesday,18,88.79,390,1,0
Ville-Marie,All year,Tuesday,19,59.375,387,1,0
Ville-Marie,All year,Tuesday,20,42.919,408,1,0
Ville-Marie,All year,Tuesday,21,35.777,408,1,0
Ville-Marie,All year,Tuesday,22,25.86,393,1,0
Ville-Marie,All year,Tuesday,23,12.514,403,1,0
Ville-Marie,All year,Wednesday,0,5.731,372,2,0
Ville-Marie,All year,Wednesday,1,4.357,370,2,0
Ville-Marie,All year,Wednesday,2,2.585,378,2,0
Ville-Marie,All year,Wednesday,3,1.648,378,2,0
Ville-Marie,All year,Wednesday,4,1.615,387,2,0
Ville-Marie,All year,Wednesday,5,6.178,387,2,0
Ville-Marie,All year,Wednesday,6,19.036,387,2,0
Ville-Marie,All year,Wednesday,7,49.837,386,2,0
Ville-Marie,All year,Wednesday,8,109.689,386,2,0
Ville-Marie,All year,Wednesday,9,63.029,384,2,0
Ville-Marie,All year,Wednesday,10,38.865,384,2,0
Ville-Marie,All year,Wednesday,11,40.869,366,2,0
Ville-Marie,All year,Wednesday,12,48.601,368,2,0
Ville-Marie,All year,Wednesday,13,48.157,381,2,0
Ville-Marie,All year,Wednesday,14,45.424,380,2,0
Ville-Marie,All year,Wednesday,15,58.228,360,2,0
Ville-Marie,All year,Wednesday,16,94.119,371,2,0
Ville-Marie,All year,Wednesday,17,130.798,371,2,0
Ville-Marie,All year,Wednesday,18,83.478,400,2,0
Ville-Marie,All year,Wednesday,19,59.57,391,2,0
Ville-Marie,All year,Wednesday,20,42.83,400,2,0
Ville-Marie,All year,Wednesday,21,33.767,399,2,0
Ville-Marie,All year,Wednesday,22,26.486,389,2,0
Ville-Marie,All year,Wednesday,23,10.241,382,2,0
Ville-Marie,All year,Thursday,0,5.814,392,3,0
Ville-Marie,All year,Thursday,1,4.558,378,3,0
Ville-Marie,All year,Thursday,2,2.604,386,3,0
Ville-Marie,All year,Thursday,3,1.575,386,3,0
Ville-Marie,All year,Thursday,4,1.539,386,3,0
Ville-Marie,All year,Thursday,5,5.117,386,3,0
Ville-Marie,All year,Thursday,6,15.827,387,3,0
Ville-Marie,All year,Thursday,7,40.165,387,3,0
Ville-Marie,All year,Thursday,8,93.79,386,3,0
Ville-Marie,All year,Thursday,9,54.861,373,3,0
Ville-Marie,All year,Thursday,10,35.542,367,3,0
Ville-Marie,All year,Thursday,11,41.419,358,3,0
Ville-Marie,All year,Thursday,12,49.381,357,3,0
Ville-Marie,All year,Thursday,13,48.546,366,3,0
Ville-Marie,All year,Thursday,14,46.848,368,3,0
Ville-Marie,All year,Thursday,15,55.986,359,3,0
Ville-Marie,All year,Thursday,16,86.994,361,3,0
Ville-Marie,All year,Thursday,17,115.332,352,3,0
Ville-Marie,All year,Thursday,18,73.205,371,3,0
Ville-Marie,All year,Thursday,19,50.857,371,3,0
Ville-Marie,All year,Thursday,20,40.324,364,3,0
Ville-Marie,All year,Thursday,21,35.528,360,3,0
Ville-Marie,All year,Thursday,22,28.848,355,3,0
Ville-Marie,All year,Thursday,23,15.061,328,3,0
Ville-Marie,All year,Friday,0,6.961,361,4,0
Ville-Marie,All year,Friday,1,6.674,337,4,0
Ville-Marie,All year,Friday,2,3.501,345,4,0
Ville-Marie,All year,Friday,3,2.98,354,4,0
Ville-Marie,All year,Friday,4,1.766,354,4,0
Ville-Marie,All year,Friday,5,5.288,354,4,0
Ville-Marie,All year,Friday,6,12.229,363,4,0
Ville-Marie,All year,Friday,7,26.567,363,4,0
Ville-Marie,All year,Friday,8,50.742,372,4,0
Ville-Marie,All year,Friday,9,38.984,380,4,0
Ville-Marie,All year,Friday,10,34.143,378,4,0
Ville-Marie,All year,Friday,11,38.566,387,4,0
Ville-Marie,All year,Friday,12,51.091,386,4,0
Ville-Marie,All year,Friday,13,50.694,385,4,0
Ville-Marie,All year,Friday,14,56.021,378,4,0
Ville-Marie,All year,Friday,15,62.098,378,4,0
Ville-Marie,All year,Friday,16,77.254,397,4,0
Ville-Marie,All year,Friday,17,86.579,394,4,0
Ville-Marie,All year,Friday,18,69.116,397,4,0
Ville-Marie,All year,Friday,19,55.018,385,4,0
Ville-Marie,All year,Friday,20,44.425,379,4,0
Ville-Marie,All year,Friday,21,36.876,380,4,0
Ville-Marie,All year,Friday,22,32.01,381,4,0
Ville-Marie,All year,Friday,23,17.802,368,4,0
Ville-Marie,All year,Saturday,0,11.817,405,5,0
Ville-Marie,All year,Saturday,1,14.177,378,5,0
Ville-Marie,All year,Saturday,2,9.23,387,5,0
Ville-Marie,All year,Saturday,3,7.144,396,5,0
Ville-Marie,All year,Saturday,4,3.048,396,5,0
Ville-Marie,All year,Saturday,5,3.175,395,5,0
Ville-Marie,All year,Saturday,6,5.178,393,5,0
Ville-Marie,All year,Saturday,7,9.01,403,5,0
Ville-Marie,All year,Saturday,8,15.035,404,5,0
Ville-Marie,All year,Saturday,9,26.485,404,5,0
Ville-Marie,All year,Saturday,10,36.73,407,5,0
Ville-Marie,All year,Saturday,11,47.201,407,5,0
Ville-Marie,All year,Saturday,12,56.044,407,5,0
Ville-Marie,All year,Saturday,13,59.558,407,5,0
Ville-Marie,All year,Saturday,14,66.177,407,5,0
Ville-Marie,All year,Saturday,15,70.144,397,5,0
Ville-Marie,All year,Saturday,16,67.5,406,5,0
Ville-Marie,All year,Saturday,17,62.687,406,5,0
Ville-Marie,All year,Saturday,18,57.604,386,5,0
Ville-Marie,All year,Saturday,19,46.408,397,5,0
Ville-Marie,All year,Saturday,20,36.655,406,5,0
Ville-Marie,All year,Saturday,21,30.165,406,5,0
Ville-Marie,All year,Saturday,22,27.521,388,5,0
Ville-Marie,All year,Saturday,23,15.788,391,5,0
Ville-Marie,All year,Sunday,0,11.651,398,6,0
Ville-Marie,All year,Sunday,1,11.997,395,6,0
Ville-Marie,All year,Sunday,2,8.939,394,6,0
Ville-Marie,All year,Sunday,3,6.824,393,6,0
Ville-Marie,All year,Sunday,4,3.063,394,6,0
Ville-Marie,All year,Sunday,5,2.859,403,6,0
Ville-Marie,All year,Sunday,6,4.153,404,6,0
Ville-Marie,All year,Sunday,7,7.347,404,6,0
Ville-Marie,All year,Sunday,8,11.926,404,6,0
Ville-Marie,All year,Sunday,9,22.368,394,6,0
Ville-Marie,All year,Sunday,10,33.799,394,6,0
Ville-Marie,All year,Sunday,11,42.948,403,6,0
Ville-Marie,All year,Sunday,12,50.804,404,6,0
Ville-Marie,All year,Sunday,13,54.682,396,6,0
Ville-Marie,All year,Sunday,14,60.389,386,6,0
Ville-Marie,All year,Sunday,15,63.085,386,6,0
Ville-Marie,All year,Sunday,16,61.047,386,6,0
Ville-Marie,All year,Sunday,17,55.886,395,6,0
Ville-Marie,All year,Sunday,18,46.808,395,6,0
Ville-Marie,All year,Sunday,19,38.992,386,6,0
Ville-Marie,All year,Sunday,20,28.155,386,6,0
Ville-Marie,All year,Sunday,21,25.751,386,6,0
Ville-Marie,All year,Sunday,22,19.79,377,6,0
Ville-Marie,All year,Sunday,23,10.564,349,6,0
Villeray–Saint-Michel–Parc-Extension,All year,Monday,0,0.643,56,0,0
Villeray–Saint-Michel–Parc-Extension,All year,Monday,1,0.52,50,0,0
Villeray–Saint-Michel–Parc-Extension,All year,Monday,2,0.196,56,0,0
Villeray–Saint-Michel–Parc-Extension,All year,Monday,3,0.143,56,0,0
Villeray–Saint-Michel–Parc-Extension,All year,Monday,4,0.554,56,0,0
Villeray–Saint-Michel–Parc-Extension,All year,Monday,5,1.589,56,0,0
Villeray–Saint-Michel–Parc-Extension,All year,Monday,6,1.5,56,0,0
Villeray–Saint-Michel–Parc-Extension,All year,Monday,7,4.534,58,0,0
Villeray–Saint-Michel–Parc-Extension,All year,Monday,8,9.411,56,0,0
Villeray–Saint-Michel–Parc-Extension,All year,Monday,9,3.518,56,0,0
Villeray–Saint-Michel–Parc-Extension,All year,Monday,10,3.0,55,0,0
Villeray–Saint-Michel–Parc-Extension,All year,Monday,11,3.34,53,0,0
Villeray–Saint-Michel–Parc-Extension,All year,Monday,12,4.94,50,0,0
Villeray–Saint-Michel–Parc-Extension,All year,Monday,13,3.72,50,0,0
Villeray–Saint-Michel–Parc-Extension,All year,Monday,14,3.76,50,0,0
Villeray–Saint-Michel–Parc-Extension,All year,Monday,15,5.75,48,0,0
Villeray–Saint-Michel–Parc-Extension,All year,Monday,16,7.857,49,0,0
Villeray–Saint-Michel–Parc-Extension,All year,Monday,17,8.314,51,0,0
Villeray–Saint-Michel–Parc-Extension,All year,Monday,18,5.319,47,0,0
Villeray–Saint-Michel–Parc-Extension,All year,Monday,19,4.408,49,0,0
Villeray–Saint-Michel–Parc-Extension,All year,Monday,20,2.98,50,0,0
Villeray–Saint-Michel–Parc-Extension,All year,Monday,21,2.375,48,0,0
Villeray–Saint-Michel–Parc-Extension,All year,Monday,22,1.532,47,0,0
Villeray–Saint-Michel–Parc-Extension,All year,Monday,23,1.592,49,0,0
Villeray–Saint-Michel–Parc-Extension,All year,Tuesday,0,1.038,53,1,0
Villeray–Saint-Michel–Parc-Extension,All year,Tuesday,1,0.373,51,1,0
Villeray–Saint-Michel–Parc-Extension,All year,Tuesday,2,0.265,49,1,0
Villeray–Saint-Michel–Parc-Extension,All year,Tuesday,3,0.388,49,1,0
Villeray–Saint-Michel–Parc-Extension,All year,Tuesday,4,0.429,49,1,0
Villeray–Saint-Michel–Parc-Extension,All year,Tuesday,5,2.102,49,1,0
Villeray–Saint-Michel–Parc-Extension,All year,Tuesday,6,1.706,51,1,0
Villeray–Saint-Michel–Parc-Extension,All year,Tuesday,7,5.824,51,1,0
Villeray–Saint-Michel–Parc-Extension,All year,Tuesday,8,10.275,51,1,0
Villeray–Saint-Michel–Parc-Extension,All year,Tuesday,9,4.708,48,1,0
Villeray–Saint-Michel–Parc-Extension,All year,Tuesday,10,3.417,48,1,0
Villeray–Saint-Michel–Parc-Extension,All year,Tuesday,11,3.898,49,1,0
Villeray–Saint-Michel–Parc-Extension,All year,Tuesday,12,5.583,48,1,0
Villeray–Saint-Michel–Parc-Extension,All year,Tuesday,13,4.542,48,1,0
Villeray–Saint-Michel–Parc-Extension,All year,Tuesday,14,3.875,48,1,0
Villeray–Saint-Michel–Parc-Extension,All year,Tuesday,15,7.109,46,1,0
Villeray–Saint-Michel–Parc-Extension,All year,Tuesday,16,10.78,50,1,0
Villeray–Saint-Michel–Parc-Extension,All year,Tuesday,17,14.26,50,1,0
Villeray–Saint-Michel–Parc-Extension,All year,Tuesday,18,8.12,50,1,0
Villeray–Saint-Michel–Parc-Extension,All year,Tuesday,19,6.118,51,1,0
Villeray–Saint-Michel–Parc-Extension,All year,Tuesday,20,4.519,54,1,0
Villeray–Saint-Michel–Parc-Extension,All year,Tuesday,21,3.389,54,1,0
Villeray–Saint-Michel–Parc-Extension,All year,Tuesday,22,2.827,52,1,0
Villeray–Saint-Michel–Parc-Extension,All year,Tuesday,23,1.786,56,1,0
Villeray–Saint-Michel–Parc-Extension,All year,Wednesday,0,0.815,54,2,0
Villeray–Saint-Michel–Parc-Extension,All year,Wednesday,1,0.447,47,2,0
Villeray–Saint-Michel–Parc-Extension,All year,Wednesday,2,0.184,49,2,0
Villeray–Saint-Michel–Parc-Extension,All year,Wednesday,3,0.367,49,2,0
Villeray–Saint-Michel–Parc-Extension,All year,Wednesday,4,0.412,51,2,0
Villeray–Saint-Michel–Parc-Extension,All year,Wednesday,5,1.451,51,2,0
Villeray–Saint-Michel–Parc-Extension,All year,Wednesday,6,1.286,49,2,0
Villeray–Saint-Michel–Parc-Extension,All year,Wednesday,7,4.878,49,2,0
Villeray–Saint-Michel–Parc-Extension,All year,Wednesday,8,8.816,49,2,0
Villeray–Saint-Michel–Parc-Extension,All year,Wednesday,9,3.612,49,2,0
Villeray–Saint-Michel–Parc-Extension,All year,Wednesday,10,2.776,49,2,0
Villeray–Saint-Michel–Parc-Extension,All year,Wednesday,11,3.17,47,2,0
Villeray–Saint-Michel–Parc-Extension,All year,Wednesday,12,3.022,46,2,0
Villeray–Saint-Michel–Parc-Extension,All year,Wednesday,13,4.02,49,2,0
Villeray–Saint-Michel–Parc-Extension,All year,Wednesday,14,3.085,47,2,0
Villeray–Saint-Michel–Parc-Extension,All year,Wednesday,15,3.159,44,2,0
Villeray–Saint-Michel–Parc-Extension,All year,Wednesday,16,6.255,47,2,0
Villeray–Saint-Michel–Parc-Extension,All year,Wednesday,17,7.622,45,2,0
Villeray–Saint-Michel–Parc-Extension,All year,Wednesday,18,5.12,50,2,0
Villeray–Saint-Michel–Parc-Extension,All year,Wednesday,19,3.854,48,2,0
Villeray–Saint-Michel–Parc-Extension,All year,Wednesday,20,3.18,50,2,0
Villeray–Saint-Michel–Parc-Extension,All year,Wednesday,21,2.06,50,2,0
Villeray–Saint-Michel–Parc-Extension,All year,Wednesday,22,2.208,48,2,0
Villeray–Saint-Michel–Parc-Extension,All year,Wednesday,23,1.5,52,2,0
Villeray–Saint-Michel–Parc-Extension,All year,Thursday,0,0.6,55,3,0
Villeray–Saint-Michel–Parc-Extension,All year,Thursday,1,0.571,49,3,0
Villeray–Saint-Michel–Parc-Extension,All year,Thursday,2,0.157,51,3,0
Villeray–Saint-Michel–Parc-Extension,All year,Thursday,3,0.431,51,3,0
Villeray–Saint-Michel–Parc-Extension,All year,Thursday,4,0.314,51,3,0
Villeray–Saint-Michel–Parc-Extension,All year,Thursday,5,1.431,51,3,0
Villeray–Saint-Michel–Parc-Extension,All year,Thursday,6,1.353,51,3,0
Villeray–Saint-Michel–Parc-Extension,All year,Thursday,7,4.255,51,3,0
Villeray–Saint-Michel–Parc-Extension,All year,Thursday,8,8.078,51,3,0
Villeray–Saint-Michel–Parc-Extension,All year,Thursday,9,2.755,49,3,0
Villeray–Saint-Michel–Parc-Extension,All year,Thursday,10,2.787,47,3,0
Villeray–Saint-Michel–Parc-Extension,All year,Thursday,11,2.978,45,3,0
Villeray–Saint-Michel–Parc-Extension,All year,Thursday,12,4.333,45,3,0
Villeray–Saint-Michel–Parc-Extension,All year,Thursday,13,4.319,47,3,0
Villeray–Saint-Michel–Parc-Extension,All year,Thursday,14,4.0,48,3,0
Villeray–Saint-Michel–Parc-Extension,All year,Thursday,15,4.674,46,3,0
Villeray–Saint-Michel–Parc-Extension,All year,Thursday,16,8.959,49,3,0
Villeray–Saint-Michel–Parc-Extension,All year,Thursday,17,9.532,47,3,0
Villeray–Saint-Michel–Parc-Extension,All year,Thursday,18,6.039,51,3,0
Villeray–Saint-Michel–Parc-Extension,All year,Thursday,19,4.118,51,3,0
Villeray–Saint-Michel–Parc-Extension,All year,Thursday,20,3.271,48,3,0
Villeray–Saint-Michel–Parc-Extension,All year,Thursday,21,2.958,48,3,0
Villeray–Saint-Michel–Parc-Extension,All year,Thursday,22,2.109,46,3,0
Villeray–Saint-Michel–Parc-Extension,All year,Thursday,23,1.75,48,3,0
Villeray–Saint-Michel–Parc-Extension,All year,Friday,0,1.078,51,4,0
Villeray–Saint-Michel–Parc-Extension,All year,Friday,1,0.523,44,4,0
Villeray–Saint-Michel–Parc-Extension,All year,Friday,2,0.304,46,4,0
Villeray–Saint-Michel–Parc-Extension,All year,Friday,3,0.25,48,4,0
Villeray–Saint-Michel–Parc-Extension,All year,Friday,4,0.562,48,4,0
Villeray–Saint-Michel–Parc-Extension,All year,Friday,5,1.417,48,4,0
Villeray–Saint-Michel–Parc-Extension,All year,Friday,6,1.3,50,4,0
Villeray–Saint-Michel–Parc-Extension,All year,Friday,7,3.86,50,4,0
Villeray–Saint-Michel–Parc-Extension,All year,Friday,8,7.673,52,4,0
Villeray–Saint-Michel–Parc-Extension,All year,Friday,9,3.635,52,4,0
Villeray–Saint-Michel–Parc-Extension,All year,Friday,10,3.635,52,4,0
Villeray–Saint-Michel–Parc-Extension,All year,Friday,11,3.865,52,4,0
Villeray–Saint-Michel–Parc-Extension,All year,Friday,12,4.75,52,4,0
Villeray–Saint-Michel–Parc-Extension,All year,Friday,13,5.058,52,4,0
Villeray–Saint-Michel–Parc-Extension,All year,Friday,14,4.64,50,4,0
Villeray–Saint-Michel–Parc-Extension,All year,Friday,15,6.28,50,4,0
Villeray–Saint-Michel–Parc-Extension,All year,Friday,16,9.278,54,4,0
Villeray–Saint-Michel–Parc-Extension,All year,Friday,17,7.691,55,4,0
Villeray–Saint-Michel–Parc-Extension,All year,Friday,18,5.426,54,4,0
Villeray–Saint-Michel–Parc-Extension,All year,Friday,19,4.0,52,4,0
Villeray–Saint-Michel–Parc-Extension,All year,Friday,20,3.02,50,4,0
Villeray–Saint-Michel–Parc-Extension,All year,Friday,21,3.04,50,4,0
Villeray–Saint-Michel–Parc-Extension,All year,Friday,22,2.52,50,4,0
Villeray–Saint-Michel–Parc-Extension,All year,Friday,23,2.611,54,4,0
Villeray–Saint-Michel–Parc-Extension,All year,Saturday,0,1.5,56,5,0
Villeray–Saint-Michel–Parc-Extension,All year,Saturday,1,1.32,50,5,0
Villeray–Saint-Michel–Parc-Extension,All year,Saturday,2,0.75,52,5,0
Villeray–Saint-Michel–Parc-Extension,All year,Saturday,3,0.685,54,5,0
Villeray–Saint-Michel–Parc-Extension,All year,Saturday,4,0.481,54,5,0
Villeray–Saint-Michel–Parc-Extension,All year,Saturday,5,0.63,54,5,0
Villeray–Saint-Michel–Parc-Extension,All year,Saturday,6,0.519,54,5,0
Villeray–Saint-Michel–Parc-Extension,All year,Saturday,7,1.125,56,5,0
Villeray–Saint-Michel–Parc-Extension,All year,Saturday,8,2.232,56,5,0
Villeray–Saint-Michel–Parc-Extension,All year,Saturday,9,3.268,56,5,0
Villeray–Saint-Michel–Parc-Extension,All year,Saturday,10,4.964,56,5,0
Villeray–Saint-Michel–Parc-Extension,All year,Saturday,11,5.018,56,5,0
Villeray–Saint-Michel–Parc-Extension,All year,Saturday,12,6.607,56,5,0
Villeray–Saint-Michel–Parc-Extension,All year,Saturday,13,6.036,56,5,0
Villeray–Saint-Michel–Parc-Extension,All year,Saturday,14,7.036,56,5,0
Villeray–Saint-Michel–Parc-Extension,All year,Saturday,15,7.519,54,5,0
Villeray–Saint-Michel–Parc-Extension,All year,Saturday,16,7.429,56,5,0
Villeray–Saint-Michel–Parc-Extension,All year,Saturday,17,6.232,56,5,0
Villeray–Saint-Michel–Parc-Extension,All year,Saturday,18,4.231,52,5,0
Villeray–Saint-Michel–Parc-Extension,All year,Saturday,19,3.741,54,5,0
Villeray–Saint-Michel–Parc-Extension,All year,Saturday,20,3.161,56,5,0
Villeray–Saint-Michel–Parc-Extension,All year,Saturday,21,2.393,56,5,0
Villeray–Saint-Michel–Parc-Extension,All year,Saturday,22,2.096,52,5,0
Villeray–Saint-Michel–Parc-Extension,All year,Saturday,23,2.018,56,5,0
Villeray–Saint-Michel–Parc-Extension,All year,Sunday,0,1.411,56,6,0
Villeray–Saint-Michel–Parc-Extension,All year,Sunday,1,1.315,54,6,0
Villeray–Saint-Michel–Parc-Extension,All year,Sunday,2,0.815,54,6,0
Villeray–Saint-Michel–Parc-Extension,All year,Sunday,3,0.444,54,6,0
Villeray–Saint-Michel–Parc-Extension,All year,Sunday,4,0.352,54,6,0
Villeray–Saint-Michel–Parc-Extension,All year,Sunday,5,0.696,56,6,0
Villeray–Saint-Michel–Parc-Extension,All year,Sunday,6,0.5,56,6,0
Villeray–Saint-Michel–Parc-Extension,All year,Sunday,7,1.25,56,6,0
Villeray–Saint-Michel–Parc-Extension,All year,Sunday,8,1.75,56,6,0
Villeray–Saint-Michel–Parc-Extension,All year,Sunday,9,2.444,54,6,0
Villeray–Saint-Michel–Parc-Extension,All year,Sunday,10,3.778,54,6,0
Villeray–Saint-Michel–Parc-Extension,All year,Sunday,11,4.304,56,6,0
Villeray–Saint-Michel–Parc-Extension,All year,Sunday,12,4.407,54,6,0
Villeray–Saint-Michel–Parc-Extension,All year,Sunday,13,5.907,54,6,0
Villeray–Saint-Michel–Parc-Extension,All year,Sunday,14,6.788,52,6,0
Villeray–Saint-Michel–Parc-Extension,All year,Sunday,15,6.404,52,6,0
Villeray–Saint-Michel–Parc-Extension,All year,Sunday,16,6.135,52,6,0
Villeray–Saint-Michel–Parc-Extension,All year,Sunday,17,4.833,54,6,0
Villeray–Saint-Michel–Parc-Extension,All year,Sunday,18,3.611,54,6,0
Villeray–Saint-Michel–Parc-Extension,All year,Sunday,19,2.673,52,6,0
Villeray–Saint-Michel–Parc-Extension,All year,Sunday,20,2.288,52,6,0
Villeray–Saint-Michel–Parc-Extension,All year,Sunday,21,1.827,52,6,0
Villeray–Saint-Michel–Parc-Extension,All year,Sunday,22,1.7,50,6,0
Villeray–Saint-Michel–Parc-Extension,All year,Sunday,23,1.269,52,6,0
Ahuntsic-Cartierville,Winter,Monday,0,0.618,34,0,1
Ahuntsic-Cartierville,Winter,Monday,1,0.147,34,0,1
Ahuntsic-Cartierville,Winter,Monday,2,0.265,34,0,1
Ahuntsic-Cartierville,Winter,Monday,3,0.147,34,0,1
Ahuntsic-Cartierville,Winter,Monday,4,0.529,34,0,1
Ahuntsic-Cartierville,Winter,Monday,5,1.559,34,0,1
Ahuntsic-Cartierville,Winter,Monday,6,3.176,34,0,1
Ahuntsic-Cartierville,Winter,Monday,7,7.029,34,0,1
Ahuntsic-Cartierville,Winter,Monday,8,7.176,34,0,1
Ahuntsic-Cartierville,Winter,Monday,9,2.824,34,0,1
Ahuntsic-Cartierville,Winter,Monday,10,2.324,34,0,1
Ahuntsic-Cartierville,Winter,Monday,11,2.147,34,0,1
Ahuntsic-Cartierville,Winter,Monday,12,2.971,34,0,1
Ahuntsic-Cartierville,Winter,Monday,13,2.529,34,0,1
Ahuntsic-Cartierville,Winter,Monday,14,1.971,34,0,1
Ahuntsic-Cartierville,Winter,Monday,15,5.265,34,0,1
Ahuntsic-Cartierville,Winter,Monday,16,6.206,34,0,1
Ahuntsic-Cartierville,Winter,Monday,17,5.382,34,0,1
Ahuntsic-Cartierville,Winter,Monday,18,4.088,34,0,1
Ahuntsic-Cartierville,Winter,Monday,19,3.206,34,0,1
Ahuntsic-Cartierville,Winter,Monday,20,1.639,36,0,1
Ahuntsic-Cartierville,Winter,Monday,21,1.75,36,0,1
Ahuntsic-Cartierville,Winter,Monday,22,1.889,36,0,1
Ahuntsic-Cartierville,Winter,Monday,23,0.778,36,0,1
Ahuntsic-Cartierville,Winter,Tuesday,0,0.444,36,1,1
Ahuntsic-Cartierville,Winter,Tuesday,1,0.722,36,1,1
Ahuntsic-Cartierville,Winter,Tuesday,2,0.111,36,1,1
Ahuntsic-Cartierville,Winter,Tuesday,3,0.139,36,1,1
Ahuntsic-Cartierville,Winter,Tuesday,4,0.611,36,1,1
Ahuntsic-Cartierville,Winter,Tuesday,5,1.139,36,1,1
Ahuntsic-Cartierville,Winter,Tuesday,6,3.361,36,1,1
Ahuntsic-Cartierville,Winter,Tuesday,7,6.944,36,1,1
Ahuntsic-Cartierville,Winter,Tuesday,8,7.528,36,1,1
Ahuntsic-Cartierville,Winter,Tuesday,9,3.444,36,1,1
Ahuntsic-Cartierville,Winter,Tuesday,10,1.735,34,1,1
Ahuntsic-Cartierville,Winter,Tuesday,11,2.588,34,1,1
Ahuntsic-Cartierville,Winter,Tuesday,12,4.176,34,1,1
Ahuntsic-Cartierville,Winter,Tuesday,13,3.353,34,1,1
Ahuntsic-Cartierville,Winter,Tuesday,14,2.382,34,1,1
Ahuntsic-Cartierville,Winter,Tuesday,15,5.029,34,1,1
Ahuntsic-Cartierville,Winter,Tuesday,16,7.0,34,1,1
Ahuntsic-Cartierville,Winter,Tuesday,17,7.294,34,1,1
Ahuntsic-Cartierville,Winter,Tuesday,18,4.676,34,1,1
Ahuntsic-Cartierville,Winter,Tuesday,19,3.382,34,1,1
Ahuntsic-Cartierville,Winter,Tuesday,20,2.324,34,1,1
Ahuntsic-Cartierville,Winter,Tuesday,21,1.941,34,1,1
Ahuntsic-Cartierville,Winter,Tuesday,22,1.441,34,1,1
Ahuntsic-Cartierville,Winter,Tuesday,23,1.265,34,1,1
Ahuntsic-Cartierville,Winter,Wednesday,0,0.743,35,2,1
Ahuntsic-Cartierville,Winter,Wednesday,1,0.118,34,2,1
Ahuntsic-Cartierville,Winter,Wednesday,2,0.324,34,2,1
Ahuntsic-Cartierville,Winter,Wednesday,3,0.147,34,2,1
Ahuntsic-Cartierville,Winter,Wednesday,4,0.412,34,2,1
Ahuntsic-Cartierville,Winter,Wednesday,5,0.971,34,2,1
Ahuntsic-Cartierville,Winter,Wednesday,6,3.118,34,2,1
Ahuntsic-Cartierville,Winter,Wednesday,7,4.618,34,2,1
Ahuntsic-Cartierville,Winter,Wednesday,8,7.206,34,2,1
Ahuntsic-Cartierville,Winter,Wednesday,9,3.5,34,2,1
Ahuntsic-Cartierville,Winter,Wednesday,10,2.088,34,2,1
Ahuntsic-Cartierville,Winter,Wednesday,11,1.853,34,2,1
Ahuntsic-Cartierville,Winter,Wednesday,12,2.941,34,2,1
Ahuntsic-Cartierville,Winter,Wednesday,13,2.559,34,2,1
Ahuntsic-Cartierville,Winter,Wednesday,14,2.595,37,2,1
Ahuntsic-Cartierville,Winter,Wednesday,15,4.378,37,2,1
Ahuntsic-Cartierville,Winter,Wednesday,16,6.811,37,2,1
Ahuntsic-Cartierville,Winter,Wednesday,17,6.971,34,2,1
Ahuntsic-Cartierville,Winter,Wednesday,18,4.189,37,2,1
Ahuntsic-Cartierville,Winter,Wednesday,19,2.865,37,2,1
Ahuntsic-Cartierville,Winter,Wednesday,20,1.973,37,2,1
Ahuntsic-Cartierville,Winter,Wednesday,21,1.946,37,2,1
Ahuntsic-Cartierville,Winter,Wednesday,22,1.353,34,2,1
Ahuntsic-Cartierville,Winter,Wednesday,23,1.088,34,2,1
Ahuntsic-Cartierville,Winter,Thursday,0,1.088,34,3,1
Ahuntsic-Cartierville,Winter,Thursday,1,0.382,34,3,1
Ahuntsic-Cartierville,Winter,Thursday,2,0.294,34,3,1
Ahuntsic-Cartierville,Winter,Thursday,3,0.147,34,3,1
Ahuntsic-Cartierville,Winter,Thursday,4,0.441,34,3,1
Ahuntsic-Cartierville,Winter,Thursday,5,0.765,34,3,1
Ahuntsic-Cartierville,Winter,Thursday,6,2.412,34,3,1
Ahuntsic-Cartierville,Winter,Thursday,7,5.059,34,3,1
Ahuntsic-Cartierville,Winter,Thursday,8,6.094,32,3,1
Ahuntsic-Cartierville,Winter,Thursday,9,2.567,30,3,1
Ahuntsic-Cartierville,Winter,Thursday,10,1.938,32,3,1
Ahuntsic-Cartierville,Winter,Thursday,11,1.969,32,3,1
Ahuntsic-Cartierville,Winter,Thursday,12,2.656,32,3,1
Ahuntsic-Cartierville,Winter,Thursday,13,2.531,32,3,1
Ahuntsic-Cartierville,Winter,Thursday,14,2.656,32,3,1
Ahuntsic-Cartierville,Winter,Thursday,15,3.781,32,3,1
Ahuntsic-Cartierville,Winter,Thursday,16,4.938,32,3,1
Ahuntsic-Cartierville,Winter,Thursday,17,4.581,31,3,1
Ahuntsic-Cartierville,Winter,Thursday,18,2.935,31,3,1
Ahuntsic-Cartierville,Winter,Thursday,19,1.71,31,3,1
Ahuntsic-Cartierville,Winter,Thursday,20,2.065,31,3,1
Ahuntsic-Cartierville,Winter,Thursday,21,1.71,31,3,1
Ahuntsic-Cartierville,Winter,Thursday,22,1.226,31,3,1
Ahuntsic-Cartierville,Winter,Thursday,23,1.286,28,3,1
Ahuntsic-Cartierville,Winter,Friday,0,0.516,31,4,1
Ahuntsic-Cartierville,Winter,Friday,1,0.654,26,4,1
Ahuntsic-Cartierville,Winter,Friday,2,0.321,28,4,1
Ahuntsic-Cartierville,Winter,Friday,3,0.25,28,4,1
Ahuntsic-Cartierville,Winter,Friday,4,0.357,28,4,1
Ahuntsic-Cartierville,Winter,Friday,5,1.036,28,4,1
Ahuntsic-Cartierville,Winter,Friday,6,1.839,31,4,1
Ahuntsic-Cartierville,Winter,Friday,7,4.355,31,4,1
Ahuntsic-Cartierville,Winter,Friday,8,5.176,34,4,1
Ahuntsic-Cartierville,Winter,Friday,9,2.0,34,4,1
Ahuntsic-Cartierville,Winter,Friday,10,1.788,33,4,1
Ahuntsic-Cartierville,Winter,Friday,11,1.471,34,4,1
Ahuntsic-Cartierville,Winter,Friday,12,2.912,34,4,1
Ahuntsic-Cartierville,Winter,Friday,13,2.5,34,4,1
Ahuntsic-Cartierville,Winter,Friday,14,2.147,34,4,1
Ahuntsic-Cartierville,Winter,Friday,15,4.706,34,4,1
Ahuntsic-Cartierville,Winter,Friday,16,5.559,34,4,1
Ahuntsic-Cartierville,Winter,Friday,17,5.088,34,4,1
Ahuntsic-Cartierville,Winter,Friday,18,3.412,34,4,1
Ahuntsic-Cartierville,Winter,Friday,19,2.324,34,4,1
Ahuntsic-Cartierville,Winter,Friday,20,1.412,34,4,1
Ahuntsic-Cartierville,Winter,Friday,21,1.882,34,4,1
Ahuntsic-Cartierville,Winter,Friday,22,1.794,34,4,1
Ahuntsic-Cartierville,Winter,Friday,23,1.941,34,4,1
Ahuntsic-Cartierville,Winter,Saturday,0,1.0,34,5,1
Ahuntsic-Cartierville,Winter,Saturday,1,0.676,34,5,1
Ahuntsic-Cartierville,Winter,Saturday,2,0.324,34,5,1
Ahuntsic-Cartierville,Winter,Saturday,3,0.353,34,5,1
Ahuntsic-Cartierville,Winter,Saturday,4,0.824,34,5,1
Ahuntsic-Cartierville,Winter,Saturday,5,0.912,34,5,1
Ahuntsic-Cartierville,Winter,Saturday,6,1.265,34,5,1
Ahuntsic-Cartierville,Winter,Saturday,7,1.294,34,5,1
Ahuntsic-Cartierville,Winter,Saturday,8,3.529,34,5,1
Ahuntsic-Cartierville,Winter,Saturday,9,3.206,34,5,1
Ahuntsic-Cartierville,Winter,Saturday,10,3.294,34,5,1
Ahuntsic-Cartierville,Winter,Saturday,11,3.0,33,5,1
Ahuntsic-Cartierville,Winter,Saturday,12,2.182,33,5,1
Ahuntsic-Cartierville,Winter,Saturday,13,3.152,33,5,1
Ahuntsic-Cartierville,Winter,Saturday,14,3.647,34,5,1
Ahuntsic-Cartierville,Winter,Saturday,15,3.882,34,5,1
Ahuntsic-Cartierville,Winter,Saturday,16,4.059,34,5,1
Ahuntsic-Cartierville,Winter,Saturday,17,3.029,34,5,1
Ahuntsic-Cartierville,Winter,Saturday,18,2.353,34,5,1
Ahuntsic-Cartierville,Winter,Saturday,19,1.618,34,5,1
Ahuntsic-Cartierville,Winter,Saturday,20,1.353,34,5,1
Ahuntsic-Cartierville,Winter,Saturday,21,1.471,34,5,1
Ahuntsic-Cartierville,Winter,Saturday,22,1.353,34,5,1
Ahuntsic-Cartierville,Winter,Saturday,23,1.324,34,5,1
Ahuntsic-Cartierville,Winter,Sunday,0,0.548,31,6,1
Ahuntsic-Cartierville,Winter,Sunday,1,0.419,31,6,1
Ahuntsic-Cartierville,Winter,Sunday,2,0.581,31,6,1
Ahuntsic-Cartierville,Winter,Sunday,3,0.452,31,6,1
Ahuntsic-Cartierville,Winter,Sunday,4,0.258,31,6,1
Ahuntsic-Cartierville,Winter,Sunday,5,0.419,31,6,1
Ahuntsic-Cartierville,Winter,Sunday,6,0.806,31,6,1
Ahuntsic-Cartierville,Winter,Sunday,7,1.29,31,6,1
Ahuntsic-Cartierville,Winter,Sunday,8,1.484,31,6,1
Ahuntsic-Cartierville,Winter,Sunday,9,1.871,31,6,1
Ahuntsic-Cartierville,Winter,Sunday,10,2.129,31,6,1
Ahuntsic-Cartierville,Winter,Sunday,11,2.806,31,6,1
Ahuntsic-Cartierville,Winter,Sunday,12,2.032,31,6,1
Ahuntsic-Cartierville,Winter,Sunday,13,2.355,31,6,1
Ahuntsic-Cartierville,Winter,Sunday,14,2.806,31,6,1
Ahuntsic-Cartierville,Winter,Sunday,15,3.387,31,6,1
Ahuntsic-Cartierville,Winter,Sunday,16,3.645,31,6,1
Ahuntsic-Cartierville,Winter,Sunday,17,2.935,31,6,1
Ahuntsic-Cartierville,Winter,Sunday,18,2.097,31,6,1
Ahuntsic-Cartierville,Winter,Sunday,19,1.161,31,6,1
Ahuntsic-Cartierville,Winter,Sunday,20,1.452,31,6,1
Ahuntsic-Cartierville,Winter,Sunday,21,1.452,31,6,1
Ahuntsic-Cartierville,Winter,Sunday,22,1.419,31,6,1
Ahuntsic-Cartierville,Winter,Sunday,23,0.742,31,6,1
All Montréal,Winter,Monday,0,0.631,404,0,1
All Montréal,Winter,Monday,1,0.37,403,0,1
All Montréal,Winter,Monday,2,0.278,403,0,1
All Montréal,Winter,Monday,3,0.194,403,0,1
All Montréal,Winter,Monday,4,0.375,403,0,1
All Montréal,Winter,Monday,5,1.03,403,0,1
All Montréal,Winter,Monday,6,2.097,403,0,1
All Montréal,Winter,Monday,7,5.747,403,0,1
All Montréal,Winter,Monday,8,11.866,403,0,1
All Montréal,Winter,Monday,9,6.48,410,0,1
All Montréal,Winter,Monday,10,4.005,409,0,1
All Montréal,Winter,Monday,11,4.294,408,0,1
All Montréal,Winter,Monday,12,5.206,408,0,1
All Montréal,Winter,Monday,13,5.284,409,0,1
All Montréal,Winter,Monday,14,4.317,410,0,1
All Montréal,Winter,Monday,15,5.705,410,0,1
All Montréal,Winter,Monday,16,8.973,410,0,1
All Montréal,Winter,Monday,17,10.51,410,0,1
All Montréal,Winter,Monday,18,6.463,410,0,1
All Montréal,Winter,Monday,19,4.295,410,0,1
All Montréal,Winter,Monday,20,2.808,411,0,1
All Montréal,Winter,Monday,21,2.195,411,0,1
All Montréal,Winter,Monday,22,1.83,411,0,1
All Montréal,Winter,Monday,23,1.007,411,0,1
All Montréal,Winter,Tuesday,0,0.572,411,1,1
All Montréal,Winter,Tuesday,1,0.45,411,1,1
All Montréal,Winter,Tuesday,2,0.241,411,1,1
All Montréal,Winter,Tuesday,3,0.17,411,1,1
All Montréal,Winter,Tuesday,4,0.367,411,1,1
All Montréal,Winter,Tuesday,5,1.151,411,1,1
All Montréal,Winter,Tuesday,6,2.635,411,1,1
All Montréal,Winter,Tuesday,7,7.382,411,1,1
All Montréal,Winter,Tuesday,8,14.533,411,1,1
All Montréal,Winter,Tuesday,9,8.265,411,1,1
All Montréal,Winter,Tuesday,10,4.582,409,1,1
All Montréal,Winter,Tuesday,11,4.844,405,1,1
All Montréal,Winter,Tuesday,12,6.032,405,1,1
All Montréal,Winter,Tuesday,13,5.347,406,1,1
All Montréal,Winter,Tuesday,14,4.335,406,1,1
All Montréal,Winter,Tuesday,15,5.825,406,1,1
All Montréal,Winter,Tuesday,16,10.267,404,1,1
All Montréal,Winter,Tuesday,17,12.762,407,1,1
All Montréal,Winter,Tuesday,18,7.652,408,1,1
All Montréal,Winter,Tuesday,19,4.775,408,1,1
All Montréal,Winter,Tuesday,20,3.061,408,1,1
All Montréal,Winter,Tuesday,21,2.625,408,1,1
All Montréal,Winter,Tuesday,22,2.025,408,1,1
All Montréal,Winter,Tuesday,23,1.385,408,1,1
All Montréal,Winter,Wednesday,0,0.768,414,2,1
All Montréal,Winter,Wednesday,1,0.407,408,2,1
All Montréal,Winter,Wednesday,2,0.306,408,2,1
All Montréal,Winter,Wednesday,3,0.218,408,2,1
All Montréal,Winter,Wednesday,4,0.328,408,2,1
All Montréal,Winter,Wednesday,5,1.017,408,2,1
All Montréal,Winter,Wednesday,6,2.441,408,2,1
All Montréal,Winter,Wednesday,7,6.321,408,2,1
All Montréal,Winter,Wednesday,8,12.654,408,2,1
All Montréal,Winter,Wednesday,9,7.576,408,2,1
All Montréal,Winter,Wednesday,10,4.579,404,2,1
All Montréal,Winter,Wednesday,11,4.374,412,2,1
All Montréal,Winter,Wednesday,12,5.413,414,2,1
All Montréal,Winter,Wednesday,13,5.528,422,2,1
All Montréal,Winter,Wednesday,14,4.583,448,2,1
All Montréal,Winter,Wednesday,15,5.183,448,2,1
All Montréal,Winter,Wednesday,16,8.886,448,2,1
All Montréal,Winter,Wednesday,17,10.95,417,2,1
All Montréal,Winter,Wednesday,18,6.125,448,2,1
All Montréal,Winter,Wednesday,19,4.308,448,2,1
All Montréal,Winter,Wednesday,20,3.241,448,2,1
All Montréal,Winter,Wednesday,21,2.185,448,2,1
All Montréal,Winter,Wednesday,22,1.959,414,2,1
All Montréal,Winter,Wednesday,23,1.693,414,2,1
All Montréal,Winter,Thursday,0,1.101,416,3,1
All Montréal,Winter,Thursday,1,0.684,412,3,1
All Montréal,Winter,Thursday,2,0.365,414,3,1
All Montréal,Winter,Thursday,3,0.237,414,3,1
All Montréal,Winter,Thursday,4,0.338,414,3,1
All Montréal,Winter,Thursday,5,0.785,414,3,1
All Montréal,Winter,Thursday,6,1.932,414,3,1
All Montréal,Winter,Thursday,7,5.133,414,3,1
All Montréal,Winter,Thursday,8,10.968,412,3,1
All Montréal,Winter,Thursday,9,6.802,400,3,1
All Montréal,Winter,Thursday,10,4.1,410,3,1
All Montréal,Winter,Thursday,11,3.836,408,3,1
All Montréal,Winter,Thursday,12,4.635,408,3,1
All Montréal,Winter,Thursday,13,4.732,411,3,1
All Montréal,Winter,Thursday,14,4.436,413,3,1
All Montréal,Winter,Thursday,15,5.349,413,3,1
All Montréal,Winter,Thursday,16,8.218,413,3,1
All Montréal,Winter,Thursday,17,9.234,381,3,1
All Montréal,Winter,Thursday,18,5.864,381,3,1
All Montréal,Winter,Thursday,19,3.948,381,3,1
All Montréal,Winter,Thursday,20,3.055,381,3,1
All Montréal,Winter,Thursday,21,2.388,381,3,1
All Montréal,Winter,Thursday,22,1.84,381,3,1
All Montréal,Winter,Thursday,23,1.741,348,3,1
All Montréal,Winter,Friday,0,0.943,368,4,1
All Montréal,Winter,Friday,1,0.5,346,4,1
All Montréal,Winter,Friday,2,0.376,348,4,1
All Montréal,Winter,Friday,3,0.369,347,4,1
All Montréal,Winter,Friday,4,0.357,347,4,1
All Montréal,Winter,Friday,5,0.911,347,4,1
All Montréal,Winter,Friday,6,1.462,379,4,1
All Montréal,Winter,Friday,7,3.731,379,4,1
All Montréal,Winter,Friday,8,6.177,413,4,1
All Montréal,Winter,Friday,9,4.596,413,4,1
All Montréal,Winter,Friday,10,3.375,405,4,1
All Montréal,Winter,Friday,11,3.332,413,4,1
All Montréal,Winter,Friday,12,4.433,413,4,1
All Montréal,Winter,Friday,13,4.233,412,4,1
All Montréal,Winter,Friday,14,4.362,412,4,1
All Montréal,Winter,Friday,15,5.296,412,4,1
All Montréal,Winter,Friday,16,7.012,412,4,1
All Montréal,Winter,Friday,17,7.384,411,4,1
All Montréal,Winter,Friday,18,4.563,412,4,1
All Montréal,Winter,Friday,19,3.684,412,4,1
All Montréal,Winter,Friday,20,2.767,412,4,1
All Montréal,Winter,Friday,21,2.165,412,4,1
All Montréal,Winter,Friday,22,1.852,411,4,1
All Montréal,Winter,Friday,23,1.553,412,4,1
All Montréal,Winter,Saturday,0,1.345,412,5,1
All Montréal,Winter,Saturday,1,0.981,412,5,1
All Montréal,Winter,Saturday,2,0.592,412,5,1
All Montréal,Winter,Saturday,3,0.527,412,5,1
All Montréal,Winter,Saturday,4,0.374,412,5,1
All Montréal,Winter,Saturday,5,0.393,412,5,1
All Montréal,Winter,Saturday,6,0.687,412,5,1
All Montréal,Winter,Saturday,7,1.126,412,5,1
All Montréal,Winter,Saturday,8,2.032,412,5,1
All Montréal,Winter,Saturday,9,3.194,412,5,1
All Montréal,Winter,Saturday,10,3.677,412,5,1
All Montréal,Winter,Saturday,11,4.083,411,5,1
All Montréal,Winter,Saturday,12,3.946,411,5,1
All Montréal,Winter,Saturday,13,4.608,411,5,1
All Montréal,Winter,Saturday,14,4.905,412,5,1
All Montréal,Winter,Saturday,15,4.888,412,5,1
All Montréal,Winter,Saturday,16,4.638,412,5,1
All Montréal,Winter,Saturday,17,3.961,412,5,1
All Montréal,Winter,Saturday,18,3.391,412,5,1
All Montréal,Winter,Saturday,19,2.854,412,5,1
All Montréal,Winter,Saturday,20,2.187,412,5,1
All Montréal,Winter,Saturday,21,1.857,412,5,1
All Montréal,Winter,Saturday,22,1.74,412,5,1
All Montréal,Winter,Saturday,23,1.386,412,5,1
All Montréal,Winter,Sunday,0,0.995,380,6,1
All Montréal,Winter,Sunday,1,0.832,369,6,1
All Montréal,Winter,Sunday,2,0.547,369,6,1
All Montréal,Winter,Sunday,3,0.453,369,6,1
All Montréal,Winter,Sunday,4,0.339,369,6,1
All Montréal,Winter,Sunday,5,0.388,369,6,1
All Montréal,Winter,Sunday,6,0.586,370,6,1
All Montréal,Winter,Sunday,7,0.838,370,6,1
All Montréal,Winter,Sunday,8,1.549,370,6,1
All Montréal,Winter,Sunday,9,2.333,369,6,1
All Montréal,Winter,Sunday,10,2.897,369,6,1
All Montréal,Winter,Sunday,11,3.382,369,6,1
All Montréal,Winter,Sunday,12,4.119,370,6,1
All Montréal,Winter,Sunday,13,4.482,369,6,1
All Montréal,Winter,Sunday,14,4.392,370,6,1
All Montréal,Winter,Sunday,15,4.654,370,6,1
All Montréal,Winter,Sunday,16,4.081,370,6,1
All Montréal,Winter,Sunday,17,3.504,367,6,1
All Montréal,Winter,Sunday,18,2.411,367,6,1
All Montréal,Winter,Sunday,19,2.114,367,6,1
All Montréal,Winter,Sunday,20,1.684,367,6,1
All Montréal,Winter,Sunday,21,1.646,367,6,1
All Montréal,Winter,Sunday,22,1.373,367,6,1
All Montréal,Winter,Sunday,23,0.753,368,6,1
Côte-des-Neiges–Notre-Dame-de-Grâce,Winter,Monday,0,0.154,26,0,1
Côte-des-Neiges–Notre-Dame-de-Grâce,Winter,Monday,1,0.115,26,0,1
Côte-des-Neiges–Notre-Dame-de-Grâce,Winter,Monday,2,0.0,26,0,1
Côte-des-Neiges–Notre-Dame-de-Grâce,Winter,Monday,3,0.038,26,0,1
Côte-des-Neiges–Notre-Dame-de-Grâce,Winter,Monday,4,0.115,26,0,1
Côte-des-Neiges–Notre-Dame-de-Grâce,Winter,Monday,5,0.423,26,0,1
Côte-des-Neiges–Notre-Dame-de-Grâce,Winter,Monday,6,0.731,26,0,1
Côte-des-Neiges–Notre-Dame-de-Grâce,Winter,Monday,7,2.269,26,0,1
Côte-des-Neiges–Notre-Dame-de-Grâce,Winter,Monday,8,3.769,26,0,1
Côte-des-Neiges–Notre-Dame-de-Grâce,Winter,Monday,9,1.821,28,0,1
Côte-des-Neiges–Notre-Dame-de-Grâce,Winter,Monday,10,1.929,28,0,1
Côte-des-Neiges–Notre-Dame-de-Grâce,Winter,Monday,11,1.429,28,0,1
Côte-des-Neiges–Notre-Dame-de-Grâce,Winter,Monday,12,2.357,28,0,1
Côte-des-Neiges–Notre-Dame-de-Grâce,Winter,Monday,13,2.179,28,0,1
Côte-des-Neiges–Notre-Dame-de-Grâce,Winter,Monday,14,2.704,27,0,1
Côte-des-Neiges–Notre-Dame-de-Grâce,Winter,Monday,15,2.815,27,0,1
Côte-des-Neiges–Notre-Dame-de-Grâce,Winter,Monday,16,5.296,27,0,1
Côte-des-Neiges–Notre-Dame-de-Grâce,Winter,Monday,17,5.741,27,0,1
Côte-des-Neiges–Notre-Dame-de-Grâce,Winter,Monday,18,4.444,27,0,1
Côte-des-Neiges–Notre-Dame-de-Grâce,Winter,Monday,19,3.0,27,0,1
Côte-des-Neiges–Notre-Dame-de-Grâce,Winter,Monday,20,1.926,27,0,1
Côte-des-Neiges–Notre-Dame-de-Grâce,Winter,Monday,21,1.111,27,0,1
Côte-des-Neiges–Notre-Dame-de-Grâce,Winter,Monday,22,0.741,27,0,1
Côte-des-Neiges–Notre-Dame-de-Grâce,Winter,Monday,23,0.593,27,0,1
Côte-des-Neiges–Notre-Dame-de-Grâce,Winter,Tuesday,0,0.148,27,1,1
Côte-des-Neiges–Notre-Dame-de-Grâce,Winter,Tuesday,1,0.185,27,1,1
Côte-des-Neiges–Notre-Dame-de-Grâce,Winter,Tuesday,2,0.074,27,1,1
Côte-des-Neiges–Notre-Dame-de-Grâce,Winter,Tuesday,3,0.037,27,1,1
Côte-des-Neiges–Notre-Dame-de-Grâce,Winter,Tuesday,4,0.111,27,1,1
Côte-des-Neiges–Notre-Dame-de-Grâce,Winter,Tuesday,5,0.407,27,1,1
Côte-des-Neiges–Notre-Dame-de-Grâce,Winter,Tuesday,6,0.889,27,1,1
Côte-des-Neiges–Notre-Dame-de-Grâce,Winter,Tuesday,7,2.741,27,1,1
Côte-des-Neiges–Notre-Dame-de-Grâce,Winter,Tuesday,8,4.333,27,1,1
Côte-des-Neiges–Notre-Dame-de-Grâce,Winter,Tuesday,9,1.815,27,1,1
Côte-des-Neiges–Notre-Dame-de-Grâce,Winter,Tuesday,10,2.037,27,1,1
Côte-des-Neiges–Notre-Dame-de-Grâce,Winter,Tuesday,11,1.815,27,1,1
Côte-des-Neiges–Notre-Dame-de-Grâce,Winter,Tuesday,12,2.37,27,1,1
Côte-des-Neiges–Notre-Dame-de-Grâce,Winter,Tuesday,13,2.481,27,1,1
Côte-des-Neiges–Notre-Dame-de-Grâce,Winter,Tuesday,14,2.815,27,1,1
Côte-des-Neiges–Notre-Dame-de-Grâce,Winter,Tuesday,15,3.222,27,1,1
Côte-des-Neiges–Notre-Dame-de-Grâce,Winter,Tuesday,16,6.259,27,1,1
Côte-des-Neiges–Notre-Dame-de-Grâce,Winter,Tuesday,17,6.556,27,1,1
Côte-des-Neiges–Notre-Dame-de-Grâce,Winter,Tuesday,18,4.0,27,1,1
Côte-des-Neiges–Notre-Dame-de-Grâce,Winter,Tuesday,19,1.778,27,1,1
Côte-des-Neiges–Notre-Dame-de-Grâce,Winter,Tuesday,20,1.741,27,1,1
Côte-des-Neiges–Notre-Dame-de-Grâce,Winter,Tuesday,21,0.778,27,1,1
Côte-des-Neiges–Notre-Dame-de-Grâce,Winter,Tuesday,22,0.63,27,1,1
Côte-des-Neiges–Notre-Dame-de-Grâce,Winter,Tuesday,23,0.444,27,1,1
Côte-des-Neiges–Notre-Dame-de-Grâce,Winter,Wednesday,0,0.071,28,2,1
Côte-des-Neiges–Notre-Dame-de-Grâce,Winter,Wednesday,1,0.111,27,2,1
Côte-des-Neiges–Notre-Dame-de-Grâce,Winter,Wednesday,2,0.111,27,2,1
Côte-des-Neiges–Notre-Dame-de-Grâce,Winter,Wednesday,3,0.111,27,2,1
Côte-des-Neiges–Notre-Dame-de-Grâce,Winter,Wednesday,4,0.037,27,2,1
Côte-des-Neiges–Notre-Dame-de-Grâce,Winter,Wednesday,5,0.481,27,2,1
Côte-des-Neiges–Notre-Dame-de-Grâce,Winter,Wednesday,6,0.593,27,2,1
Côte-des-Neiges–Notre-Dame-de-Grâce,Winter,Wednesday,7,1.778,27,2,1
Côte-des-Neiges–Notre-Dame-de-Grâce,Winter,Wednesday,8,4.148,27,2,1
Côte-des-Neiges–Notre-Dame-de-Grâce,Winter,Wednesday,9,2.333,27,2,1
Côte-des-Neiges–Notre-Dame-de-Grâce,Winter,Wednesday,10,1.556,27,2,1
Côte-des-Neiges–Notre-Dame-de-Grâce,Winter,Wednesday,11,1.852,27,2,1
Côte-des-Neiges–Notre-Dame-de-Grâce,Winter,Wednesday,12,2.333,27,2,1
Côte-des-Neiges–Notre-Dame-de-Grâce,Winter,Wednesday,13,2.407,27,2,1
Côte-des-Neiges–Notre-Dame-de-Grâce,Winter,Wednesday,14,2.069,29,2,1
Côte-des-Neiges–Notre-Dame-de-Grâce,Winter,Wednesday,15,3.172,29,2,1
Côte-des-Neiges–Notre-Dame-de-Grâce,Winter,Wednesday,16,4.966,29,2,1
Côte-des-Neiges–Notre-Dame-de-Grâce,Winter,Wednesday,17,5.357,28,2,1
Côte-des-Neiges–Notre-Dame-de-Grâce,Winter,Wednesday,18,3.138,29,2,1
Côte-des-Neiges–Notre-Dame-de-Grâce,Winter,Wednesday,19,2.0,29,2,1
Côte-des-Neiges–Notre-Dame-de-Grâce,Winter,Wednesday,20,1.517,29,2,1
Côte-des-Neiges–Notre-Dame-de-Grâce,Winter,Wednesday,21,0.724,29,2,1
Côte-des-Neiges–Notre-Dame-de-Grâce,Winter,Wednesday,22,0.481,27,2,1
Côte-des-Neiges–Notre-Dame-de-Grâce,Winter,Wednesday,23,0.556,27,2,1
Côte-des-Neiges–Notre-Dame-de-Grâce,Winter,Thursday,0,0.148,27,3,1
Côte-des-Neiges–Notre-Dame-de-Grâce,Winter,Thursday,1,0.185,27,3,1
Côte-des-Neiges–Notre-Dame-de-Grâce,Winter,Thursday,2,0.037,27,3,1
Côte-des-Neiges–Notre-Dame-de-Grâce,Winter,Thursday,3,0.037,27,3,1
Côte-des-Neiges–Notre-Dame-de-Grâce,Winter,Thursday,4,0.0,27,3,1
Côte-des-Neiges–Notre-Dame-de-Grâce,Winter,Thursday,5,0.296,27,3,1
Côte-des-Neiges–Notre-Dame-de-Grâce,Winter,Thursday,6,0.667,27,3,1
Côte-des-Neiges–Notre-Dame-de-Grâce,Winter,Thursday,7,2.074,27,3,1
Côte-des-Neiges–Notre-Dame-de-Grâce,Winter,Thursday,8,4.148,27,3,1
Côte-des-Neiges–Notre-Dame-de-Grâce,Winter,Thursday,9,2.407,27,3,1
Côte-des-Neiges–Notre-Dame-de-Grâce,Winter,Thursday,10,2.148,27,3,1
Côte-des-Neiges–Notre-Dame-de-Grâce,Winter,Thursday,11,2.111,27,3,1
Côte-des-Neiges–Notre-Dame-de-Grâce,Winter,Thursday,12,1.889,27,3,1
Côte-des-Neiges–Notre-Dame-de-Grâce,Winter,Thursday,13,2.704,27,3,1
Côte-des-Neiges–Notre-Dame-de-Grâce,Winter,Thursday,14,2.852,27,3,1
Côte-des-Neiges–Notre-Dame-de-Grâce,Winter,Thursday,15,3.0,27,3,1
Côte-des-Neiges–Notre-Dame-de-Grâce,Winter,Thursday,16,5.667,27,3,1
Côte-des-Neiges–Notre-Dame-de-Grâce,Winter,Thursday,17,4.8,25,3,1
Côte-des-Neiges–Notre-Dame-de-Grâce,Winter,Thursday,18,3.16,25,3,1
Côte-des-Neiges–Notre-Dame-de-Grâce,Winter,Thursday,19,1.48,25,3,1
Côte-des-Neiges–Notre-Dame-de-Grâce,Winter,Thursday,20,1.76,25,3,1
Côte-des-Neiges–Notre-Dame-de-Grâce,Winter,Thursday,21,1.04,25,3,1
Côte-des-Neiges–Notre-Dame-de-Grâce,Winter,Thursday,22,0.68,25,3,1
Côte-des-Neiges–Notre-Dame-de-Grâce,Winter,Thursday,23,0.739,23,3,1
Côte-des-Neiges–Notre-Dame-de-Grâce,Winter,Friday,0,0.435,23,4,1
Côte-des-Neiges–Notre-Dame-de-Grâce,Winter,Friday,1,0.304,23,4,1
Côte-des-Neiges–Notre-Dame-de-Grâce,Winter,Friday,2,0.043,23,4,1
Côte-des-Neiges–Notre-Dame-de-Grâce,Winter,Friday,3,0.087,23,4,1
Côte-des-Neiges–Notre-Dame-de-Grâce,Winter,Friday,4,0.043,23,4,1
Côte-des-Neiges–Notre-Dame-de-Grâce,Winter,Friday,5,0.304,23,4,1
Côte-des-Neiges–Notre-Dame-de-Grâce,Winter,Friday,6,0.96,25,4,1
Côte-des-Neiges–Notre-Dame-de-Grâce,Winter,Friday,7,2.0,25,4,1
Côte-des-Neiges–Notre-Dame-de-Grâce,Winter,Friday,8,2.852,27,4,1
Côte-des-Neiges–Notre-Dame-de-Grâce,Winter,Friday,9,2.407,27,4,1
Côte-des-Neiges–Notre-Dame-de-Grâce,Winter,Friday,10,1.923,26,4,1
Côte-des-Neiges–Notre-Dame-de-Grâce,Winter,Friday,11,2.37,27,4,1
Côte-des-Neiges–Notre-Dame-de-Grâce,Winter,Friday,12,3.778,27,4,1
Côte-des-Neiges–Notre-Dame-de-Grâce,Winter,Friday,13,2.778,27,4,1
Côte-des-Neiges–Notre-Dame-de-Grâce,Winter,Friday,14,2.667,27,4,1
Côte-des-Neiges–Notre-Dame-de-Grâce,Winter,Friday,15,3.556,27,4,1
Côte-des-Neiges–Notre-Dame-de-Grâce,Winter,Friday,16,4.926,27,4,1
Côte-des-Neiges–Notre-Dame-de-Grâce,Winter,Friday,17,5.037,27,4,1
Côte-des-Neiges–Notre-Dame-de-Grâce,Winter,Friday,18,2.63,27,4,1
Côte-des-Neiges–Notre-Dame-de-Grâce,Winter,Friday,19,2.074,27,4,1
Côte-des-Neiges–Notre-Dame-de-Grâce,Winter,Friday,20,1.519,27,4,1
Côte-des-Neiges–Notre-Dame-de-Grâce,Winter,Friday,21,1.185,27,4,1
Côte-des-Neiges–Notre-Dame-de-Grâce,Winter,Friday,22,0.926,27,4,1
Côte-des-Neiges–Notre-Dame-de-Grâce,Winter,Friday,23,0.37,27,4,1
Côte-des-Neiges–Notre-Dame-de-Grâce,Winter,Saturday,0,0.593,27,5,1
Côte-des-Neiges–Notre-Dame-de-Grâce,Winter,Saturday,1,0.185,27,5,1
Côte-des-Neiges–Notre-Dame-de-Grâce,Winter,Saturday,2,0.148,27,5,1
Côte-des-Neiges–Notre-Dame-de-Grâce,Winter,Saturday,3,0.185,27,5,1
Côte-des-Neiges–Notre-Dame-de-Grâce,Winter,Saturday,4,0.074,27,5,1
Côte-des-Neiges–Notre-Dame-de-Grâce,Winter,Saturday,5,0.037,27,5,1
Côte-des-Neiges–Notre-Dame-de-Grâce,Winter,Saturday,6,0.37,27,5,1
Côte-des-Neiges–Notre-Dame-de-Grâce,Winter,Saturday,7,0.481,27,5,1
Côte-des-Neiges–Notre-Dame-de-Grâce,Winter,Saturday,8,0.815,27,5,1
Côte-des-Neiges–Notre-Dame-de-Grâce,Winter,Saturday,9,1.481,27,5,1
Côte-des-Neiges–Notre-Dame-de-Grâce,Winter,Saturday,10,1.815,27,5,1
Côte-des-Neiges–Notre-Dame-de-Grâce,Winter,Saturday,11,2.778,27,5,1
Côte-des-Neiges–Notre-Dame-de-Grâce,Winter,Saturday,12,1.815,27,5,1
Côte-des-Neiges–Notre-Dame-de-Grâce,Winter,Saturday,13,2.519,27,5,1
Côte-des-Neiges–Notre-Dame-de-Grâce,Winter,Saturday,14,2.185,27,5,1
Côte-des-Neiges–Notre-Dame-de-Grâce,Winter,Saturday,15,2.519,27,5,1
Côte-des-Neiges–Notre-Dame-de-Grâce,Winter,Saturday,16,2.778,27,5,1
Côte-des-Neiges–Notre-Dame-de-Grâce,Winter,Saturday,17,2.222,27,5,1
Côte-des-Neiges–Notre-Dame-de-Grâce,Winter,Saturday,18,1.556,27,5,1
Côte-des-Neiges–Notre-Dame-de-Grâce,Winter,Saturday,19,0.889,27,5,1
Côte-des-Neiges–Notre-Dame-de-Grâce,Winter,Saturday,20,1.148,27,5,1
Côte-des-Neiges–Notre-Dame-de-Grâce,Winter,Saturday,21,0.519,27,5,1
Côte-des-Neiges–Notre-Dame-de-Grâce,Winter,Saturday,22,0.741,27,5,1
Côte-des-Neiges–Notre-Dame-de-Grâce,Winter,Saturday,23,0.407,27,5,1
Côte-des-Neiges–Notre-Dame-de-Grâce,Winter,Sunday,0,0.2,25,6,1
Côte-des-Neiges–Notre-Dame-de-Grâce,Winter,Sunday,1,0.13,23,6,1
Côte-des-Neiges–Notre-Dame-de-Grâce,Winter,Sunday,2,0.087,23,6,1
Côte-des-Neiges–Notre-Dame-de-Grâce,Winter,Sunday,3,0.043,23,6,1
Côte-des-Neiges–Notre-Dame-de-Grâce,Winter,Sunday,4,0.0,23,6,1
Côte-des-Neiges–Notre-Dame-de-Grâce,Winter,Sunday,5,0.13,23,6,1
Côte-des-Neiges–Notre-Dame-de-Grâce,Winter,Sunday,6,0.348,23,6,1
Côte-des-Neiges–Notre-Dame-de-Grâce,Winter,Sunday,7,0.391,23,6,1
Côte-des-Neiges–Notre-Dame-de-Grâce,Winter,Sunday,8,0.391,23,6,1
Côte-des-Neiges–Notre-Dame-de-Grâce,Winter,Sunday,9,1.043,23,6,1
Côte-des-Neiges–Notre-Dame-de-Grâce,Winter,Sunday,10,1.696,23,6,1
Côte-des-Neiges–Notre-Dame-de-Grâce,Winter,Sunday,11,1.957,23,6,1
Côte-des-Neiges–Notre-Dame-de-Grâce,Winter,Sunday,12,2.565,23,6,1
Côte-des-Neiges–Notre-Dame-de-Grâce,Winter,Sunday,13,2.957,23,6,1
Côte-des-Neiges–Notre-Dame-de-Grâce,Winter,Sunday,14,2.0,23,6,1
Côte-des-Neiges–Notre-Dame-de-Grâce,Winter,Sunday,15,2.348,23,6,1
Côte-des-Neiges–Notre-Dame-de-Grâce,Winter,Sunday,16,2.435,23,6,1
Côte-des-Neiges–Notre-Dame-de-Grâce,Winter,Sunday,17,1.87,23,6,1
Côte-des-Neiges–Notre-Dame-de-Grâce,Winter,Sunday,18,1.348,23,6,1
Côte-des-Neiges–Notre-Dame-de-Grâce,Winter,Sunday,19,1.043,23,6,1
Côte-des-Neiges–Notre-Dame-de-Grâce,Winter,Sunday,20,1.0,23,6,1
Côte-des-Neiges–Notre-Dame-de-Grâce,Winter,Sunday,21,0.826,23,6,1
Côte-des-Neiges–Notre-Dame-de-Grâce,Winter,Sunday,22,0.696,23,6,1
Côte-des-Neiges–Notre-Dame-de-Grâce,Winter,Sunday,23,0.13,23,6,1
Lachine,Winter,Monday,0,0.167,12,0,1
Lachine,Winter,Monday,1,0.0,12,0,1
Lachine,Winter,Monday,2,0.0,12,0,1
Lachine,Winter,Monday,3,0.0,12,0,1
Lachine,Winter,Monday,4,0.0,12,0,1
Lachine,Winter,Monday,5,0.25,12,0,1
Lachine,Winter,Monday,6,0.833,12,0,1
Lachine,Winter,Monday,7,1.083,12,0,1
Lachine,Winter,Monday,8,1.083,12,0,1
Lachine,Winter,Monday,9,0.333,12,0,1
Lachine,Winter,Monday,10,0.917,12,0,1
Lachine,Winter,Monday,11,1.417,12,0,1
Lachine,Winter,Monday,12,2.333,12,0,1
Lachine,Winter,Monday,13,1.667,12,0,1
Lachine,Winter,Monday,14,1.5,12,0,1
Lachine,Winter,Monday,15,2.0,12,0,1
Lachine,Winter,Monday,16,1.917,12,0,1
Lachine,Winter,Monday,17,1.833,12,0,1
Lachine,Winter,Monday,18,1.0,12,0,1
Lachine,Winter,Monday,19,0.75,12,0,1
Lachine,Winter,Monday,20,0.5,12,0,1
Lachine,Winter,Monday,21,0.167,12,0,1
Lachine,Winter,Monday,22,0.083,12,0,1
Lachine,Winter,Monday,23,0.083,12,0,1
Lachine,Winter,Tuesday,0,0.0,12,1,1
Lachine,Winter,Tuesday,1,0.083,12,1,1
Lachine,Winter,Tuesday,2,0.0,12,1,1
Lachine,Winter,Tuesday,3,0.0,12,1,1
Lachine,Winter,Tuesday,4,0.083,12,1,1
Lachine,Winter,Tuesday,5,0.167,12,1,1
Lachine,Winter,Tuesday,6,1.0,12,1,1
Lachine,Winter,Tuesday,7,1.417,12,1,1
Lachine,Winter,Tuesday,8,1.417,12,1,1
Lachine,Winter,Tuesday,9,0.833,12,1,1
Lachine,Winter,Tuesday,10,0.917,12,1,1
Lachine,Winter,Tuesday,11,1.667,12,1,1
Lachine,Winter,Tuesday,12,2.167,12,1,1
Lachine,Winter,Tuesday,13,1.417,12,1,1
Lachine,Winter,Tuesday,14,1.833,12,1,1
Lachine,Winter,Tuesday,15,1.583,12,1,1
Lachine,Winter,Tuesday,16,1.917,12,1,1
Lachine,Winter,Tuesday,17,1.333,12,1,1
Lachine,Winter,Tuesday,18,0.917,12,1,1
Lachine,Winter,Tuesday,19,0.833,12,1,1
Lachine,Winter,Tuesday,20,0.167,12,1,1
Lachine,Winter,Tuesday,21,0.0,12,1,1
Lachine,Winter,Tuesday,22,0.5,12,1,1
Lachine,Winter,Tuesday,23,0.0,12,1,1
Lachine,Winter,Wednesday,0,0.083,12,2,1
Lachine,Winter,Wednesday,1,0.0,12,2,1
Lachine,Winter,Wednesday,2,0.0,12,2,1
Lachine,Winter,Wednesday,3,0.0,12,2,1
Lachine,Winter,Wednesday,4,0.083,12,2,1
Lachine,Winter,Wednesday,5,0.083,12,2,1
Lachine,Winter,Wednesday,6,1.25,12,2,1
Lachine,Winter,Wednesday,7,1.5,12,2,1
Lachine,Winter,Wednesday,8,2.083,12,2,1
Lachine,Winter,Wednesday,9,0.667,12,2,1
Lachine,Winter,Wednesday,10,1.182,11,2,1
Lachine,Winter,Wednesday,11,1.083,12,2,1
Lachine,Winter,Wednesday,12,2.167,12,2,1
Lachine,Winter,Wednesday,13,2.0,12,2,1
Lachine,Winter,Wednesday,14,2.077,13,2,1
Lachine,Winter,Wednesday,15,1.385,13,2,1
Lachine,Winter,Wednesday,16,1.615,13,2,1
Lachine,Winter,Wednesday,17,1.583,12,2,1
Lachine,Winter,Wednesday,18,1.769,13,2,1
Lachine,Winter,Wednesday,19,0.923,13,2,1
Lachine,Winter,Wednesday,20,0.308,13,2,1
Lachine,Winter,Wednesday,21,0.308,13,2,1
Lachine,Winter,Wednesday,22,0.0,12,2,1
Lachine,Winter,Wednesday,23,0.083,12,2,1
Lachine,Winter,Thursday,0,0.0,12,3,1
Lachine,Winter,Thursday,1,0.0,12,3,1
Lachine,Winter,Thursday,2,0.0,12,3,1
Lachine,Winter,Thursday,3,0.0,12,3,1
Lachine,Winter,Thursday,4,0.25,12,3,1
Lachine,Winter,Thursday,5,0.25,12,3,1
Lachine,Winter,Thursday,6,1.5,12,3,1
Lachine,Winter,Thursday,7,1.5,12,3,1
Lachine,Winter,Thursday,8,0.917,12,3,1
Lachine,Winter,Thursday,9,0.583,12,3,1
Lachine,Winter,Thursday,10,0.667,12,3,1
Lachine,Winter,Thursday,11,1.583,12,3,1
Lachine,Winter,Thursday,12,2.333,12,3,1
Lachine,Winter,Thursday,13,1.417,12,3,1
Lachine,Winter,Thursday,14,2.583,12,3,1
Lachine,Winter,Thursday,15,1.417,12,3,1
Lachine,Winter,Thursday,16,1.667,12,3,1
Lachine,Winter,Thursday,17,1.636,11,3,1
Lachine,Winter,Thursday,18,1.364,11,3,1
Lachine,Winter,Thursday,19,1.0,11,3,1
Lachine,Winter,Thursday,20,0.273,11,3,1
Lachine,Winter,Thursday,21,0.636,11,3,1
Lachine,Winter,Thursday,22,0.091,11,3,1
Lachine,Winter,Thursday,23,0.0,10,3,1
Lachine,Winter,Friday,0,0.1,10,4,1
Lachine,Winter,Friday,1,0.0,10,4,1
Lachine,Winter,Friday,2,0.0,10,4,1
Lachine,Winter,Friday,3,0.0,10,4,1
Lachine,Winter,Friday,4,0.0,10,4,1
Lachine,Winter,Friday,5,0.0,10,4,1
Lachine,Winter,Friday,6,0.636,11,4,1
Lachine,Winter,Friday,7,0.727,11,4,1
Lachine,Winter,Friday,8,1.083,12,4,1
Lachine,Winter,Friday,9,1.583,12,4,1
Lachine,Winter,Friday,10,0.833,12,4,1
Lachine,Winter,Friday,11,0.917,12,4,1
Lachine,Winter,Friday,12,1.917,12,4,1
Lachine,Winter,Friday,13,2.167,12,4,1
Lachine,Winter,Friday,14,2.167,12,4,1
Lachine,Winter,Friday,15,1.583,12,4,1
Lachine,Winter,Friday,16,1.917,12,4,1
Lachine,Winter,Friday,17,1.833,12,4,1
Lachine,Winter,Friday,18,0.417,12,4,1
Lachine,Winter,Friday,19,1.0,12,4,1
Lachine,Winter,Friday,20,1.0,12,4,1
Lachine,Winter,Friday,21,0.0,12,4,1
Lachine,Winter,Friday,22,0.333,12,4,1
Lachine,Winter,Friday,23,0.083,12,4,1
Lachine,Winter,Saturday,0,0.167,12,5,1
Lachine,Winter,Saturday,1,0.0,12,5,1
Lachine,Winter,Saturday,2,0.0,12,5,1
Lachine,Winter,Saturday,3,0.0,12,5,1
Lachine,Winter,Saturday,4,0.167,12,5,1
Lachine,Winter,Saturday,5,0.167,12,5,1
Lachine,Winter,Saturday,6,0.25,12,5,1
Lachine,Winter,Saturday,7,0.583,12,5,1
Lachine,Winter,Saturday,8,0.833,12,5,1
Lachine,Winter,Saturday,9,1.25,12,5,1
Lachine,Winter,Saturday,10,1.333,12,5,1
Lachine,Winter,Saturday,11,1.917,12,5,1
Lachine,Winter,Saturday,12,1.333,12,5,1
Lachine,Winter,Saturday,13,2.917,12,5,1
Lachine,Winter,Saturday,14,2.417,12,5,1
Lachine,Winter,Saturday,15,1.833,12,5,1
Lachine,Winter,Saturday,16,1.667,12,5,1
Lachine,Winter,Saturday,17,0.917,12,5,1
Lachine,Winter,Saturday,18,1.083,12,5,1
Lachine,Winter,Saturday,19,1.333,12,5,1
Lachine,Winter,Saturday,20,1.083,12,5,1
Lachine,Winter,Saturday,21,0.833,12,5,1
Lachine,Winter,Saturday,22,0.167,12,5,1
Lachine,Winter,Saturday,23,0.0,12,5,1
Lachine,Winter,Sunday,0,0.091,11,6,1
Lachine,Winter,Sunday,1,0.0,11,6,1
Lachine,Winter,Sunday,2,0.091,11,6,1
Lachine,Winter,Sunday,3,0.091,11,6,1
Lachine,Winter,Sunday,4,0.0,11,6,1
Lachine,Winter,Sunday,5,0.273,11,6,1
Lachine,Winter,Sunday,6,0.0,11,6,1
Lachine,Winter,Sunday,7,0.455,11,6,1
Lachine,Winter,Sunday,8,1.091,11,6,1
Lachine,Winter,Sunday,9,0.909,11,6,1
Lachine,Winter,Sunday,10,1.091,11,6,1
Lachine,Winter,Sunday,11,1.364,11,6,1
Lachine,Winter,Sunday,12,1.909,11,6,1
Lachine,Winter,Sunday,13,2.364,11,6,1
Lachine,Winter,Sunday,14,2.273,11,6,1
Lachine,Winter,Sunday,15,2.636,11,6,1
Lachine,Winter,Sunday,16,1.545,11,6,1
Lachine,Winter,Sunday,17,1.0,11,6,1
Lachine,Winter,Sunday,18,0.727,11,6,1
Lachine,Winter,Sunday,19,1.0,11,6,1
Lachine,Winter,Sunday,20,0.545,11,6,1
Lachine,Winter,Sunday,21,0.182,11,6,1
Lachine,Winter,Sunday,22,0.364,11,6,1
Lachine,Winter,Sunday,23,0.091,11,6,1
Le Plateau-Mont-Royal,Winter,Monday,0,3.25,12,0,1
Le Plateau-Mont-Royal,Winter,Monday,1,2.333,12,0,1
Le Plateau-Mont-Royal,Winter,Monday,2,1.833,12,0,1
Le Plateau-Mont-Royal,Winter,Monday,3,0.75,12,0,1
Le Plateau-Mont-Royal,Winter,Monday,4,1.25,12,0,1
Le Plateau-Mont-Royal,Winter,Monday,5,2.917,12,0,1
Le Plateau-Mont-Royal,Winter,Monday,6,12.5,12,0,1
Le Plateau-Mont-Royal,Winter,Monday,7,45.333,12,0,1
Le Plateau-Mont-Royal,Winter,Monday,8,95.0,12,0,1
Le Plateau-Mont-Royal,Winter,Monday,9,48.5,12,0,1
Le Plateau-Mont-Royal,Winter,Monday,10,22.417,12,0,1
Le Plateau-Mont-Royal,Winter,Monday,11,26.917,12,0,1
Le Plateau-Mont-Royal,Winter,Monday,12,33.333,12,0,1
Le Plateau-Mont-Royal,Winter,Monday,13,36.0,12,0,1
Le Plateau-Mont-Royal,Winter,Monday,14,30.25,12,0,1
Le Plateau-Mont-Royal,Winter,Monday,15,37.667,12,0,1
Le Plateau-Mont-Royal,Winter,Monday,16,73.75,12,0,1
Le Plateau-Mont-Royal,Winter,Monday,17,98.833,12,0,1
Le Plateau-Mont-Royal,Winter,Monday,18,53.5,12,0,1
Le Plateau-Mont-Royal,Winter,Monday,19,34.917,12,0,1
Le Plateau-Mont-Royal,Winter,Monday,20,24.917,12,0,1
Le Plateau-Mont-Royal,Winter,Monday,21,18.5,12,0,1
Le Plateau-Mont-Royal,Winter,Monday,22,13.25,12,0,1
Le Plateau-Mont-Royal,Winter,Monday,23,7.667,12,0,1
Le Plateau-Mont-Royal,Winter,Tuesday,0,4.5,12,1,1
Le Plateau-Mont-Royal,Winter,Tuesday,1,2.417,12,1,1
Le Plateau-Mont-Royal,Winter,Tuesday,2,1.25,12,1,1
Le Plateau-Mont-Royal,Winter,Tuesday,3,0.75,12,1,1
Le Plateau-Mont-Royal,Winter,Tuesday,4,1.833,12,1,1
Le Plateau-Mont-Royal,Winter,Tuesday,5,4.833,12,1,1
Le Plateau-Mont-Royal,Winter,Tuesday,6,18.167,12,1,1
Le Plateau-Mont-Royal,Winter,Tuesday,7,56.333,12,1,1
Le Plateau-Mont-Royal,Winter,Tuesday,8,108.833,12,1,1
Le Plateau-Mont-Royal,Winter,Tuesday,9,55.583,12,1,1
Le Plateau-Mont-Royal,Winter,Tuesday,10,27.833,12,1,1
Le Plateau-Mont-Royal,Winter,Tuesday,11,32.417,12,1,1
Le Plateau-Mont-Royal,Winter,Tuesday,12,41.083,12,1,1
Le Plateau-Mont-Royal,Winter,Tuesday,13,40.083,12,1,1
Le Plateau-Mont-Royal,Winter,Tuesday,14,27.5,12,1,1
Le Plateau-Mont-Royal,Winter,Tuesday,15,42.167,12,1,1
Le Plateau-Mont-Royal,Winter,Tuesday,16,84.75,12,1,1
Le Plateau-Mont-Royal,Winter,Tuesday,17,105.583,12,1,1
Le Plateau-Mont-Royal,Winter,Tuesday,18,72.667,12,1,1
Le Plateau-Mont-Royal,Winter,Tuesday,19,39.5,12,1,1
Le Plateau-Mont-Royal,Winter,Tuesday,20,24.667,12,1,1
Le Plateau-Mont-Royal,Winter,Tuesday,21,22.667,12,1,1
Le Plateau-Mont-Royal,Winter,Tuesday,22,17.75,12,1,1
Le Plateau-Mont-Royal,Winter,Tuesday,23,11.583,12,1,1
Le Plateau-Mont-Royal,Winter,Wednesday,0,5.417,12,2,1
Le Plateau-Mont-Royal,Winter,Wednesday,1,2.25,12,2,1
Le Plateau-Mont-Royal,Winter,Wednesday,2,1.167,12,2,1
Le Plateau-Mont-Royal,Winter,Wednesday,3,1.0,12,2,1
Le Plateau-Mont-Royal,Winter,Wednesday,4,1.667,12,2,1
Le Plateau-Mont-Royal,Winter,Wednesday,5,5.5,12,2,1
Le Plateau-Mont-Royal,Winter,Wednesday,6,16.083,12,2,1
Le Plateau-Mont-Royal,Winter,Wednesday,7,52.917,12,2,1
Le Plateau-Mont-Royal,Winter,Wednesday,8,103.667,12,2,1
Le Plateau-Mont-Royal,Winter,Wednesday,9,57.667,12,2,1
Le Plateau-Mont-Royal,Winter,Wednesday,10,31.333,12,2,1
Le Plateau-Mont-Royal,Winter,Wednesday,11,33.167,12,2,1
Le Plateau-Mont-Royal,Winter,Wednesday,12,37.917,12,2,1
Le Plateau-Mont-Royal,Winter,Wednesday,13,34.692,13,2,1
Le Plateau-Mont-Royal,Winter,Wednesday,14,31.692,13,2,1
Le Plateau-Mont-Royal,Winter,Wednesday,15,41.231,13,2,1
Le Plateau-Mont-Royal,Winter,Wednesday,16,74.0,13,2,1
Le Plateau-Mont-Royal,Winter,Wednesday,17,95.833,12,2,1
Le Plateau-Mont-Royal,Winter,Wednesday,18,57.0,13,2,1
Le Plateau-Mont-Royal,Winter,Wednesday,19,37.923,13,2,1
Le Plateau-Mont-Royal,Winter,Wednesday,20,25.308,13,2,1
Le Plateau-Mont-Royal,Winter,Wednesday,21,17.154,13,2,1
Le Plateau-Mont-Royal,Winter,Wednesday,22,14.917,12,2,1
Le Plateau-Mont-Royal,Winter,Wednesday,23,11.333,12,2,1
Le Plateau-Mont-Royal,Winter,Thursday,0,6.833,12,3,1
Le Plateau-Mont-Royal,Winter,Thursday,1,4.083,12,3,1
Le Plateau-Mont-Royal,Winter,Thursday,2,2.667,12,3,1
Le Plateau-Mont-Royal,Winter,Thursday,3,1.5,12,3,1
Le Plateau-Mont-Royal,Winter,Thursday,4,2.25,12,3,1
Le Plateau-Mont-Royal,Winter,Thursday,5,2.25,12,3,1
Le Plateau-Mont-Royal,Winter,Thursday,6,12.0,12,3,1
Le Plateau-Mont-Royal,Winter,Thursday,7,45.667,12,3,1
Le Plateau-Mont-Royal,Winter,Thursday,8,83.583,12,3,1
Le Plateau-Mont-Royal,Winter,Thursday,9,44.583,12,3,1
Le Plateau-Mont-Royal,Winter,Thursday,10,24.75,12,3,1
Le Plateau-Mont-Royal,Winter,Thursday,11,25.417,12,3,1
Le Plateau-Mont-Royal,Winter,Thursday,12,31.333,12,3,1
Le Plateau-Mont-Royal,Winter,Thursday,13,33.417,12,3,1
Le Plateau-Mont-Royal,Winter,Thursday,14,26.667,12,3,1
Le Plateau-Mont-Royal,Winter,Thursday,15,36.333,12,3,1
Le Plateau-Mont-Royal,Winter,Thursday,16,62.667,12,3,1
Le Plateau-Mont-Royal,Winter,Thursday,17,74.364,11,3,1
Le Plateau-Mont-Royal,Winter,Thursday,18,47.091,11,3,1
Le Plateau-Mont-Royal,Winter,Thursday,19,31.182,11,3,1
Le Plateau-Mont-Royal,Winter,Thursday,20,23.273,11,3,1
Le Plateau-Mont-Royal,Winter,Thursday,21,20.636,11,3,1
Le Plateau-Mont-Royal,Winter,Thursday,22,16.727,11,3,1
Le Plateau-Mont-Royal,Winter,Thursday,23,11.9,10,3,1
Le Plateau-Mont-Royal,Winter,Friday,0,5.091,11,4,1
Le Plateau-Mont-Royal,Winter,Friday,1,3.7,10,4,1
Le Plateau-Mont-Royal,Winter,Friday,2,1.9,10,4,1
Le Plateau-Mont-Royal,Winter,Friday,3,1.3,10,4,1
Le Plateau-Mont-Royal,Winter,Friday,4,1.8,10,4,1
Le Plateau-Mont-Royal,Winter,Friday,5,3.9,10,4,1
Le Plateau-Mont-Royal,Winter,Friday,6,8.818,11,4,1
Le Plateau-Mont-Royal,Winter,Friday,7,32.273,11,4,1
Le Plateau-Mont-Royal,Winter,Friday,8,52.167,12,4,1
Le Plateau-Mont-Royal,Winter,Friday,9,36.917,12,4,1
Le Plateau-Mont-Royal,Winter,Friday,10,20.667,12,4,1
Le Plateau-Mont-Royal,Winter,Friday,11,22.917,12,4,1
Le Plateau-Mont-Royal,Winter,Friday,12,28.083,12,4,1
Le Plateau-Mont-Royal,Winter,Friday,13,32.083,12,4,1
Le Plateau-Mont-Royal,Winter,Friday,14,30.75,12,4,1
Le Plateau-Mont-Royal,Winter,Friday,15,45.167,12,4,1
Le Plateau-Mont-Royal,Winter,Friday,16,57.75,12,4,1
Le Plateau-Mont-Royal,Winter,Friday,17,64.0,12,4,1
Le Plateau-Mont-Royal,Winter,Friday,18,39.917,12,4,1
Le Plateau-Mont-Royal,Winter,Friday,19,29.25,12,4,1
Le Plateau-Mont-Royal,Winter,Friday,20,19.583,12,4,1
Le Plateau-Mont-Royal,Winter,Friday,21,14.917,12,4,1
Le Plateau-Mont-Royal,Winter,Friday,22,13.583,12,4,1
Le Plateau-Mont-Royal,Winter,Friday,23,10.0,12,4,1
Le Plateau-Mont-Royal,Winter,Saturday,0,11.667,12,5,1
Le Plateau-Mont-Royal,Winter,Saturday,1,7.833,12,5,1
Le Plateau-Mont-Royal,Winter,Saturday,2,4.583,12,5,1
Le Plateau-Mont-Royal,Winter,Saturday,3,3.0,12,5,1
Le Plateau-Mont-Royal,Winter,Saturday,4,1.417,12,5,1
Le Plateau-Mont-Royal,Winter,Saturday,5,1.583,12,5,1
Le Plateau-Mont-Royal,Winter,Saturday,6,3.417,12,5,1
Le Plateau-Mont-Royal,Winter,Saturday,7,8.0,12,5,1
Le Plateau-Mont-Royal,Winter,Saturday,8,14.5,12,5,1
Le Plateau-Mont-Royal,Winter,Saturday,9,22.583,12,5,1
Le Plateau-Mont-Royal,Winter,Saturday,10,28.75,12,5,1
Le Plateau-Mont-Royal,Winter,Saturday,11,32.5,12,5,1
Le Plateau-Mont-Royal,Winter,Saturday,12,34.833,12,5,1
Le Plateau-Mont-Royal,Winter,Saturday,13,34.333,12,5,1
Le Plateau-Mont-Royal,Winter,Saturday,14,41.333,12,5,1
Le Plateau-Mont-Royal,Winter,Saturday,15,41.25,12,5,1
Le Plateau-Mont-Royal,Winter,Saturday,16,35.0,12,5,1
Le Plateau-Mont-Royal,Winter,Saturday,17,31.333,12,5,1
Le Plateau-Mont-Royal,Winter,Saturday,18,27.25,12,5,1
Le Plateau-Mont-Royal,Winter,Saturday,19,19.667,12,5,1
Le Plateau-Mont-Royal,Winter,Saturday,20,15.583,12,5,1
Le Plateau-Mont-Royal,Winter,Saturday,21,11.917,12,5,1
Le Plateau-Mont-Royal,Winter,Saturday,22,11.75,12,5,1
Le Plateau-Mont-Royal,Winter,Saturday,23,11.083,12,5,1
Le Plateau-Mont-Royal,Winter,Sunday,0,10.455,11,6,1
Le Plateau-Mont-Royal,Winter,Sunday,1,4.909,11,6,1
Le Plateau-Mont-Royal,Winter,Sunday,2,5.545,11,6,1
Le Plateau-Mont-Royal,Winter,Sunday,3,2.818,11,6,1
Le Plateau-Mont-Royal,Winter,Sunday,4,2.273,11,6,1
Le Plateau-Mont-Royal,Winter,Sunday,5,2.455,11,6,1
Le Plateau-Mont-Royal,Winter,Sunday,6,2.091,11,6,1
Le Plateau-Mont-Royal,Winter,Sunday,7,6.364,11,6,1
Le Plateau-Mont-Royal,Winter,Sunday,8,11.0,11,6,1
Le Plateau-Mont-Royal,Winter,Sunday,9,18.273,11,6,1
Le Plateau-Mont-Royal,Winter,Sunday,10,23.909,11,6,1
Le Plateau-Mont-Royal,Winter,Sunday,11,35.0,11,6,1
Le Plateau-Mont-Royal,Winter,Sunday,12,35.273,11,6,1
Le Plateau-Mont-Royal,Winter,Sunday,13,43.182,11,6,1
Le Plateau-Mont-Royal,Winter,Sunday,14,39.909,11,6,1
Le Plateau-Mont-Royal,Winter,Sunday,15,45.182,11,6,1
Le Plateau-Mont-Royal,Winter,Sunday,16,37.636,11,6,1
Le Plateau-Mont-Royal,Winter,Sunday,17,29.0,11,6,1
Le Plateau-Mont-Royal,Winter,Sunday,18,18.636,11,6,1
Le Plateau-Mont-Royal,Winter,Sunday,19,14.818,11,6,1
Le Plateau-Mont-Royal,Winter,Sunday,20,14.455,11,6,1
Le Plateau-Mont-Royal,Winter,Sunday,21,10.182,11,6,1
Le Plateau-Mont-Royal,Winter,Sunday,22,11.0,11,6,1
Le Plateau-Mont-Royal,Winter,Sunday,23,5.364,11,6,1
Le Sud-Ouest,Winter,Monday,0,0.681,91,0,1
Le Sud-Ouest,Winter,Monday,1,0.407,91,0,1
Le Sud-Ouest,Winter,Monday,2,0.319,91,0,1
Le Sud-Ouest,Winter,Monday,3,0.33,91,0,1
Le Sud-Ouest,Winter,Monday,4,0.396,91,0,1
Le Sud-Ouest,Winter,Monday,5,1.066,91,0,1
Le Sud-Ouest,Winter,Monday,6,1.681,91,0,1
Le Sud-Ouest,Winter,Monday,7,3.637,91,0,1
Le Sud-Ouest,Winter,Monday,8,7.055,91,0,1
Le Sud-Ouest,Winter,Monday,9,3.729,96,0,1
Le Sud-Ouest,Winter,Monday,10,2.344,96,0,1
Le Sud-Ouest,Winter,Monday,11,3.021,96,0,1
Le Sud-Ouest,Winter,Monday,12,4.49,96,0,1
Le Sud-Ouest,Winter,Monday,13,4.26,96,0,1
Le Sud-Ouest,Winter,Monday,14,3.74,96,0,1
Le Sud-Ouest,Winter,Monday,15,4.156,96,0,1
Le Sud-Ouest,Winter,Monday,16,6.156,96,0,1
Le Sud-Ouest,Winter,Monday,17,6.854,96,0,1
Le Sud-Ouest,Winter,Monday,18,4.927,96,0,1
Le Sud-Ouest,Winter,Monday,19,3.323,96,0,1
Le Sud-Ouest,Winter,Monday,20,2.188,96,0,1
Le Sud-Ouest,Winter,Monday,21,1.344,96,0,1
Le Sud-Ouest,Winter,Monday,22,1.094,96,0,1
Le Sud-Ouest,Winter,Monday,23,0.667,96,0,1
Le Sud-Ouest,Winter,Tuesday,0,0.344,96,1,1
Le Sud-Ouest,Winter,Tuesday,1,0.271,96,1,1
Le Sud-Ouest,Winter,Tuesday,2,0.115,96,1,1
Le Sud-Ouest,Winter,Tuesday,3,0.146,96,1,1
Le Sud-Ouest,Winter,Tuesday,4,0.24,96,1,1
Le Sud-Ouest,Winter,Tuesday,5,1.042,96,1,1
Le Sud-Ouest,Winter,Tuesday,6,1.792,96,1,1
Le Sud-Ouest,Winter,Tuesday,7,4.292,96,1,1
Le Sud-Ouest,Winter,Tuesday,8,8.292,96,1,1
Le Sud-Ouest,Winter,Tuesday,9,4.656,96,1,1
Le Sud-Ouest,Winter,Tuesday,10,2.583,96,1,1
Le Sud-Ouest,Winter,Tuesday,11,2.989,92,1,1
Le Sud-Ouest,Winter,Tuesday,12,5.196,92,1,1
Le Sud-Ouest,Winter,Tuesday,13,3.739,92,1,1
Le Sud-Ouest,Winter,Tuesday,14,3.326,92,1,1
Le Sud-Ouest,Winter,Tuesday,15,3.859,92,1,1
Le Sud-Ouest,Winter,Tuesday,16,6.841,88,1,1
Le Sud-Ouest,Winter,Tuesday,17,9.098,92,1,1
Le Sud-Ouest,Winter,Tuesday,18,5.467,92,1,1
Le Sud-Ouest,Winter,Tuesday,19,3.826,92,1,1
Le Sud-Ouest,Winter,Tuesday,20,2.565,92,1,1
Le Sud-Ouest,Winter,Tuesday,21,1.576,92,1,1
Le Sud-Ouest,Winter,Tuesday,22,1.348,92,1,1
Le Sud-Ouest,Winter,Tuesday,23,0.87,92,1,1
Le Sud-Ouest,Winter,Wednesday,0,0.613,93,2,1
Le Sud-Ouest,Winter,Wednesday,1,0.413,92,2,1
Le Sud-Ouest,Winter,Wednesday,2,0.196,92,2,1
Le Sud-Ouest,Winter,Wednesday,3,0.25,92,2,1
Le Sud-Ouest,Winter,Wednesday,4,0.272,92,2,1
Le Sud-Ouest,Winter,Wednesday,5,0.565,92,2,1
Le Sud-Ouest,Winter,Wednesday,6,1.576,92,2,1
Le Sud-Ouest,Winter,Wednesday,7,3.924,92,2,1
Le Sud-Ouest,Winter,Wednesday,8,7.652,92,2,1
Le Sud-Ouest,Winter,Wednesday,9,4.685,92,2,1
Le Sud-Ouest,Winter,Wednesday,10,2.426,94,2,1
Le Sud-Ouest,Winter,Wednesday,11,2.302,96,2,1
Le Sud-Ouest,Winter,Wednesday,12,4.156,96,2,1
Le Sud-Ouest,Winter,Wednesday,13,4.0,98,2,1
Le Sud-Ouest,Winter,Wednesday,14,3.317,104,2,1
Le Sud-Ouest,Winter,Wednesday,15,3.51,104,2,1
Le Sud-Ouest,Winter,Wednesday,16,6.115,104,2,1
Le Sud-Ouest,Winter,Wednesday,17,7.979,96,2,1
Le Sud-Ouest,Winter,Wednesday,18,4.558,104,2,1
Le Sud-Ouest,Winter,Wednesday,19,3.135,104,2,1
Le Sud-Ouest,Winter,Wednesday,20,2.644,104,2,1
Le Sud-Ouest,Winter,Wednesday,21,1.404,104,2,1
Le Sud-Ouest,Winter,Wednesday,22,1.396,96,2,1
Le Sud-Ouest,Winter,Wednesday,23,1.073,96,2,1
Le Sud-Ouest,Winter,Thursday,0,0.526,97,3,1
Le Sud-Ouest,Winter,Thursday,1,0.383,94,3,1
Le Sud-Ouest,Winter,Thursday,2,0.219,96,3,1
Le Sud-Ouest,Winter,Thursday,3,0.167,96,3,1
Le Sud-Ouest,Winter,Thursday,4,0.25,96,3,1
Le Sud-Ouest,Winter,Thursday,5,0.667,96,3,1
Le Sud-Ouest,Winter,Thursday,6,1.292,96,3,1
Le Sud-Ouest,Winter,Thursday,7,3.01,96,3,1
Le Sud-Ouest,Winter,Thursday,8,6.312,96,3,1
Le Sud-Ouest,Winter,Thursday,9,4.617,94,3,1
Le Sud-Ouest,Winter,Thursday,10,2.938,96,3,1
Le Sud-Ouest,Winter,Thursday,11,3.135,96,3,1
Le Sud-Ouest,Winter,Thursday,12,3.865,96,3,1
Le Sud-Ouest,Winter,Thursday,13,3.406,96,3,1
Le Sud-Ouest,Winter,Thursday,14,3.354,96,3,1
Le Sud-Ouest,Winter,Thursday,15,3.823,96,3,1
Le Sud-Ouest,Winter,Thursday,16,5.312,96,3,1
Le Sud-Ouest,Winter,Thursday,17,6.432,88,3,1
Le Sud-Ouest,Winter,Thursday,18,4.284,88,3,1
Le Sud-Ouest,Winter,Thursday,19,3.33,88,3,1
Le Sud-Ouest,Winter,Thursday,20,2.182,88,3,1
Le Sud-Ouest,Winter,Thursday,21,1.5,88,3,1
Le Sud-Ouest,Winter,Thursday,22,1.136,88,3,1
Le Sud-Ouest,Winter,Thursday,23,1.138,80,3,1
Le Sud-Ouest,Winter,Friday,0,0.831,83,4,1
Le Sud-Ouest,Winter,Friday,1,0.362,80,4,1
Le Sud-Ouest,Winter,Friday,2,0.412,80,4,1
Le Sud-Ouest,Winter,Friday,3,0.375,80,4,1
Le Sud-Ouest,Winter,Friday,4,0.312,80,4,1
Le Sud-Ouest,Winter,Friday,5,0.675,80,4,1
Le Sud-Ouest,Winter,Friday,6,1.182,88,4,1
Le Sud-Ouest,Winter,Friday,7,2.386,88,4,1
Le Sud-Ouest,Winter,Friday,8,3.75,96,4,1
Le Sud-Ouest,Winter,Friday,9,2.99,96,4,1
Le Sud-Ouest,Winter,Friday,10,2.652,92,4,1
Le Sud-Ouest,Winter,Friday,11,2.49,96,4,1
Le Sud-Ouest,Winter,Friday,12,3.99,96,4,1
Le Sud-Ouest,Winter,Friday,13,3.458,96,4,1
Le Sud-Ouest,Winter,Friday,14,3.115,96,4,1
Le Sud-Ouest,Winter,Friday,15,3.969,96,4,1
Le Sud-Ouest,Winter,Friday,16,4.865,96,4,1
Le Sud-Ouest,Winter,Friday,17,5.0,96,4,1
Le Sud-Ouest,Winter,Friday,18,3.552,96,4,1
Le Sud-Ouest,Winter,Friday,19,3.417,96,4,1
Le Sud-Ouest,Winter,Friday,20,2.323,96,4,1
Le Sud-Ouest,Winter,Friday,21,1.833,96,4,1
Le Sud-Ouest,Winter,Friday,22,1.323,96,4,1
Le Sud-Ouest,Winter,Friday,23,0.917,96,4,1
Le Sud-Ouest,Winter,Saturday,0,0.885,96,5,1
Le Sud-Ouest,Winter,Saturday,1,0.552,96,5,1
Le Sud-Ouest,Winter,Saturday,2,0.427,96,5,1
Le Sud-Ouest,Winter,Saturday,3,0.562,96,5,1
Le Sud-Ouest,Winter,Saturday,4,0.219,96,5,1
Le Sud-Ouest,Winter,Saturday,5,0.208,96,5,1
Le Sud-Ouest,Winter,Saturday,6,0.458,96,5,1
Le Sud-Ouest,Winter,Saturday,7,0.927,96,5,1
Le Sud-Ouest,Winter,Saturday,8,1.615,96,5,1
Le Sud-Ouest,Winter,Saturday,9,3.021,96,5,1
Le Sud-Ouest,Winter,Saturday,10,3.521,96,5,1
Le Sud-Ouest,Winter,Saturday,11,3.469,96,5,1
Le Sud-Ouest,Winter,Saturday,12,3.458,96,5,1
Le Sud-Ouest,Winter,Saturday,13,3.979,96,5,1
Le Sud-Ouest,Winter,Saturday,14,3.635,96,5,1
Le Sud-Ouest,Winter,Saturday,15,3.906,96,5,1
Le Sud-Ouest,Winter,Saturday,16,3.479,96,5,1
Le Sud-Ouest,Winter,Saturday,17,3.135,96,5,1
Le Sud-Ouest,Winter,Saturday,18,2.604,96,5,1
Le Sud-Ouest,Winter,Saturday,19,2.406,96,5,1
Le Sud-Ouest,Winter,Saturday,20,1.5,96,5,1
Le Sud-Ouest,Winter,Saturday,21,1.26,96,5,1
Le Sud-Ouest,Winter,Saturday,22,0.958,96,5,1
Le Sud-Ouest,Winter,Saturday,23,0.927,96,5,1
Le Sud-Ouest,Winter,Sunday,0,0.787,89,6,1
Le Sud-Ouest,Winter,Sunday,1,0.627,83,6,1
Le Sud-Ouest,Winter,Sunday,2,0.277,83,6,1
Le Sud-Ouest,Winter,Sunday,3,0.361,83,6,1
Le Sud-Ouest,Winter,Sunday,4,0.217,83,6,1
Le Sud-Ouest,Winter,Sunday,5,0.217,83,6,1
Le Sud-Ouest,Winter,Sunday,6,0.386,83,6,1
Le Sud-Ouest,Winter,Sunday,7,0.747,83,6,1
Le Sud-Ouest,Winter,Sunday,8,1.373,83,6,1
Le Sud-Ouest,Winter,Sunday,9,2.157,83,6,1
Le Sud-Ouest,Winter,Sunday,10,2.482,83,6,1
Le Sud-Ouest,Winter,Sunday,11,2.554,83,6,1
Le Sud-Ouest,Winter,Sunday,12,3.542,83,6,1
Le Sud-Ouest,Winter,Sunday,13,3.756,82,6,1
Le Sud-Ouest,Winter,Sunday,14,3.325,83,6,1
Le Sud-Ouest,Winter,Sunday,15,2.904,83,6,1
Le Sud-Ouest,Winter,Sunday,16,3.024,83,6,1
Le Sud-Ouest,Winter,Sunday,17,2.566,83,6,1
Le Sud-Ouest,Winter,Sunday,18,1.663,83,6,1
Le Sud-Ouest,Winter,Sunday,19,1.819,83,6,1
Le Sud-Ouest,Winter,Sunday,20,1.205,83,6,1
Le Sud-Ouest,Winter,Sunday,21,1.361,83,6,1
Le Sud-Ouest,Winter,Sunday,22,1.012,83,6,1
Le Sud-Ouest,Winter,Sunday,23,0.711,83,6,1
Mercier–Hochelaga-Maisonneuve,Winter,Monday,0,0.051,39,0,1
Mercier–Hochelaga-Maisonneuve,Winter,Monday,1,0.077,39,0,1
Mercier–Hochelaga-Maisonneuve,Winter,Monday,2,0.077,39,0,1
Mercier–Hochelaga-Maisonneuve,Winter,Monday,3,0.128,39,0,1
Mercier–Hochelaga-Maisonneuve,Winter,Monday,4,0.231,39,0,1
Mercier–Hochelaga-Maisonneuve,Winter,Monday,5,1.154,39,0,1
Mercier–Hochelaga-Maisonneuve,Winter,Monday,6,1.795,39,0,1
Mercier–Hochelaga-Maisonneuve,Winter,Monday,7,4.667,39,0,1
Mercier–Hochelaga-Maisonneuve,Winter,Monday,8,8.282,39,0,1
Mercier–Hochelaga-Maisonneuve,Winter,Monday,9,8.205,39,0,1
Mercier–Hochelaga-Maisonneuve,Winter,Monday,10,8.692,39,0,1
Mercier–Hochelaga-Maisonneuve,Winter,Monday,11,7.103,39,0,1
Mercier–Hochelaga-Maisonneuve,Winter,Monday,12,4.692,39,0,1
Mercier–Hochelaga-Maisonneuve,Winter,Monday,13,5.308,39,0,1
Mercier–Hochelaga-Maisonneuve,Winter,Monday,14,2.769,39,0,1
Mercier–Hochelaga-Maisonneuve,Winter,Monday,15,1.487,39,0,1
Mercier–Hochelaga-Maisonneuve,Winter,Monday,16,1.692,39,0,1
Mercier–Hochelaga-Maisonneuve,Winter,Monday,17,1.359,39,0,1
Mercier–Hochelaga-Maisonneuve,Winter,Monday,18,2.154,39,0,1
Mercier–Hochelaga-Maisonneuve,Winter,Monday,19,0.692,39,0,1
Mercier–Hochelaga-Maisonneuve,Winter,Monday,20,0.308,39,0,1
Mercier–Hochelaga-Maisonneuve,Winter,Monday,21,0.538,39,0,1
Mercier–Hochelaga-Maisonneuve,Winter,Monday,22,0.718,39,0,1
Mercier–Hochelaga-Maisonneuve,Winter,Monday,23,0.154,39,0,1
Mercier–Hochelaga-Maisonneuve,Winter,Tuesday,0,0.205,39,1,1
Mercier–Hochelaga-Maisonneuve,Winter,Tuesday,1,0.641,39,1,1
Mercier–Hochelaga-Maisonneuve,Winter,Tuesday,2,0.231,39,1,1
Mercier–Hochelaga-Maisonneuve,Winter,Tuesday,3,0.205,39,1,1
Mercier–Hochelaga-Maisonneuve,Winter,Tuesday,4,0.513,39,1,1
Mercier–Hochelaga-Maisonneuve,Winter,Tuesday,5,0.897,39,1,1
Mercier–Hochelaga-Maisonneuve,Winter,Tuesday,6,2.41,39,1,1
Mercier–Hochelaga-Maisonneuve,Winter,Tuesday,7,7.538,39,1,1
Mercier–Hochelaga-Maisonneuve,Winter,Tuesday,8,15.103,39,1,1
Mercier–Hochelaga-Maisonneuve,Winter,Tuesday,9,12.846,39,1,1
Mercier–Hochelaga-Maisonneuve,Winter,Tuesday,10,11.513,39,1,1
Mercier–Hochelaga-Maisonneuve,Winter,Tuesday,11,8.308,39,1,1
Mercier–Hochelaga-Maisonneuve,Winter,Tuesday,12,6.256,39,1,1
Mercier–Hochelaga-Maisonneuve,Winter,Tuesday,13,4.538,39,1,1
Mercier–Hochelaga-Maisonneuve,Winter,Tuesday,14,3.615,39,1,1
Mercier–Hochelaga-Maisonneuve,Winter,Tuesday,15,1.667,39,1,1
Mercier–Hochelaga-Maisonneuve,Winter,Tuesday,16,2.026,39,1,1
Mercier–Hochelaga-Maisonneuve,Winter,Tuesday,17,1.974,39,1,1
Mercier–Hochelaga-Maisonneuve,Winter,Tuesday,18,2.333,39,1,1
Mercier–Hochelaga-Maisonneuve,Winter,Tuesday,19,1.205,39,1,1
Mercier–Hochelaga-Maisonneuve,Winter,Tuesday,20,0.359,39,1,1
Mercier–Hochelaga-Maisonneuve,Winter,Tuesday,21,0.385,39,1,1
Mercier–Hochelaga-Maisonneuve,Winter,Tuesday,22,0.667,39,1,1
Mercier–Hochelaga-Maisonneuve,Winter,Tuesday,23,0.103,39,1,1
Mercier–Hochelaga-Maisonneuve,Winter,Wednesday,0,0.275,40,2,1
Mercier–Hochelaga-Maisonneuve,Winter,Wednesday,1,0.308,39,2,1
Mercier–Hochelaga-Maisonneuve,Winter,Wednesday,2,0.231,39,2,1
Mercier–Hochelaga-Maisonneuve,Winter,Wednesday,3,0.179,39,2,1
Mercier–Hochelaga-Maisonneuve,Winter,Wednesday,4,0.205,39,2,1
Mercier–Hochelaga-Maisonneuve,Winter,Wednesday,5,0.692,39,2,1
Mercier–Hochelaga-Maisonneuve,Winter,Wednesday,6,1.897,39,2,1
Mercier–Hochelaga-Maisonneuve,Winter,Wednesday,7,4.513,39,2,1
Mercier–Hochelaga-Maisonneuve,Winter,Wednesday,8,7.769,39,2,1
Mercier–Hochelaga-Maisonneuve,Winter,Wednesday,9,9.256,39,2,1
Mercier–Hochelaga-Maisonneuve,Winter,Wednesday,10,7.769,39,2,1
Mercier–Hochelaga-Maisonneuve,Winter,Wednesday,11,7.615,39,2,1
Mercier–Hochelaga-Maisonneuve,Winter,Wednesday,12,7.051,39,2,1
Mercier–Hochelaga-Maisonneuve,Winter,Wednesday,13,7.154,39,2,1
Mercier–Hochelaga-Maisonneuve,Winter,Wednesday,14,4.233,43,2,1
Mercier–Hochelaga-Maisonneuve,Winter,Wednesday,15,1.605,43,2,1
Mercier–Hochelaga-Maisonneuve,Winter,Wednesday,16,1.349,43,2,1
Mercier–Hochelaga-Maisonneuve,Winter,Wednesday,17,1.5,40,2,1
Mercier–Hochelaga-Maisonneuve,Winter,Wednesday,18,1.209,43,2,1
Mercier–Hochelaga-Maisonneuve,Winter,Wednesday,19,1.233,43,2,1
Mercier–Hochelaga-Maisonneuve,Winter,Wednesday,20,0.93,43,2,1
Mercier–Hochelaga-Maisonneuve,Winter,Wednesday,21,0.488,43,2,1
Mercier–Hochelaga-Maisonneuve,Winter,Wednesday,22,0.462,39,2,1
Mercier–Hochelaga-Maisonneuve,Winter,Wednesday,23,0.231,39,2,1
Mercier–Hochelaga-Maisonneuve,Winter,Thursday,0,0.231,39,3,1
Mercier–Hochelaga-Maisonneuve,Winter,Thursday,1,0.282,39,3,1
Mercier–Hochelaga-Maisonneuve,Winter,Thursday,2,0.103,39,3,1
Mercier–Hochelaga-Maisonneuve,Winter,Thursday,3,0.026,39,3,1
Mercier–Hochelaga-Maisonneuve,Winter,Thursday,4,0.256,39,3,1
Mercier–Hochelaga-Maisonneuve,Winter,Thursday,5,0.564,39,3,1
Mercier–Hochelaga-Maisonneuve,Winter,Thursday,6,1.718,39,3,1
Mercier–Hochelaga-Maisonneuve,Winter,Thursday,7,3.692,39,3,1
Mercier–Hochelaga-Maisonneuve,Winter,Thursday,8,7.769,39,3,1
Mercier–Hochelaga-Maisonneuve,Winter,Thursday,9,7.361,36,3,1
Mercier–Hochelaga-Maisonneuve,Winter,Thursday,10,5.949,39,3,1
Mercier–Hochelaga-Maisonneuve,Winter,Thursday,11,2.821,39,3,1
Mercier–Hochelaga-Maisonneuve,Winter,Thursday,12,3.0,39,3,1
Mercier–Hochelaga-Maisonneuve,Winter,Thursday,13,3.462,39,3,1
Mercier–Hochelaga-Maisonneuve,Winter,Thursday,14,2.923,39,3,1
Mercier–Hochelaga-Maisonneuve,Winter,Thursday,15,1.538,39,3,1
Mercier–Hochelaga-Maisonneuve,Winter,Thursday,16,1.538,39,3,1
Mercier–Hochelaga-Maisonneuve,Winter,Thursday,17,1.5,38,3,1
Mercier–Hochelaga-Maisonneuve,Winter,Thursday,18,1.368,38,3,1
Mercier–Hochelaga-Maisonneuve,Winter,Thursday,19,0.421,38,3,1
Mercier–Hochelaga-Maisonneuve,Winter,Thursday,20,0.211,38,3,1
Mercier–Hochelaga-Maisonneuve,Winter,Thursday,21,0.289,38,3,1
Mercier–Hochelaga-Maisonneuve,Winter,Thursday,22,0.316,38,3,1
Mercier–Hochelaga-Maisonneuve,Winter,Thursday,23,0.412,34,3,1
Mercier–Hochelaga-Maisonneuve,Winter,Friday,0,0.417,36,4,1
Mercier–Hochelaga-Maisonneuve,Winter,Friday,1,0.029,34,4,1
Mercier–Hochelaga-Maisonneuve,Winter,Friday,2,0.029,34,4,1
Mercier–Hochelaga-Maisonneuve,Winter,Friday,3,0.206,34,4,1
Mercier–Hochelaga-Maisonneuve,Winter,Friday,4,0.118,34,4,1
Mercier–Hochelaga-Maisonneuve,Winter,Friday,5,0.647,34,4,1
Mercier–Hochelaga-Maisonneuve,Winter,Friday,6,0.711,38,4,1
Mercier–Hochelaga-Maisonneuve,Winter,Friday,7,1.842,38,4,1
Mercier–Hochelaga-Maisonneuve,Winter,Friday,8,3.231,39,4,1
Mercier–Hochelaga-Maisonneuve,Winter,Friday,9,2.051,39,4,1
Mercier–Hochelaga-Maisonneuve,Winter,Friday,10,1.947,38,4,1
Mercier–Hochelaga-Maisonneuve,Winter,Friday,11,2.026,39,4,1
Mercier–Hochelaga-Maisonneuve,Winter,Friday,12,2.308,39,4,1
Mercier–Hochelaga-Maisonneuve,Winter,Friday,13,1.769,39,4,1
Mercier–Hochelaga-Maisonneuve,Winter,Friday,14,1.615,39,4,1
Mercier–Hochelaga-Maisonneuve,Winter,Friday,15,0.359,39,4,1
Mercier–Hochelaga-Maisonneuve,Winter,Friday,16,1.128,39,4,1
Mercier–Hochelaga-Maisonneuve,Winter,Friday,17,1.667,39,4,1
Mercier–Hochelaga-Maisonneuve,Winter,Friday,18,1.513,39,4,1
Mercier–Hochelaga-Maisonneuve,Winter,Friday,19,0.436,39,4,1
Mercier–Hochelaga-Maisonneuve,Winter,Friday,20,0.513,39,4,1
Mercier–Hochelaga-Maisonneuve,Winter,Friday,21,0.718,39,4,1
Mercier–Hochelaga-Maisonneuve,Winter,Friday,22,0.872,39,4,1
Mercier–Hochelaga-Maisonneuve,Winter,Friday,23,1.718,39,4,1
Mercier–Hochelaga-Maisonneuve,Winter,Saturday,0,0.538,39,5,1
Mercier–Hochelaga-Maisonneuve,Winter,Saturday,1,1.385,39,5,1
Mercier–Hochelaga-Maisonneuve,Winter,Saturday,2,0.718,39,5,1
Mercier–Hochelaga-Maisonneuve,Winter,Saturday,3,0.718,39,5,1
Mercier–Hochelaga-Maisonneuve,Winter,Saturday,4,0.667,39,5,1
Mercier–Hochelaga-Maisonneuve,Winter,Saturday,5,0.615,39,5,1
Mercier–Hochelaga-Maisonneuve,Winter,Saturday,6,0.59,39,5,1
Mercier–Hochelaga-Maisonneuve,Winter,Saturday,7,1.41,39,5,1
Mercier–Hochelaga-Maisonneuve,Winter,Saturday,8,0.718,39,5,1
Mercier–Hochelaga-Maisonneuve,Winter,Saturday,9,1.385,39,5,1
Mercier–Hochelaga-Maisonneuve,Winter,Saturday,10,0.923,39,5,1
Mercier–Hochelaga-Maisonneuve,Winter,Saturday,11,0.923,39,5,1
Mercier–Hochelaga-Maisonneuve,Winter,Saturday,12,0.641,39,5,1
Mercier–Hochelaga-Maisonneuve,Winter,Saturday,13,1.179,39,5,1
Mercier–Hochelaga-Maisonneuve,Winter,Saturday,14,1.436,39,5,1
Mercier–Hochelaga-Maisonneuve,Winter,Saturday,15,0.308,39,5,1
Mercier–Hochelaga-Maisonneuve,Winter,Saturday,16,0.615,39,5,1
Mercier–Hochelaga-Maisonneuve,Winter,Saturday,17,0.769,39,5,1
Mercier–Hochelaga-Maisonneuve,Winter,Saturday,18,0.692,39,5,1
Mercier–Hochelaga-Maisonneuve,Winter,Saturday,19,0.615,39,5,1
Mercier–Hochelaga-Maisonneuve,Winter,Saturday,20,0.59,39,5,1
Mercier–Hochelaga-Maisonneuve,Winter,Saturday,21,0.59,39,5,1
Mercier–Hochelaga-Maisonneuve,Winter,Saturday,22,0.333,39,5,1
Mercier–Hochelaga-Maisonneuve,Winter,Saturday,23,0.282,39,5,1
Mercier–Hochelaga-Maisonneuve,Winter,Sunday,0,0.105,38,6,1
Mercier–Hochelaga-Maisonneuve,Winter,Sunday,1,0.158,38,6,1
Mercier–Hochelaga-Maisonneuve,Winter,Sunday,2,0.158,38,6,1
Mercier–Hochelaga-Maisonneuve,Winter,Sunday,3,0.184,38,6,1
Mercier–Hochelaga-Maisonneuve,Winter,Sunday,4,0.395,38,6,1
Mercier–Hochelaga-Maisonneuve,Winter,Sunday,5,0.316,38,6,1
Mercier–Hochelaga-Maisonneuve,Winter,Sunday,6,0.237,38,6,1
Mercier–Hochelaga-Maisonneuve,Winter,Sunday,7,0.447,38,6,1
Mercier–Hochelaga-Maisonneuve,Winter,Sunday,8,0.447,38,6,1
Mercier–Hochelaga-Maisonneuve,Winter,Sunday,9,0.342,38,6,1
Mercier–Hochelaga-Maisonneuve,Winter,Sunday,10,0.789,38,6,1
Mercier–Hochelaga-Maisonneuve,Winter,Sunday,11,0.737,38,6,1
Mercier–Hochelaga-Maisonneuve,Winter,Sunday,12,0.868,38,6,1
Mercier–Hochelaga-Maisonneuve,Winter,Sunday,13,1.053,38,6,1
Mercier–Hochelaga-Maisonneuve,Winter,Sunday,14,1.263,38,6,1
Mercier–Hochelaga-Maisonneuve,Winter,Sunday,15,1.605,38,6,1
Mercier–Hochelaga-Maisonneuve,Winter,Sunday,16,1.316,38,6,1
Mercier–Hochelaga-Maisonneuve,Winter,Sunday,17,0.8,35,6,1
Mercier–Hochelaga-Maisonneuve,Winter,Sunday,18,0.8,35,6,1
Mercier–Hochelaga-Maisonneuve,Winter,Sunday,19,0.886,35,6,1
Mercier–Hochelaga-Maisonneuve,Winter,Sunday,20,0.457,35,6,1
Mercier–Hochelaga-Maisonneuve,Winter,Sunday,21,0.343,35,6,1
Mercier–Hochelaga-Maisonneuve,Winter,Sunday,22,0.114,35,6,1
Mercier–Hochelaga-Maisonneuve,Winter,Sunday,23,0.2,35,6,1
Montréal-Nord,Winter,Monday,0,0.062,16,0,1
Montréal-Nord,Winter,Monday,1,0.125,16,0,1
Montréal-Nord,Winter,Monday,2,0.0,16,0,1
Montréal-Nord,Winter,Monday,3,0.0,16,0,1
Montréal-Nord,Winter,Monday,4,0.0,16,0,1
Montréal-Nord,Winter,Monday,5,0.25,16,0,1
Montréal-Nord,Winter,Monday,6,0.562,16,0,1
Montréal-Nord,Winter,Monday,7,1.25,16,0,1
Montréal-Nord,Winter,Monday,8,0.562,16,0,1
Montréal-Nord,Winter,Monday,9,0.75,16,0,1
Montréal-Nord,Winter,Monday,10,0.5,16,0,1
Montréal-Nord,Winter,Monday,11,1.062,16,0,1
Montréal-Nord,Winter,Monday,12,1.0,16,0,1
Montréal-Nord,Winter,Monday,13,0.25,16,0,1
Montréal-Nord,Winter,Monday,14,0.375,16,0,1
Montréal-Nord,Winter,Monday,15,1.438,16,0,1
Montréal-Nord,Winter,Monday,16,1.812,16,0,1
Montréal-Nord,Winter,Monday,17,1.688,16,0,1
Montréal-Nord,Winter,Monday,18,0.688,16,0,1
Montréal-Nord,Winter,Monday,19,0.75,16,0,1
Montréal-Nord,Winter,Monday,20,0.312,16,0,1
Montréal-Nord,Winter,Monday,21,0.5,16,0,1
Montréal-Nord,Winter,Monday,22,0.25,16,0,1
Montréal-Nord,Winter,Monday,23,0.375,16,0,1
Montréal-Nord,Winter,Tuesday,0,0.125,16,1,1
Montréal-Nord,Winter,Tuesday,1,0.125,16,1,1
Montréal-Nord,Winter,Tuesday,2,0.0,16,1,1
Montréal-Nord,Winter,Tuesday,3,0.0,16,1,1
Montréal-Nord,Winter,Tuesday,4,0.125,16,1,1
Montréal-Nord,Winter,Tuesday,5,0.188,16,1,1
Montréal-Nord,Winter,Tuesday,6,0.438,16,1,1
Montréal-Nord,Winter,Tuesday,7,2.188,16,1,1
Montréal-Nord,Winter,Tuesday,8,0.938,16,1,1
Montréal-Nord,Winter,Tuesday,9,0.625,16,1,1
Montréal-Nord,Winter,Tuesday,10,0.875,16,1,1
Montréal-Nord,Winter,Tuesday,11,0.562,16,1,1
Montréal-Nord,Winter,Tuesday,12,1.0,16,1,1
Montréal-Nord,Winter,Tuesday,13,1.125,16,1,1
Montréal-Nord,Winter,Tuesday,14,0.375,16,1,1
Montréal-Nord,Winter,Tuesday,15,1.5,16,1,1
Montréal-Nord,Winter,Tuesday,16,1.375,16,1,1
Montréal-Nord,Winter,Tuesday,17,1.062,16,1,1
Montréal-Nord,Winter,Tuesday,18,0.875,16,1,1
Montréal-Nord,Winter,Tuesday,19,0.5,16,1,1
Montréal-Nord,Winter,Tuesday,20,0.438,16,1,1
Montréal-Nord,Winter,Tuesday,21,0.312,16,1,1
Montréal-Nord,Winter,Tuesday,22,0.312,16,1,1
Montréal-Nord,Winter,Tuesday,23,0.125,16,1,1
Montréal-Nord,Winter,Wednesday,0,0.188,16,2,1
Montréal-Nord,Winter,Wednesday,1,0.0,16,2,1
Montréal-Nord,Winter,Wednesday,2,0.0,16,2,1
Montréal-Nord,Winter,Wednesday,3,0.125,16,2,1
Montréal-Nord,Winter,Wednesday,4,0.062,16,2,1
Montréal-Nord,Winter,Wednesday,5,0.188,16,2,1
Montréal-Nord,Winter,Wednesday,6,0.875,16,2,1
Montréal-Nord,Winter,Wednesday,7,1.375,16,2,1
Montréal-Nord,Winter,Wednesday,8,0.688,16,2,1
Montréal-Nord,Winter,Wednesday,9,0.688,16,2,1
Montréal-Nord,Winter,Wednesday,10,0.667,15,2,1
Montréal-Nord,Winter,Wednesday,11,0.25,16,2,1
Montréal-Nord,Winter,Wednesday,12,0.722,18,2,1
Montréal-Nord,Winter,Wednesday,13,1.167,18,2,1
Montréal-Nord,Winter,Wednesday,14,0.895,19,2,1
Montréal-Nord,Winter,Wednesday,15,1.368,19,2,1
Montréal-Nord,Winter,Wednesday,16,0.842,19,2,1
Montréal-Nord,Winter,Wednesday,17,1.167,18,2,1
Montréal-Nord,Winter,Wednesday,18,0.684,19,2,1
Montréal-Nord,Winter,Wednesday,19,0.895,19,2,1
Montréal-Nord,Winter,Wednesday,20,0.368,19,2,1
Montréal-Nord,Winter,Wednesday,21,0.421,19,2,1
Montréal-Nord,Winter,Wednesday,22,0.556,18,2,1
Montréal-Nord,Winter,Wednesday,23,0.056,18,2,1
Montréal-Nord,Winter,Thursday,0,0.333,18,3,1
Montréal-Nord,Winter,Thursday,1,0.222,18,3,1
Montréal-Nord,Winter,Thursday,2,0.056,18,3,1
Montréal-Nord,Winter,Thursday,3,0.167,18,3,1
Montréal-Nord,Winter,Thursday,4,0.333,18,3,1
Montréal-Nord,Winter,Thursday,5,0.556,18,3,1
Montréal-Nord,Winter,Thursday,6,0.389,18,3,1
Montréal-Nord,Winter,Thursday,7,1.333,18,3,1
Montréal-Nord,Winter,Thursday,8,0.944,18,3,1
Montréal-Nord,Winter,Thursday,9,1.0,17,3,1
Montréal-Nord,Winter,Thursday,10,0.778,18,3,1
Montréal-Nord,Winter,Thursday,11,1.111,18,3,1
Montréal-Nord,Winter,Thursday,12,0.833,18,3,1
Montréal-Nord,Winter,Thursday,13,0.611,18,3,1
Montréal-Nord,Winter,Thursday,14,0.556,18,3,1
Montréal-Nord,Winter,Thursday,15,1.167,18,3,1
Montréal-Nord,Winter,Thursday,16,1.167,18,3,1
Montréal-Nord,Winter,Thursday,17,0.533,15,3,1
Montréal-Nord,Winter,Thursday,18,0.133,15,3,1
Montréal-Nord,Winter,Thursday,19,0.733,15,3,1
Montréal-Nord,Winter,Thursday,20,0.467,15,3,1
Montréal-Nord,Winter,Thursday,21,0.133,15,3,1
Montréal-Nord,Winter,Thursday,22,0.133,15,3,1
Montréal-Nord,Winter,Thursday,23,0.0,14,3,1
Montréal-Nord,Winter,Friday,0,0.067,15,4,1
Montréal-Nord,Winter,Friday,1,0.071,14,4,1
Montréal-Nord,Winter,Friday,2,0.0,14,4,1
Montréal-Nord,Winter,Friday,3,0.0,14,4,1
Montréal-Nord,Winter,Friday,4,0.071,14,4,1
Montréal-Nord,Winter,Friday,5,0.143,14,4,1
Montréal-Nord,Winter,Friday,6,0.333,15,4,1
Montréal-Nord,Winter,Friday,7,0.933,15,4,1
Montréal-Nord,Winter,Friday,8,0.667,18,4,1
Montréal-Nord,Winter,Friday,9,0.444,18,4,1
Montréal-Nord,Winter,Friday,10,0.5,18,4,1
Montréal-Nord,Winter,Friday,11,0.722,18,4,1
Montréal-Nord,Winter,Friday,12,1.167,18,4,1
Montréal-Nord,Winter,Friday,13,0.556,18,4,1
Montréal-Nord,Winter,Friday,14,0.889,18,4,1
Montréal-Nord,Winter,Friday,15,2.0,18,4,1
Montréal-Nord,Winter,Friday,16,1.056,18,4,1
Montréal-Nord,Winter,Friday,17,1.389,18,4,1
Montréal-Nord,Winter,Friday,18,0.611,18,4,1
Montréal-Nord,Winter,Friday,19,0.167,18,4,1
Montréal-Nord,Winter,Friday,20,0.556,18,4,1
Montréal-Nord,Winter,Friday,21,0.444,18,4,1
Montréal-Nord,Winter,Friday,22,0.278,18,4,1
Montréal-Nord,Winter,Friday,23,0.167,18,4,1
Montréal-Nord,Winter,Saturday,0,0.222,18,5,1
Montréal-Nord,Winter,Saturday,1,0.056,18,5,1
Montréal-Nord,Winter,Saturday,2,0.056,18,5,1
Montréal-Nord,Winter,Saturday,3,0.056,18,5,1
Montréal-Nord,Winter,Saturday,4,0.056,18,5,1
Montréal-Nord,Winter,Saturday,5,0.056,18,5,1
Montréal-Nord,Winter,Saturday,6,0.167,18,5,1
Montréal-Nord,Winter,Saturday,7,0.389,18,5,1
Montréal-Nord,Winter,Saturday,8,0.778,18,5,1
Montréal-Nord,Winter,Saturday,9,1.167,18,5,1
Montréal-Nord,Winter,Saturday,10,0.889,18,5,1
Montréal-Nord,Winter,Saturday,11,0.444,18,5,1
Montréal-Nord,Winter,Saturday,12,0.556,18,5,1
Montréal-Nord,Winter,Saturday,13,0.556,18,5,1
Montréal-Nord,Winter,Saturday,14,0.556,18,5,1
Montréal-Nord,Winter,Saturday,15,0.667,18,5,1
Montréal-Nord,Winter,Saturday,16,0.5,18,5,1
Montréal-Nord,Winter,Saturday,17,0.5,18,5,1
Montréal-Nord,Winter,Saturday,18,0.556,18,5,1
Montréal-Nord,Winter,Saturday,19,0.278,18,5,1
Montréal-Nord,Winter,Saturday,20,0.167,18,5,1
Montréal-Nord,Winter,Saturday,21,0.111,18,5,1
Montréal-Nord,Winter,Saturday,22,0.333,18,5,1
Montréal-Nord,Winter,Saturday,23,0.056,18,5,1
Montréal-Nord,Winter,Sunday,0,0.2,15,6,1
Montréal-Nord,Winter,Sunday,1,0.0,15,6,1
Montréal-Nord,Winter,Sunday,2,0.0,15,6,1
Montréal-Nord,Winter,Sunday,3,0.0,15,6,1
Montréal-Nord,Winter,Sunday,4,0.133,15,6,1
Montréal-Nord,Winter,Sunday,5,0.133,15,6,1
Montréal-Nord,Winter,Sunday,6,0.0,15,6,1
Montréal-Nord,Winter,Sunday,7,0.067,15,6,1
Montréal-Nord,Winter,Sunday,8,0.333,15,6,1
Montréal-Nord,Winter,Sunday,9,0.533,15,6,1
Montréal-Nord,Winter,Sunday,10,0.267,15,6,1
Montréal-Nord,Winter,Sunday,11,0.6,15,6,1
Montréal-Nord,Winter,Sunday,12,0.4,15,6,1
Montréal-Nord,Winter,Sunday,13,0.4,15,6,1
Montréal-Nord,Winter,Sunday,14,0.533,15,6,1
Montréal-Nord,Winter,Sunday,15,0.6,15,6,1
Montréal-Nord,Winter,Sunday,16,0.667,15,6,1
Montréal-Nord,Winter,Sunday,17,0.333,15,6,1
Montréal-Nord,Winter,Sunday,18,0.267,15,6,1
Montréal-Nord,Winter,Sunday,19,0.2,15,6,1
Montréal-Nord,Winter,Sunday,20,0.267,15,6,1
Montréal-Nord,Winter,Sunday,21,0.133,15,6,1
Montréal-Nord,Winter,Sunday,22,0.067,15,6,1
Montréal-Nord,Winter,Sunday,23,0.267,15,6,1
Rivière-des-Prairies–Pointe-aux-Trembles,Winter,Monday,0,1.333,12,0,1
Rivière-des-Prairies–Pointe-aux-Trembles,Winter,Monday,1,0.5,12,0,1
Rivière-des-Prairies–Pointe-aux-Trembles,Winter,Monday,2,0.75,12,0,1
Rivière-des-Prairies–Pointe-aux-Trembles,Winter,Monday,3,1.0,12,0,1
Rivière-des-Prairies–Pointe-aux-Trembles,Winter,Monday,4,0.833,12,0,1
Rivière-des-Prairies–Pointe-aux-Trembles,Winter,Monday,5,2.0,12,0,1
Rivière-des-Prairies–Pointe-aux-Trembles,Winter,Monday,6,1.667,12,0,1
Rivière-des-Prairies–Pointe-aux-Trembles,Winter,Monday,7,1.75,12,0,1
Rivière-des-Prairies–Pointe-aux-Trembles,Winter,Monday,8,1.417,12,0,1
Rivière-des-Prairies–Pointe-aux-Trembles,Winter,Monday,9,1.583,12,0,1
Rivière-des-Prairies–Pointe-aux-Trembles,Winter,Monday,10,1.917,12,0,1
Rivière-des-Prairies–Pointe-aux-Trembles,Winter,Monday,11,1.75,12,0,1
Rivière-des-Prairies–Pointe-aux-Trembles,Winter,Monday,12,2.583,12,0,1
Rivière-des-Prairies–Pointe-aux-Trembles,Winter,Monday,13,2.333,12,0,1
Rivière-des-Prairies–Pointe-aux-Trembles,Winter,Monday,14,1.667,12,0,1
Rivière-des-Prairies–Pointe-aux-Trembles,Winter,Monday,15,2.083,12,0,1
Rivière-des-Prairies–Pointe-aux-Trembles,Winter,Monday,16,1.833,12,0,1
Rivière-des-Prairies–Pointe-aux-Trembles,Winter,Monday,17,0.833,12,0,1
Rivière-des-Prairies–Pointe-aux-Trembles,Winter,Monday,18,1.333,12,0,1
Rivière-des-Prairies–Pointe-aux-Trembles,Winter,Monday,19,1.917,12,0,1
Rivière-des-Prairies–Pointe-aux-Trembles,Winter,Monday,20,1.0,12,0,1
Rivière-des-Prairies–Pointe-aux-Trembles,Winter,Monday,21,1.5,12,0,1
Rivière-des-Prairies–Pointe-aux-Trembles,Winter,Monday,22,0.75,12,0,1
Rivière-des-Prairies–Pointe-aux-Trembles,Winter,Monday,23,1.25,12,0,1
Rivière-des-Prairies–Pointe-aux-Trembles,Winter,Tuesday,0,0.75,12,1,1
Rivière-des-Prairies–Pointe-aux-Trembles,Winter,Tuesday,1,1.083,12,1,1
Rivière-des-Prairies–Pointe-aux-Trembles,Winter,Tuesday,2,0.667,12,1,1
Rivière-des-Prairies–Pointe-aux-Trembles,Winter,Tuesday,3,0.25,12,1,1
Rivière-des-Prairies–Pointe-aux-Trembles,Winter,Tuesday,4,0.417,12,1,1
Rivière-des-Prairies–Pointe-aux-Trembles,Winter,Tuesday,5,1.25,12,1,1
Rivière-des-Prairies–Pointe-aux-Trembles,Winter,Tuesday,6,0.583,12,1,1
Rivière-des-Prairies–Pointe-aux-Trembles,Winter,Tuesday,7,1.083,12,1,1
Rivière-des-Prairies–Pointe-aux-Trembles,Winter,Tuesday,8,1.0,12,1,1
Rivière-des-Prairies–Pointe-aux-Trembles,Winter,Tuesday,9,2.083,12,1,1
Rivière-des-Prairies–Pointe-aux-Trembles,Winter,Tuesday,10,1.583,12,1,1
Rivière-des-Prairies–Pointe-aux-Trembles,Winter,Tuesday,11,1.417,12,1,1
Rivière-des-Prairies–Pointe-aux-Trembles,Winter,Tuesday,12,2.333,12,1,1
Rivière-des-Prairies–Pointe-aux-Trembles,Winter,Tuesday,13,2.917,12,1,1
Rivière-des-Prairies–Pointe-aux-Trembles,Winter,Tuesday,14,1.667,12,1,1
Rivière-des-Prairies–Pointe-aux-Trembles,Winter,Tuesday,15,1.25,12,1,1
Rivière-des-Prairies–Pointe-aux-Trembles,Winter,Tuesday,16,1.571,14,1,1
Rivière-des-Prairies–Pointe-aux-Trembles,Winter,Tuesday,17,2.714,14,1,1
Rivière-des-Prairies–Pointe-aux-Trembles,Winter,Tuesday,18,2.357,14,1,1
Rivière-des-Prairies–Pointe-aux-Trembles,Winter,Tuesday,19,2.143,14,1,1
Rivière-des-Prairies–Pointe-aux-Trembles,Winter,Tuesday,20,1.5,14,1,1
Rivière-des-Prairies–Pointe-aux-Trembles,Winter,Tuesday,21,1.143,14,1,1
Rivière-des-Prairies–Pointe-aux-Trembles,Winter,Tuesday,22,1.5,14,1,1
Rivière-des-Prairies–Pointe-aux-Trembles,Winter,Tuesday,23,1.0,14,1,1
Rivière-des-Prairies–Pointe-aux-Trembles,Winter,Wednesday,0,0.786,14,2,1
Rivière-des-Prairies–Pointe-aux-Trembles,Winter,Wednesday,1,0.571,14,2,1
Rivière-des-Prairies–Pointe-aux-Trembles,Winter,Wednesday,2,0.643,14,2,1
Rivière-des-Prairies–Pointe-aux-Trembles,Winter,Wednesday,3,0.5,14,2,1
Rivière-des-Prairies–Pointe-aux-Trembles,Winter,Wednesday,4,0.857,14,2,1
Rivière-des-Prairies–Pointe-aux-Trembles,Winter,Wednesday,5,2.071,14,2,1
Rivière-des-Prairies–Pointe-aux-Trembles,Winter,Wednesday,6,2.071,14,2,1
Rivière-des-Prairies–Pointe-aux-Trembles,Winter,Wednesday,7,0.786,14,2,1
Rivière-des-Prairies–Pointe-aux-Trembles,Winter,Wednesday,8,1.714,14,2,1
Rivière-des-Prairies–Pointe-aux-Trembles,Winter,Wednesday,9,2.5,14,2,1
Rivière-des-Prairies–Pointe-aux-Trembles,Winter,Wednesday,10,2.75,12,2,1
Rivière-des-Prairies–Pointe-aux-Trembles,Winter,Wednesday,11,1.929,14,2,1
Rivière-des-Prairies–Pointe-aux-Trembles,Winter,Wednesday,12,2.571,14,2,1
Rivière-des-Prairies–Pointe-aux-Trembles,Winter,Wednesday,13,2.2,15,2,1
Rivière-des-Prairies–Pointe-aux-Trembles,Winter,Wednesday,14,1.733,15,2,1
Rivière-des-Prairies–Pointe-aux-Trembles,Winter,Wednesday,15,2.067,15,2,1
Rivière-des-Prairies–Pointe-aux-Trembles,Winter,Wednesday,16,0.667,15,2,1
Rivière-des-Prairies–Pointe-aux-Trembles,Winter,Wednesday,17,1.357,14,2,1
Rivière-des-Prairies–Pointe-aux-Trembles,Winter,Wednesday,18,2.133,15,2,1
Rivière-des-Prairies–Pointe-aux-Trembles,Winter,Wednesday,19,1.133,15,2,1
Rivière-des-Prairies–Pointe-aux-Trembles,Winter,Wednesday,20,0.933,15,2,1
Rivière-des-Prairies–Pointe-aux-Trembles,Winter,Wednesday,21,0.8,15,2,1
Rivière-des-Prairies–Pointe-aux-Trembles,Winter,Wednesday,22,0.357,14,2,1
Rivière-des-Prairies–Pointe-aux-Trembles,Winter,Wednesday,23,1.929,14,2,1
Rivière-des-Prairies–Pointe-aux-Trembles,Winter,Thursday,0,0.429,14,3,1
Rivière-des-Prairies–Pointe-aux-Trembles,Winter,Thursday,1,0.929,14,3,1
Rivière-des-Prairies–Pointe-aux-Trembles,Winter,Thursday,2,0.357,14,3,1
Rivière-des-Prairies–Pointe-aux-Trembles,Winter,Thursday,3,0.214,14,3,1
Rivière-des-Prairies–Pointe-aux-Trembles,Winter,Thursday,4,0.286,14,3,1
Rivière-des-Prairies–Pointe-aux-Trembles,Winter,Thursday,5,1.357,14,3,1
Rivière-des-Prairies–Pointe-aux-Trembles,Winter,Thursday,6,0.857,14,3,1
Rivière-des-Prairies–Pointe-aux-Trembles,Winter,Thursday,7,1.5,14,3,1
Rivière-des-Prairies–Pointe-aux-Trembles,Winter,Thursday,8,1.714,14,3,1
Rivière-des-Prairies–Pointe-aux-Trembles,Winter,Thursday,9,2.143,14,3,1
Rivière-des-Prairies–Pointe-aux-Trembles,Winter,Thursday,10,1.714,14,3,1
Rivière-des-Prairies–Pointe-aux-Trembles,Winter,Thursday,11,1.571,14,3,1
Rivière-des-Prairies–Pointe-aux-Trembles,Winter,Thursday,12,2.571,14,3,1
Rivière-des-Prairies–Pointe-aux-Trembles,Winter,Thursday,13,1.714,14,3,1
Rivière-des-Prairies–Pointe-aux-Trembles,Winter,Thursday,14,1.429,14,3,1
Rivière-des-Prairies–Pointe-aux-Trembles,Winter,Thursday,15,1.857,14,3,1
Rivière-des-Prairies–Pointe-aux-Trembles,Winter,Thursday,16,1.143,14,3,1
Rivière-des-Prairies–Pointe-aux-Trembles,Winter,Thursday,17,1.615,13,3,1
Rivière-des-Prairies–Pointe-aux-Trembles,Winter,Thursday,18,1.231,13,3,1
Rivière-des-Prairies–Pointe-aux-Trembles,Winter,Thursday,19,2.154,13,3,1
Rivière-des-Prairies–Pointe-aux-Trembles,Winter,Thursday,20,0.923,13,3,1
Rivière-des-Prairies–Pointe-aux-Trembles,Winter,Thursday,21,1.154,13,3,1
Rivière-des-Prairies–Pointe-aux-Trembles,Winter,Thursday,22,1.615,13,3,1
Rivière-des-Prairies–Pointe-aux-Trembles,Winter,Thursday,23,1.917,12,3,1
Rivière-des-Prairies–Pointe-aux-Trembles,Winter,Friday,0,1.0,13,4,1
Rivière-des-Prairies–Pointe-aux-Trembles,Winter,Friday,1,1.083,12,4,1
Rivière-des-Prairies–Pointe-aux-Trembles,Winter,Friday,2,0.75,12,4,1
Rivière-des-Prairies–Pointe-aux-Trembles,Winter,Friday,3,0.417,12,4,1
Rivière-des-Prairies–Pointe-aux-Trembles,Winter,Friday,4,1.417,12,4,1
Rivière-des-Prairies–Pointe-aux-Trembles,Winter,Friday,5,2.0,12,4,1
Rivière-des-Prairies–Pointe-aux-Trembles,Winter,Friday,6,1.462,13,4,1
Rivière-des-Prairies–Pointe-aux-Trembles,Winter,Friday,7,2.077,13,4,1
Rivière-des-Prairies–Pointe-aux-Trembles,Winter,Friday,8,1.786,14,4,1
Rivière-des-Prairies–Pointe-aux-Trembles,Winter,Friday,9,1.857,14,4,1
Rivière-des-Prairies–Pointe-aux-Trembles,Winter,Friday,10,2.786,14,4,1
Rivière-des-Prairies–Pointe-aux-Trembles,Winter,Friday,11,2.429,14,4,1
Rivière-des-Prairies–Pointe-aux-Trembles,Winter,Friday,12,2.643,14,4,1
Rivière-des-Prairies–Pointe-aux-Trembles,Winter,Friday,13,1.571,14,4,1
Rivière-des-Prairies–Pointe-aux-Trembles,Winter,Friday,14,2.786,14,4,1
Rivière-des-Prairies–Pointe-aux-Trembles,Winter,Friday,15,2.0,14,4,1
Rivière-des-Prairies–Pointe-aux-Trembles,Winter,Friday,16,1.786,14,4,1
Rivière-des-Prairies–Pointe-aux-Trembles,Winter,Friday,17,1.929,14,4,1
Rivière-des-Prairies–Pointe-aux-Trembles,Winter,Friday,18,1.357,14,4,1
Rivière-des-Prairies–Pointe-aux-Trembles,Winter,Friday,19,1.929,14,4,1
Rivière-des-Prairies–Pointe-aux-Trembles,Winter,Friday,20,2.5,14,4,1
Rivière-des-Prairies–Pointe-aux-Trembles,Winter,Friday,21,1.308,13,4,1
Rivière-des-Prairies–Pointe-aux-Trembles,Winter,Friday,22,1.538,13,4,1
Rivière-des-Prairies–Pointe-aux-Trembles,Winter,Friday,23,1.385,13,4,1
Rivière-des-Prairies–Pointe-aux-Trembles,Winter,Saturday,0,0.692,13,5,1
Rivière-des-Prairies–Pointe-aux-Trembles,Winter,Saturday,1,0.769,13,5,1
Rivière-des-Prairies–Pointe-aux-Trembles,Winter,Saturday,2,0.385,13,5,1
Rivière-des-Prairies–Pointe-aux-Trembles,Winter,Saturday,3,0.692,13,5,1
Rivière-des-Prairies–Pointe-aux-Trembles,Winter,Saturday,4,0.385,13,5,1
Rivière-des-Prairies–Pointe-aux-Trembles,Winter,Saturday,5,0.615,13,5,1
Rivière-des-Prairies–Pointe-aux-Trembles,Winter,Saturday,6,0.538,13,5,1
Rivière-des-Prairies–Pointe-aux-Trembles,Winter,Saturday,7,0.846,13,5,1
Rivière-des-Prairies–Pointe-aux-Trembles,Winter,Saturday,8,1.462,13,5,1
Rivière-des-Prairies–Pointe-aux-Trembles,Winter,Saturday,9,1.538,13,5,1
Rivière-des-Prairies–Pointe-aux-Trembles,Winter,Saturday,10,2.231,13,5,1
Rivière-des-Prairies–Pointe-aux-Trembles,Winter,Saturday,11,1.923,13,5,1
Rivière-des-Prairies–Pointe-aux-Trembles,Winter,Saturday,12,1.923,13,5,1
Rivière-des-Prairies–Pointe-aux-Trembles,Winter,Saturday,13,3.385,13,5,1
Rivière-des-Prairies–Pointe-aux-Trembles,Winter,Saturday,14,2.923,13,5,1
Rivière-des-Prairies–Pointe-aux-Trembles,Winter,Saturday,15,1.923,13,5,1
Rivière-des-Prairies–Pointe-aux-Trembles,Winter,Saturday,16,1.692,13,5,1
Rivière-des-Prairies–Pointe-aux-Trembles,Winter,Saturday,17,2.0,13,5,1
Rivière-des-Prairies–Pointe-aux-Trembles,Winter,Saturday,18,1.154,13,5,1
Rivière-des-Prairies–Pointe-aux-Trembles,Winter,Saturday,19,1.923,13,5,1
Rivière-des-Prairies–Pointe-aux-Trembles,Winter,Saturday,20,2.154,13,5,1
Rivière-des-Prairies–Pointe-aux-Trembles,Winter,Saturday,21,1.462,13,5,1
Rivière-des-Prairies–Pointe-aux-Trembles,Winter,Saturday,22,0.923,13,5,1
Rivière-des-Prairies–Pointe-aux-Trembles,Winter,Saturday,23,1.231,13,5,1
Rivière-des-Prairies–Pointe-aux-Trembles,Winter,Sunday,0,0.667,12,6,1
Rivière-des-Prairies–Pointe-aux-Trembles,Winter,Sunday,1,1.083,12,6,1
Rivière-des-Prairies–Pointe-aux-Trembles,Winter,Sunday,2,1.167,12,6,1
Rivière-des-Prairies–Pointe-aux-Trembles,Winter,Sunday,3,1.0,12,6,1
Rivière-des-Prairies–Pointe-aux-Trembles,Winter,Sunday,4,1.0,12,6,1
Rivière-des-Prairies–Pointe-aux-Trembles,Winter,Sunday,5,0.583,12,6,1
Rivière-des-Prairies–Pointe-aux-Trembles,Winter,Sunday,6,1.917,12,6,1
Rivière-des-Prairies–Pointe-aux-Trembles,Winter,Sunday,7,1.667,12,6,1
Rivière-des-Prairies–Pointe-aux-Trembles,Winter,Sunday,8,1.917,12,6,1
Rivière-des-Prairies–Pointe-aux-Trembles,Winter,Sunday,9,1.75,12,6,1
Rivière-des-Prairies–Pointe-aux-Trembles,Winter,Sunday,10,2.667,12,6,1
Rivière-des-Prairies–Pointe-aux-Trembles,Winter,Sunday,11,2.0,12,6,1
Rivière-des-Prairies–Pointe-aux-Trembles,Winter,Sunday,12,1.75,12,6,1
Rivière-des-Prairies–Pointe-aux-Trembles,Winter,Sunday,13,2.083,12,6,1
Rivière-des-Prairies–Pointe-aux-Trembles,Winter,Sunday,14,1.75,12,6,1
Rivière-des-Prairies–Pointe-aux-Trembles,Winter,Sunday,15,1.917,12,6,1
Rivière-des-Prairies–Pointe-aux-Trembles,Winter,Sunday,16,2.083,12,6,1
Rivière-des-Prairies–Pointe-aux-Trembles,Winter,Sunday,17,1.917,12,6,1
Rivière-des-Prairies–Pointe-aux-Trembles,Winter,Sunday,18,0.833,12,6,1
Rivière-des-Prairies–Pointe-aux-Trembles,Winter,Sunday,19,2.083,12,6,1
Rivière-des-Prairies–Pointe-aux-Trembles,Winter,Sunday,20,1.083,12,6,1
Rivière-des-Prairies–Pointe-aux-Trembles,Winter,Sunday,21,0.75,12,6,1
Rivière-des-Prairies–Pointe-aux-Trembles,Winter,Sunday,22,1.167,12,6,1
Rivière-des-Prairies–Pointe-aux-Trembles,Winter,Sunday,23,1.333,12,6,1
Rosemont–La Petite-Patrie,Winter,Monday,0,1.0,15,0,1
Rosemont–La Petite-Patrie,Winter,Monday,1,0.333,15,0,1
Rosemont–La Petite-Patrie,Winter,Monday,2,0.333,15,0,1
Rosemont–La Petite-Patrie,Winter,Monday,3,0.2,15,0,1
Rosemont–La Petite-Patrie,Winter,Monday,4,0.067,15,0,1
Rosemont–La Petite-Patrie,Winter,Monday,5,0.933,15,0,1
Rosemont–La Petite-Patrie,Winter,Monday,6,3.533,15,0,1
Rosemont–La Petite-Patrie,Winter,Monday,7,7.867,15,0,1
Rosemont–La Petite-Patrie,Winter,Monday,8,16.933,15,0,1
Rosemont–La Petite-Patrie,Winter,Monday,9,6.4,15,0,1
Rosemont–La Petite-Patrie,Winter,Monday,10,5.267,15,0,1
Rosemont–La Petite-Patrie,Winter,Monday,11,5.8,15,0,1
Rosemont–La Petite-Patrie,Winter,Monday,12,6.333,15,0,1
Rosemont–La Petite-Patrie,Winter,Monday,13,6.267,15,0,1
Rosemont–La Petite-Patrie,Winter,Monday,14,6.6,15,0,1
Rosemont–La Petite-Patrie,Winter,Monday,15,10.867,15,0,1
Rosemont–La Petite-Patrie,Winter,Monday,16,16.933,15,0,1
Rosemont–La Petite-Patrie,Winter,Monday,17,18.333,15,0,1
Rosemont–La Petite-Patrie,Winter,Monday,18,9.133,15,0,1
Rosemont–La Petite-Patrie,Winter,Monday,19,7.667,15,0,1
Rosemont–La Petite-Patrie,Winter,Monday,20,5.429,14,0,1
Rosemont–La Petite-Patrie,Winter,Monday,21,4.357,14,0,1
Rosemont–La Petite-Patrie,Winter,Monday,22,3.714,14,0,1
Rosemont–La Petite-Patrie,Winter,Monday,23,1.357,14,0,1
Rosemont–La Petite-Patrie,Winter,Tuesday,0,1.286,14,1,1
Rosemont–La Petite-Patrie,Winter,Tuesday,1,0.429,14,1,1
Rosemont–La Petite-Patrie,Winter,Tuesday,2,0.214,14,1,1
Rosemont–La Petite-Patrie,Winter,Tuesday,3,0.357,14,1,1
Rosemont–La Petite-Patrie,Winter,Tuesday,4,0.714,14,1,1
Rosemont–La Petite-Patrie,Winter,Tuesday,5,1.357,14,1,1
Rosemont–La Petite-Patrie,Winter,Tuesday,6,3.5,14,1,1
Rosemont–La Petite-Patrie,Winter,Tuesday,7,13.214,14,1,1
Rosemont–La Petite-Patrie,Winter,Tuesday,8,20.786,14,1,1
Rosemont–La Petite-Patrie,Winter,Tuesday,9,9.071,14,1,1
Rosemont–La Petite-Patrie,Winter,Tuesday,10,5.286,14,1,1
Rosemont–La Petite-Patrie,Winter,Tuesday,11,4.571,14,1,1
Rosemont–La Petite-Patrie,Winter,Tuesday,12,7.429,14,1,1
Rosemont–La Petite-Patrie,Winter,Tuesday,13,6.929,14,1,1
Rosemont–La Petite-Patrie,Winter,Tuesday,14,7.429,14,1,1
Rosemont–La Petite-Patrie,Winter,Tuesday,15,10.714,14,1,1
Rosemont–La Petite-Patrie,Winter,Tuesday,16,16.857,14,1,1
Rosemont–La Petite-Patrie,Winter,Tuesday,17,19.571,14,1,1
Rosemont–La Petite-Patrie,Winter,Tuesday,18,9.429,14,1,1
Rosemont–La Petite-Patrie,Winter,Tuesday,19,5.857,14,1,1
Rosemont–La Petite-Patrie,Winter,Tuesday,20,5.714,14,1,1
Rosemont–La Petite-Patrie,Winter,Tuesday,21,5.357,14,1,1
Rosemont–La Petite-Patrie,Winter,Tuesday,22,4.286,14,1,1
Rosemont–La Petite-Patrie,Winter,Tuesday,23,2.643,14,1,1
Rosemont–La Petite-Patrie,Winter,Wednesday,0,1.667,15,2,1
Rosemont–La Petite-Patrie,Winter,Wednesday,1,0.786,14,2,1
Rosemont–La Petite-Patrie,Winter,Wednesday,2,0.714,14,2,1
Rosemont–La Petite-Patrie,Winter,Wednesday,3,0.429,14,2,1
Rosemont–La Petite-Patrie,Winter,Wednesday,4,0.357,14,2,1
Rosemont–La Petite-Patrie,Winter,Wednesday,5,1.786,14,2,1
Rosemont–La Petite-Patrie,Winter,Wednesday,6,4.286,14,2,1
Rosemont–La Petite-Patrie,Winter,Wednesday,7,11.357,14,2,1
Rosemont–La Petite-Patrie,Winter,Wednesday,8,20.714,14,2,1
Rosemont–La Petite-Patrie,Winter,Wednesday,9,9.071,14,2,1
Rosemont–La Petite-Patrie,Winter,Wednesday,10,7.214,14,2,1
Rosemont–La Petite-Patrie,Winter,Wednesday,11,5.857,14,2,1
Rosemont–La Petite-Patrie,Winter,Wednesday,12,6.786,14,2,1
Rosemont–La Petite-Patrie,Winter,Wednesday,13,8.429,14,2,1
Rosemont–La Petite-Patrie,Winter,Wednesday,14,8.867,15,2,1
Rosemont–La Petite-Patrie,Winter,Wednesday,15,8.733,15,2,1
Rosemont–La Petite-Patrie,Winter,Wednesday,16,16.467,15,2,1
Rosemont–La Petite-Patrie,Winter,Wednesday,17,17.429,14,2,1
Rosemont–La Petite-Patrie,Winter,Wednesday,18,9.2,15,2,1
Rosemont–La Petite-Patrie,Winter,Wednesday,19,7.133,15,2,1
Rosemont–La Petite-Patrie,Winter,Wednesday,20,5.333,15,2,1
Rosemont–La Petite-Patrie,Winter,Wednesday,21,4.667,15,2,1
Rosemont–La Petite-Patrie,Winter,Wednesday,22,4.5,14,2,1
Rosemont–La Petite-Patrie,Winter,Wednesday,23,2.571,14,2,1
Rosemont–La Petite-Patrie,Winter,Thursday,0,1.643,14,3,1
Rosemont–La Petite-Patrie,Winter,Thursday,1,0.786,14,3,1
Rosemont–La Petite-Patrie,Winter,Thursday,2,0.571,14,3,1
Rosemont–La Petite-Patrie,Winter,Thursday,3,0.571,14,3,1
Rosemont–La Petite-Patrie,Winter,Thursday,4,0.357,14,3,1
Rosemont–La Petite-Patrie,Winter,Thursday,5,1.286,14,3,1
Rosemont–La Petite-Patrie,Winter,Thursday,6,2.357,14,3,1
Rosemont–La Petite-Patrie,Winter,Thursday,7,9.071,14,3,1
Rosemont–La Petite-Patrie,Winter,Thursday,8,16.429,14,3,1
Rosemont–La Petite-Patrie,Winter,Thursday,9,9.154,13,3,1
Rosemont–La Petite-Patrie,Winter,Thursday,10,5.5,14,3,1
Rosemont–La Petite-Patrie,Winter,Thursday,11,4.5,14,3,1
Rosemont–La Petite-Patrie,Winter,Thursday,12,6.857,14,3,1
Rosemont–La Petite-Patrie,Winter,Thursday,13,6.4,15,3,1
Rosemont–La Petite-Patrie,Winter,Thursday,14,7.533,15,3,1
Rosemont–La Petite-Patrie,Winter,Thursday,15,9.867,15,3,1
Rosemont–La Petite-Patrie,Winter,Thursday,16,15.933,15,3,1
Rosemont–La Petite-Patrie,Winter,Thursday,17,18.077,13,3,1
Rosemont–La Petite-Patrie,Winter,Thursday,18,9.846,13,3,1
Rosemont–La Petite-Patrie,Winter,Thursday,19,5.923,13,3,1
Rosemont–La Petite-Patrie,Winter,Thursday,20,7.154,13,3,1
Rosemont–La Petite-Patrie,Winter,Thursday,21,5.462,13,3,1
Rosemont–La Petite-Patrie,Winter,Thursday,22,2.538,13,3,1
Rosemont–La Petite-Patrie,Winter,Thursday,23,2.583,12,3,1
Rosemont–La Petite-Patrie,Winter,Friday,0,2.25,12,4,1
Rosemont–La Petite-Patrie,Winter,Friday,1,0.667,12,4,1
Rosemont–La Petite-Patrie,Winter,Friday,2,0.583,12,4,1
Rosemont–La Petite-Patrie,Winter,Friday,3,0.75,12,4,1
Rosemont–La Petite-Patrie,Winter,Friday,4,0.5,12,4,1
Rosemont–La Petite-Patrie,Winter,Friday,5,1.25,12,4,1
Rosemont–La Petite-Patrie,Winter,Friday,6,2.308,13,4,1
Rosemont–La Petite-Patrie,Winter,Friday,7,7.923,13,4,1
Rosemont–La Petite-Patrie,Winter,Friday,8,10.0,15,4,1
Rosemont–La Petite-Patrie,Winter,Friday,9,6.133,15,4,1
Rosemont–La Petite-Patrie,Winter,Friday,10,4.467,15,4,1
Rosemont–La Petite-Patrie,Winter,Friday,11,5.867,15,4,1
Rosemont–La Petite-Patrie,Winter,Friday,12,6.0,15,4,1
Rosemont–La Petite-Patrie,Winter,Friday,13,4.8,15,4,1
Rosemont–La Petite-Patrie,Winter,Friday,14,6.667,15,4,1
Rosemont–La Petite-Patrie,Winter,Friday,15,8.933,15,4,1
Rosemont–La Petite-Patrie,Winter,Friday,16,11.533,15,4,1
Rosemont–La Petite-Patrie,Winter,Friday,17,12.267,15,4,1
Rosemont–La Petite-Patrie,Winter,Friday,18,7.267,15,4,1
Rosemont–La Petite-Patrie,Winter,Friday,19,5.067,15,4,1
Rosemont–La Petite-Patrie,Winter,Friday,20,4.667,15,4,1
Rosemont–La Petite-Patrie,Winter,Friday,21,3.067,15,4,1
Rosemont–La Petite-Patrie,Winter,Friday,22,3.067,15,4,1
Rosemont–La Petite-Patrie,Winter,Friday,23,1.467,15,4,1
Rosemont–La Petite-Patrie,Winter,Saturday,0,3.0,15,5,1
Rosemont–La Petite-Patrie,Winter,Saturday,1,1.0,15,5,1
Rosemont–La Petite-Patrie,Winter,Saturday,2,1.0,15,5,1
Rosemont–La Petite-Patrie,Winter,Saturday,3,0.4,15,5,1
Rosemont–La Petite-Patrie,Winter,Saturday,4,0.733,15,5,1
Rosemont–La Petite-Patrie,Winter,Saturday,5,0.467,15,5,1
Rosemont–La Petite-Patrie,Winter,Saturday,6,1.0,15,5,1
Rosemont–La Petite-Patrie,Winter,Saturday,7,1.133,15,5,1
Rosemont–La Petite-Patrie,Winter,Saturday,8,3.867,15,5,1
Rosemont–La Petite-Patrie,Winter,Saturday,9,3.933,15,5,1
Rosemont–La Petite-Patrie,Winter,Saturday,10,5.667,15,5,1
Rosemont–La Petite-Patrie,Winter,Saturday,11,5.8,15,5,1
Rosemont–La Petite-Patrie,Winter,Saturday,12,4.467,15,5,1
Rosemont–La Petite-Patrie,Winter,Saturday,13,6.067,15,5,1
Rosemont–La Petite-Patrie,Winter,Saturday,14,7.867,15,5,1
Rosemont–La Petite-Patrie,Winter,Saturday,15,6.933,15,5,1
Rosemont–La Petite-Patrie,Winter,Saturday,16,8.667,15,5,1
Rosemont–La Petite-Patrie,Winter,Saturday,17,5.933,15,5,1
Rosemont–La Petite-Patrie,Winter,Saturday,18,5.0,15,5,1
Rosemont–La Petite-Patrie,Winter,Saturday,19,3.533,15,5,1
Rosemont–La Petite-Patrie,Winter,Saturday,20,2.6,15,5,1
Rosemont–La Petite-Patrie,Winter,Saturday,21,3.267,15,5,1
Rosemont–La Petite-Patrie,Winter,Saturday,22,1.8,15,5,1
Rosemont–La Petite-Patrie,Winter,Saturday,23,2.533,15,5,1
Rosemont–La Petite-Patrie,Winter,Sunday,0,1.769,13,6,1
Rosemont–La Petite-Patrie,Winter,Sunday,1,1.846,13,6,1
Rosemont–La Petite-Patrie,Winter,Sunday,2,0.923,13,6,1
Rosemont–La Petite-Patrie,Winter,Sunday,3,0.769,13,6,1
Rosemont–La Petite-Patrie,Winter,Sunday,4,0.077,13,6,1
Rosemont–La Petite-Patrie,Winter,Sunday,5,0.231,13,6,1
Rosemont–La Petite-Patrie,Winter,Sunday,6,0.846,13,6,1
Rosemont–La Petite-Patrie,Winter,Sunday,7,0.538,13,6,1
Rosemont–La Petite-Patrie,Winter,Sunday,8,2.385,13,6,1
Rosemont–La Petite-Patrie,Winter,Sunday,9,2.769,13,6,1
Rosemont–La Petite-Patrie,Winter,Sunday,10,4.154,13,6,1
Rosemont–La Petite-Patrie,Winter,Sunday,11,5.154,13,6,1
Rosemont–La Petite-Patrie,Winter,Sunday,12,5.231,13,6,1
Rosemont–La Petite-Patrie,Winter,Sunday,13,5.538,13,6,1
Rosemont–La Petite-Patrie,Winter,Sunday,14,5.615,13,6,1
Rosemont–La Petite-Patrie,Winter,Sunday,15,6.769,13,6,1
Rosemont–La Petite-Patrie,Winter,Sunday,16,6.154,13,6,1
Rosemont–La Petite-Patrie,Winter,Sunday,17,4.231,13,6,1
Rosemont–La Petite-Patrie,Winter,Sunday,18,2.769,13,6,1
Rosemont–La Petite-Patrie,Winter,Sunday,19,2.538,13,6,1
Rosemont–La Petite-Patrie,Winter,Sunday,20,2.154,13,6,1
Rosemont–La Petite-Patrie,Winter,Sunday,21,2.231,13,6,1
Rosemont–La Petite-Patrie,Winter,Sunday,22,1.462,13,6,1
Rosemont–La Petite-Patrie,Winter,Sunday,23,1.385,13,6,1
Saint-Laurent,Winter,Monday,0,0.059,17,0,1
Saint-Laurent,Winter,Monday,1,0.375,16,0,1
Saint-Laurent,Winter,Monday,2,0.0,16,0,1
Saint-Laurent,Winter,Monday,3,0.0,16,0,1
Saint-Laurent,Winter,Monday,4,0.188,16,0,1
Saint-Laurent,Winter,Monday,5,0.875,16,0,1
Saint-Laurent,Winter,Monday,6,2.062,16,0,1
Saint-Laurent,Winter,Monday,7,3.812,16,0,1
Saint-Laurent,Winter,Monday,8,4.438,16,0,1
Saint-Laurent,Winter,Monday,9,2.875,16,0,1
Saint-Laurent,Winter,Monday,10,2.625,16,0,1
Saint-Laurent,Winter,Monday,11,2.125,16,0,1
Saint-Laurent,Winter,Monday,12,3.25,16,0,1
Saint-Laurent,Winter,Monday,13,3.438,16,0,1
Saint-Laurent,Winter,Monday,14,3.938,16,0,1
Saint-Laurent,Winter,Monday,15,6.188,16,0,1
Saint-Laurent,Winter,Monday,16,8.562,16,0,1
Saint-Laurent,Winter,Monday,17,5.125,16,0,1
Saint-Laurent,Winter,Monday,18,2.75,16,0,1
Saint-Laurent,Winter,Monday,19,1.688,16,0,1
Saint-Laurent,Winter,Monday,20,1.0,16,0,1
Saint-Laurent,Winter,Monday,21,0.875,16,0,1
Saint-Laurent,Winter,Monday,22,0.875,16,0,1
Saint-Laurent,Winter,Monday,23,0.5,16,0,1
Saint-Laurent,Winter,Tuesday,0,0.438,16,1,1
Saint-Laurent,Winter,Tuesday,1,0.375,16,1,1
Saint-Laurent,Winter,Tuesday,2,0.125,16,1,1
Saint-Laurent,Winter,Tuesday,3,0.062,16,1,1
Saint-Laurent,Winter,Tuesday,4,0.125,16,1,1
Saint-Laurent,Winter,Tuesday,5,1.312,16,1,1
Saint-Laurent,Winter,Tuesday,6,2.562,16,1,1
Saint-Laurent,Winter,Tuesday,7,5.5,16,1,1
Saint-Laurent,Winter,Tuesday,8,4.938,16,1,1
Saint-Laurent,Winter,Tuesday,9,3.125,16,1,1
Saint-Laurent,Winter,Tuesday,10,2.312,16,1,1
Saint-Laurent,Winter,Tuesday,11,1.938,16,1,1
Saint-Laurent,Winter,Tuesday,12,2.75,16,1,1
Saint-Laurent,Winter,Tuesday,13,3.118,17,1,1
Saint-Laurent,Winter,Tuesday,14,3.882,17,1,1
Saint-Laurent,Winter,Tuesday,15,6.588,17,1,1
Saint-Laurent,Winter,Tuesday,16,8.471,17,1,1
Saint-Laurent,Winter,Tuesday,17,6.294,17,1,1
Saint-Laurent,Winter,Tuesday,18,3.706,17,1,1
Saint-Laurent,Winter,Tuesday,19,1.706,17,1,1
Saint-Laurent,Winter,Tuesday,20,1.471,17,1,1
Saint-Laurent,Winter,Tuesday,21,0.941,17,1,1
Saint-Laurent,Winter,Tuesday,22,0.235,17,1,1
Saint-Laurent,Winter,Tuesday,23,0.353,17,1,1
Saint-Laurent,Winter,Wednesday,0,0.353,17,2,1
Saint-Laurent,Winter,Wednesday,1,0.176,17,2,1
Saint-Laurent,Winter,Wednesday,2,0.059,17,2,1
Saint-Laurent,Winter,Wednesday,3,0.0,17,2,1
Saint-Laurent,Winter,Wednesday,4,0.235,17,2,1
Saint-Laurent,Winter,Wednesday,5,0.941,17,2,1
Saint-Laurent,Winter,Wednesday,6,1.941,17,2,1
Saint-Laurent,Winter,Wednesday,7,3.294,17,2,1
Saint-Laurent,Winter,Wednesday,8,4.588,17,2,1
Saint-Laurent,Winter,Wednesday,9,2.118,17,2,1
Saint-Laurent,Winter,Wednesday,10,2.467,15,2,1
Saint-Laurent,Winter,Wednesday,11,2.706,17,2,1
Saint-Laurent,Winter,Wednesday,12,3.529,17,2,1
Saint-Laurent,Winter,Wednesday,13,2.529,17,2,1
Saint-Laurent,Winter,Wednesday,14,3.412,17,2,1
Saint-Laurent,Winter,Wednesday,15,4.118,17,2,1
Saint-Laurent,Winter,Wednesday,16,8.294,17,2,1
Saint-Laurent,Winter,Wednesday,17,5.294,17,2,1
Saint-Laurent,Winter,Wednesday,18,2.588,17,2,1
Saint-Laurent,Winter,Wednesday,19,2.235,17,2,1
Saint-Laurent,Winter,Wednesday,20,1.353,17,2,1
Saint-Laurent,Winter,Wednesday,21,0.824,17,2,1
Saint-Laurent,Winter,Wednesday,22,0.375,16,2,1
Saint-Laurent,Winter,Wednesday,23,0.5,16,2,1
Saint-Laurent,Winter,Thursday,0,0.25,16,3,1
Saint-Laurent,Winter,Thursday,1,0.188,16,3,1
Saint-Laurent,Winter,Thursday,2,0.125,16,3,1
Saint-Laurent,Winter,Thursday,3,0.062,16,3,1
Saint-Laurent,Winter,Thursday,4,0.125,16,3,1
Saint-Laurent,Winter,Thursday,5,0.75,16,3,1
Saint-Laurent,Winter,Thursday,6,2.062,16,3,1
Saint-Laurent,Winter,Thursday,7,3.188,16,3,1
Saint-Laurent,Winter,Thursday,8,5.562,16,3,1
Saint-Laurent,Winter,Thursday,9,3.188,16,3,1
Saint-Laurent,Winter,Thursday,10,1.812,16,3,1
Saint-Laurent,Winter,Thursday,11,2.143,14,3,1
Saint-Laurent,Winter,Thursday,12,2.929,14,3,1
Saint-Laurent,Winter,Thursday,13,2.875,16,3,1
Saint-Laurent,Winter,Thursday,14,3.875,16,3,1
Saint-Laurent,Winter,Thursday,15,6.438,16,3,1
Saint-Laurent,Winter,Thursday,16,8.562,16,3,1
Saint-Laurent,Winter,Thursday,17,6.133,15,3,1
Saint-Laurent,Winter,Thursday,18,4.0,15,3,1
Saint-Laurent,Winter,Thursday,19,1.667,15,3,1
Saint-Laurent,Winter,Thursday,20,1.533,15,3,1
Saint-Laurent,Winter,Thursday,21,1.0,15,3,1
Saint-Laurent,Winter,Thursday,22,0.333,15,3,1
Saint-Laurent,Winter,Thursday,23,0.4,15,3,1
Saint-Laurent,Winter,Friday,0,0.2,15,4,1
Saint-Laurent,Winter,Friday,1,0.133,15,4,1
Saint-Laurent,Winter,Friday,2,0.6,15,4,1
Saint-Laurent,Winter,Friday,3,0.133,15,4,1
Saint-Laurent,Winter,Friday,4,0.133,15,4,1
Saint-Laurent,Winter,Friday,5,0.8,15,4,1
Saint-Laurent,Winter,Friday,6,1.933,15,4,1
Saint-Laurent,Winter,Friday,7,2.867,15,4,1
Saint-Laurent,Winter,Friday,8,3.75,16,4,1
Saint-Laurent,Winter,Friday,9,2.312,16,4,1
Saint-Laurent,Winter,Friday,10,2.312,16,4,1
Saint-Laurent,Winter,Friday,11,1.938,16,4,1
Saint-Laurent,Winter,Friday,12,2.562,16,4,1
Saint-Laurent,Winter,Friday,13,3.467,15,4,1
Saint-Laurent,Winter,Friday,14,5.733,15,4,1
Saint-Laurent,Winter,Friday,15,5.2,15,4,1
Saint-Laurent,Winter,Friday,16,6.933,15,4,1
Saint-Laurent,Winter,Friday,17,4.667,15,4,1
Saint-Laurent,Winter,Friday,18,2.2,15,4,1
Saint-Laurent,Winter,Friday,19,1.2,15,4,1
Saint-Laurent,Winter,Friday,20,1.133,15,4,1
Saint-Laurent,Winter,Friday,21,0.867,15,4,1
Saint-Laurent,Winter,Friday,22,0.357,14,4,1
Saint-Laurent,Winter,Friday,23,0.4,15,4,1
Saint-Laurent,Winter,Saturday,0,0.267,15,5,1
Saint-Laurent,Winter,Saturday,1,0.133,15,5,1
Saint-Laurent,Winter,Saturday,2,0.067,15,5,1
Saint-Laurent,Winter,Saturday,3,0.067,15,5,1
Saint-Laurent,Winter,Saturday,4,0.0,15,5,1
Saint-Laurent,Winter,Saturday,5,0.2,15,5,1
Saint-Laurent,Winter,Saturday,6,0.267,15,5,1
Saint-Laurent,Winter,Saturday,7,0.4,15,5,1
Saint-Laurent,Winter,Saturday,8,0.267,15,5,1
Saint-Laurent,Winter,Saturday,9,0.933,15,5,1
Saint-Laurent,Winter,Saturday,10,1.2,15,5,1
Saint-Laurent,Winter,Saturday,11,2.4,15,5,1
Saint-Laurent,Winter,Saturday,12,1.933,15,5,1
Saint-Laurent,Winter,Saturday,13,2.467,15,5,1
Saint-Laurent,Winter,Saturday,14,2.6,15,5,1
Saint-Laurent,Winter,Saturday,15,3.133,15,5,1
Saint-Laurent,Winter,Saturday,16,2.467,15,5,1
Saint-Laurent,Winter,Saturday,17,1.8,15,5,1
Saint-Laurent,Winter,Saturday,18,1.533,15,5,1
Saint-Laurent,Winter,Saturday,19,0.867,15,5,1
Saint-Laurent,Winter,Saturday,20,0.933,15,5,1
Saint-Laurent,Winter,Saturday,21,0.8,15,5,1
Saint-Laurent,Winter,Saturday,22,1.067,15,5,1
Saint-Laurent,Winter,Saturday,23,0.133,15,5,1
Saint-Laurent,Winter,Sunday,0,0.0,15,6,1
Saint-Laurent,Winter,Sunday,1,0.143,14,6,1
Saint-Laurent,Winter,Sunday,2,0.0,14,6,1
Saint-Laurent,Winter,Sunday,3,0.071,14,6,1
Saint-Laurent,Winter,Sunday,4,0.5,14,6,1
Saint-Laurent,Winter,Sunday,5,0.071,14,6,1
Saint-Laurent,Winter,Sunday,6,0.071,14,6,1
Saint-Laurent,Winter,Sunday,7,0.429,14,6,1
Saint-Laurent,Winter,Sunday,8,0.714,14,6,1
Saint-Laurent,Winter,Sunday,9,0.571,14,6,1
Saint-Laurent,Winter,Sunday,10,1.714,14,6,1
Saint-Laurent,Winter,Sunday,11,1.786,14,6,1
Saint-Laurent,Winter,Sunday,12,1.071,14,6,1
Saint-Laurent,Winter,Sunday,13,1.929,14,6,1
Saint-Laurent,Winter,Sunday,14,1.857,14,6,1
Saint-Laurent,Winter,Sunday,15,3.0,14,6,1
Saint-Laurent,Winter,Sunday,16,2.643,14,6,1
Saint-Laurent,Winter,Sunday,17,2.643,14,6,1
Saint-Laurent,Winter,Sunday,18,1.357,14,6,1
Saint-Laurent,Winter,Sunday,19,0.5,14,6,1
Saint-Laurent,Winter,Sunday,20,0.571,14,6,1
Saint-Laurent,Winter,Sunday,21,0.429,14,6,1
Saint-Laurent,Winter,Sunday,22,0.357,14,6,1
Saint-Laurent,Winter,Sunday,23,0.2,15,6,1
Ville-Marie,Winter,Monday,0,0.802,106,0,1
Ville-Marie,Winter,Monday,1,0.481,106,0,1
Ville-Marie,Winter,Monday,2,0.311,106,0,1
Ville-Marie,Winter,Monday,3,0.123,106,0,1
Ville-Marie,Winter,Monday,4,0.481,106,0,1
Ville-Marie,Winter,Monday,5,0.906,106,0,1
Ville-Marie,Winter,Monday,6,1.972,106,0,1
Ville-Marie,Winter,Monday,7,6.509,106,0,1
Ville-Marie,Winter,Monday,8,17.632,106,0,1
Ville-Marie,Winter,Monday,9,9.736,106,0,1
Ville-Marie,Winter,Monday,10,4.505,105,0,1
Ville-Marie,Winter,Monday,11,5.106,104,0,1
Ville-Marie,Winter,Monday,12,6.317,104,0,1
Ville-Marie,Winter,Monday,13,6.895,105,0,1
Ville-Marie,Winter,Monday,14,5.168,107,0,1
Ville-Marie,Winter,Monday,15,7.168,107,0,1
Ville-Marie,Winter,Monday,16,11.299,107,0,1
Ville-Marie,Winter,Monday,17,14.598,107,0,1
Ville-Marie,Winter,Monday,18,8.617,107,0,1
Ville-Marie,Winter,Monday,19,5.393,107,0,1
Ville-Marie,Winter,Monday,20,3.505,107,0,1
Ville-Marie,Winter,Monday,21,2.86,107,0,1
Ville-Marie,Winter,Monday,22,2.505,107,0,1
Ville-Marie,Winter,Monday,23,1.364,107,0,1
Ville-Marie,Winter,Tuesday,0,0.692,107,1,1
Ville-Marie,Winter,Tuesday,1,0.374,107,1,1
Ville-Marie,Winter,Tuesday,2,0.393,107,1,1
Ville-Marie,Winter,Tuesday,3,0.196,107,1,1
Ville-Marie,Winter,Tuesday,4,0.355,107,1,1
Ville-Marie,Winter,Tuesday,5,1.29,107,1,1
Ville-Marie,Winter,Tuesday,6,3.056,107,1,1
Ville-Marie,Winter,Tuesday,7,8.776,107,1,1
Ville-Marie,Winter,Tuesday,8,21.953,107,1,1
Ville-Marie,Winter,Tuesday,9,12.439,107,1,1
Ville-Marie,Winter,Tuesday,10,5.019,107,1,1
Ville-Marie,Winter,Tuesday,11,6.028,107,1,1
Ville-Marie,Winter,Tuesday,12,6.953,107,1,1
Ville-Marie,Winter,Tuesday,13,6.785,107,1,1
Ville-Marie,Winter,Tuesday,14,5.271,107,1,1
Ville-Marie,Winter,Tuesday,15,7.449,107,1,1
Ville-Marie,Winter,Tuesday,16,13.71,107,1,1
Ville-Marie,Winter,Tuesday,17,18.925,106,1,1
Ville-Marie,Winter,Tuesday,18,10.047,107,1,1
Ville-Marie,Winter,Tuesday,19,6.393,107,1,1
Ville-Marie,Winter,Tuesday,20,3.748,107,1,1
Ville-Marie,Winter,Tuesday,21,3.888,107,1,1
Ville-Marie,Winter,Tuesday,22,2.561,107,1,1
Ville-Marie,Winter,Tuesday,23,2.0,107,1,1
Ville-Marie,Winter,Wednesday,0,0.917,108,2,1
Ville-Marie,Winter,Wednesday,1,0.514,107,2,1
Ville-Marie,Winter,Wednesday,2,0.439,107,2,1
Ville-Marie,Winter,Wednesday,3,0.178,107,2,1
Ville-Marie,Winter,Wednesday,4,0.374,107,2,1
Ville-Marie,Winter,Wednesday,5,1.121,107,2,1
Ville-Marie,Winter,Wednesday,6,2.785,107,2,1
Ville-Marie,Winter,Wednesday,7,8.28,107,2,1
Ville-Marie,Winter,Wednesday,8,18.822,107,2,1
Ville-Marie,Winter,Wednesday,9,11.0,107,2,1
Ville-Marie,Winter,Wednesday,10,5.495,107,2,1
Ville-Marie,Winter,Wednesday,11,5.196,107,2,1
Ville-Marie,Winter,Wednesday,12,6.336,107,2,1
Ville-Marie,Winter,Wednesday,13,6.855,110,2,1
Ville-Marie,Winter,Wednesday,14,5.573,117,2,1
Ville-Marie,Winter,Wednesday,15,6.632,117,2,1
Ville-Marie,Winter,Wednesday,16,11.983,117,2,1
Ville-Marie,Winter,Wednesday,17,15.824,108,2,1
Ville-Marie,Winter,Wednesday,18,7.897,117,2,1
Ville-Marie,Winter,Wednesday,19,5.615,117,2,1
Ville-Marie,Winter,Wednesday,20,4.47,117,2,1
Ville-Marie,Winter,Wednesday,21,3.026,117,2,1
Ville-Marie,Winter,Wednesday,22,2.87,108,2,1
Ville-Marie,Winter,Wednesday,23,2.843,108,2,1
Ville-Marie,Winter,Thursday,0,2.065,108,3,1
Ville-Marie,Winter,Thursday,1,1.167,108,3,1
Ville-Marie,Winter,Thursday,2,0.574,108,3,1
Ville-Marie,Winter,Thursday,3,0.324,108,3,1
Ville-Marie,Winter,Thursday,4,0.389,108,3,1
Ville-Marie,Winter,Thursday,5,0.917,108,3,1
Ville-Marie,Winter,Thursday,6,2.278,108,3,1
Ville-Marie,Winter,Thursday,7,5.907,108,3,1
Ville-Marie,Winter,Thursday,8,17.083,108,3,1
Ville-Marie,Winter,Thursday,9,10.371,105,3,1
Ville-Marie,Winter,Thursday,10,5.274,106,3,1
Ville-Marie,Winter,Thursday,11,5.17,106,3,1
Ville-Marie,Winter,Thursday,12,5.972,106,3,1
Ville-Marie,Winter,Thursday,13,6.434,106,3,1
Ville-Marie,Winter,Thursday,14,5.87,108,3,1
Ville-Marie,Winter,Thursday,15,7.12,108,3,1
Ville-Marie,Winter,Thursday,16,11.454,108,3,1
Ville-Marie,Winter,Thursday,17,13.657,99,3,1
Ville-Marie,Winter,Thursday,18,8.576,99,3,1
Ville-Marie,Winter,Thursday,19,5.798,99,3,1
Ville-Marie,Winter,Thursday,20,4.354,99,3,1
Ville-Marie,Winter,Thursday,21,3.293,99,3,1
Ville-Marie,Winter,Thursday,22,2.697,99,3,1
Ville-Marie,Winter,Thursday,23,2.844,90,3,1
Ville-Marie,Winter,Friday,0,1.25,96,4,1
Ville-Marie,Winter,Friday,1,0.622,90,4,1
Ville-Marie,Winter,Friday,2,0.478,90,4,1
Ville-Marie,Winter,Friday,3,0.539,89,4,1
Ville-Marie,Winter,Friday,4,0.438,89,4,1
Ville-Marie,Winter,Friday,5,1.124,89,4,1
Ville-Marie,Winter,Friday,6,1.536,97,4,1
Ville-Marie,Winter,Friday,7,3.876,97,4,1
Ville-Marie,Winter,Friday,8,8.113,106,4,1
Ville-Marie,Winter,Friday,9,6.943,106,4,1
Ville-Marie,Winter,Friday,10,4.724,105,4,1
Ville-Marie,Winter,Friday,11,4.255,106,4,1
Ville-Marie,Winter,Friday,12,5.349,106,4,1
Ville-Marie,Winter,Friday,13,5.481,106,4,1
Ville-Marie,Winter,Friday,14,5.726,106,4,1
Ville-Marie,Winter,Friday,15,5.925,106,4,1
Ville-Marie,Winter,Friday,16,8.802,106,4,1
Ville-Marie,Winter,Friday,17,9.438,105,4,1
Ville-Marie,Winter,Friday,18,5.604,106,4,1
Ville-Marie,Winter,Friday,19,4.849,106,4,1
Ville-Marie,Winter,Friday,20,3.821,106,4,1
Ville-Marie,Winter,Friday,21,2.822,107,4,1
Ville-Marie,Winter,Friday,22,2.299,107,4,1
Ville-Marie,Winter,Friday,23,2.065,107,4,1
Ville-Marie,Winter,Saturday,0,1.654,107,5,1
Ville-Marie,Winter,Saturday,1,1.308,107,5,1
Ville-Marie,Winter,Saturday,2,0.673,107,5,1
Ville-Marie,Winter,Saturday,3,0.561,107,5,1
Ville-Marie,Winter,Saturday,4,0.355,107,5,1
Ville-Marie,Winter,Saturday,5,0.43,107,5,1
Ville-Marie,Winter,Saturday,6,0.813,107,5,1
Ville-Marie,Winter,Saturday,7,1.009,107,5,1
Ville-Marie,Winter,Saturday,8,1.85,107,5,1
Ville-Marie,Winter,Saturday,9,3.617,107,5,1
Ville-Marie,Winter,Saturday,10,3.888,107,5,1
Ville-Marie,Winter,Saturday,11,4.85,107,5,1
Ville-Marie,Winter,Saturday,12,4.897,107,5,1
Ville-Marie,Winter,Saturday,13,5.729,107,5,1
Ville-Marie,Winter,Saturday,14,6.028,107,5,1
Ville-Marie,Winter,Saturday,15,6.308,107,5,1
Ville-Marie,Winter,Saturday,16,6.121,107,5,1
Ville-Marie,Winter,Saturday,17,5.15,107,5,1
Ville-Marie,Winter,Saturday,18,4.664,107,5,1
Ville-Marie,Winter,Saturday,19,4.262,107,5,1
Ville-Marie,Winter,Saturday,20,3.262,107,5,1
Ville-Marie,Winter,Saturday,21,2.804,107,5,1
Ville-Marie,Winter,Saturday,22,3.0,107,5,1
Ville-Marie,Winter,Saturday,23,1.944,107,5,1
Ville-Marie,Winter,Sunday,0,1.204,98,6,1
Ville-Marie,Winter,Sunday,1,1.365,96,6,1
Ville-Marie,Winter,Sunday,2,0.635,96,6,1
Ville-Marie,Winter,Sunday,3,0.594,96,6,1
Ville-Marie,Winter,Sunday,4,0.385,96,6,1
Ville-Marie,Winter,Sunday,5,0.542,96,6,1
Ville-Marie,Winter,Sunday,6,0.835,97,6,1
Ville-Marie,Winter,Sunday,7,0.567,97,6,1
Ville-Marie,Winter,Sunday,8,1.711,97,6,1
Ville-Marie,Winter,Sunday,9,2.833,96,6,1
Ville-Marie,Winter,Sunday,10,3.156,96,6,1
Ville-Marie,Winter,Sunday,11,3.323,96,6,1
Ville-Marie,Winter,Sunday,12,5.289,97,6,1
Ville-Marie,Winter,Sunday,13,5.103,97,6,1
Ville-Marie,Winter,Sunday,14,5.258,97,6,1
Ville-Marie,Winter,Sunday,15,5.433,97,6,1
Ville-Marie,Winter,Sunday,16,4.258,97,6,1
Ville-Marie,Winter,Sunday,17,4.392,97,6,1
Ville-Marie,Winter,Sunday,18,3.227,97,6,1
Ville-Marie,Winter,Sunday,19,2.804,97,6,1
Ville-Marie,Winter,Sunday,20,2.041,97,6,1
Ville-Marie,Winter,Sunday,21,2.412,97,6,1
Ville-Marie,Winter,Sunday,22,1.763,97,6,1
Ville-Marie,Winter,Sunday,23,0.804,97,6,1
Villeray–Saint-Michel–Parc-Extension,Winter,Monday,0,0.292,24,0,1
Villeray–Saint-Michel–Parc-Extension,Winter,Monday,1,0.125,24,0,1
Villeray–Saint-Michel–Parc-Extension,Winter,Monday,2,0.083,24,0,1
Villeray–Saint-Michel–Parc-Extension,Winter,Monday,3,0.0,24,0,1
Villeray–Saint-Michel–Parc-Extension,Winter,Monday,4,0.208,24,0,1
Villeray–Saint-Michel–Parc-Extension,Winter,Monday,5,0.792,24,0,1
Villeray–Saint-Michel–Parc-Extension,Winter,Monday,6,0.458,24,0,1
Villeray–Saint-Michel–Parc-Extension,Winter,Monday,7,1.583,24,0,1
Villeray–Saint-Michel–Parc-Extension,Winter,Monday,8,4.25,24,0,1
Villeray–Saint-Michel–Parc-Extension,Winter,Monday,9,1.708,24,0,1
Villeray–Saint-Michel–Parc-Extension,Winter,Monday,10,1.5,24,0,1
Villeray–Saint-Michel–Parc-Extension,Winter,Monday,11,1.75,24,0,1
Villeray–Saint-Michel–Parc-Extension,Winter,Monday,12,2.667,24,0,1
Villeray–Saint-Michel–Parc-Extension,Winter,Monday,13,1.708,24,0,1
Villeray–Saint-Michel–Parc-Extension,Winter,Monday,14,1.708,24,0,1
Villeray–Saint-Michel–Parc-Extension,Winter,Monday,15,3.083,24,0,1
Villeray–Saint-Michel–Parc-Extension,Winter,Monday,16,4.542,24,0,1
Villeray–Saint-Michel–Parc-Extension,Winter,Monday,17,4.0,24,0,1
Villeray–Saint-Michel–Parc-Extension,Winter,Monday,18,2.083,24,0,1
Villeray–Saint-Michel–Parc-Extension,Winter,Monday,19,1.792,24,0,1
Villeray–Saint-Michel–Parc-Extension,Winter,Monday,20,1.333,24,0,1
Villeray–Saint-Michel–Parc-Extension,Winter,Monday,21,1.167,24,0,1
Villeray–Saint-Michel–Parc-Extension,Winter,Monday,22,1.0,24,0,1
Villeray–Saint-Michel–Parc-Extension,Winter,Monday,23,0.542,24,0,1
Villeray–Saint-Michel–Parc-Extension,Winter,Tuesday,0,0.417,24,1,1
Villeray–Saint-Michel–Parc-Extension,Winter,Tuesday,1,0.25,24,1,1
Villeray–Saint-Michel–Parc-Extension,Winter,Tuesday,2,0.125,24,1,1
Villeray–Saint-Michel–Parc-Extension,Winter,Tuesday,3,0.125,24,1,1
Villeray–Saint-Michel–Parc-Extension,Winter,Tuesday,4,0.125,24,1,1
Villeray–Saint-Michel–Parc-Extension,Winter,Tuesday,5,1.25,24,1,1
Villeray–Saint-Michel–Parc-Extension,Winter,Tuesday,6,0.458,24,1,1
Villeray–Saint-Michel–Parc-Extension,Winter,Tuesday,7,2.125,24,1,1
Villeray–Saint-Michel–Parc-Extension,Winter,Tuesday,8,5.458,24,1,1
Villeray–Saint-Michel–Parc-Extension,Winter,Tuesday,9,2.333,24,1,1
Villeray–Saint-Michel–Parc-Extension,Winter,Tuesday,10,1.542,24,1,1
Villeray–Saint-Michel–Parc-Extension,Winter,Tuesday,11,2.125,24,1,1
Villeray–Saint-Michel–Parc-Extension,Winter,Tuesday,12,2.5,24,1,1
Villeray–Saint-Michel–Parc-Extension,Winter,Tuesday,13,1.75,24,1,1
Villeray–Saint-Michel–Parc-Extension,Winter,Tuesday,14,1.833,24,1,1
Villeray–Saint-Michel–Parc-Extension,Winter,Tuesday,15,2.667,24,1,1
Villeray–Saint-Michel–Parc-Extension,Winter,Tuesday,16,5.375,24,1,1
Villeray–Saint-Michel–Parc-Extension,Winter,Tuesday,17,5.417,24,1,1
Villeray–Saint-Michel–Parc-Extension,Winter,Tuesday,18,2.542,24,1,1
Villeray–Saint-Michel–Parc-Extension,Winter,Tuesday,19,2.875,24,1,1
Villeray–Saint-Michel–Parc-Extension,Winter,Tuesday,20,1.708,24,1,1
Villeray–Saint-Michel–Parc-Extension,Winter,Tuesday,21,1.0,24,1,1
Villeray–Saint-Michel–Parc-Extension,Winter,Tuesday,22,1.125,24,1,1
Villeray–Saint-Michel–Parc-Extension,Winter,Tuesday,23,0.583,24,1,1
Villeray–Saint-Michel–Parc-Extension,Winter,Wednesday,0,0.5,24,2,1
Villeray–Saint-Michel–Parc-Extension,Winter,Wednesday,1,0.208,24,2,1
Villeray–Saint-Michel–Parc-Extension,Winter,Wednesday,2,0.125,24,2,1
Villeray–Saint-Michel–Parc-Extension,Winter,Wednesday,3,0.208,24,2,1
Villeray–Saint-Michel–Parc-Extension,Winter,Wednesday,4,0.125,24,2,1
Villeray–Saint-Michel–Parc-Extension,Winter,Wednesday,5,1.25,24,2,1
Villeray–Saint-Michel–Parc-Extension,Winter,Wednesday,6,0.542,24,2,1
Villeray–Saint-Michel–Parc-Extension,Winter,Wednesday,7,2.083,24,2,1
Villeray–Saint-Michel–Parc-Extension,Winter,Wednesday,8,4.708,24,2,1
Villeray–Saint-Michel–Parc-Extension,Winter,Wednesday,9,1.292,24,2,1
Villeray–Saint-Michel–Parc-Extension,Winter,Wednesday,10,2.0,24,2,1
Villeray–Saint-Michel–Parc-Extension,Winter,Wednesday,11,1.875,24,2,1
Villeray–Saint-Michel–Parc-Extension,Winter,Wednesday,12,1.708,24,2,1
Villeray–Saint-Michel–Parc-Extension,Winter,Wednesday,13,2.64,25,2,1
Villeray–Saint-Michel–Parc-Extension,Winter,Wednesday,14,1.731,26,2,1
Villeray–Saint-Michel–Parc-Extension,Winter,Wednesday,15,1.769,26,2,1
Villeray–Saint-Michel–Parc-Extension,Winter,Wednesday,16,3.538,26,2,1
Villeray–Saint-Michel–Parc-Extension,Winter,Wednesday,17,4.208,24,2,1
Villeray–Saint-Michel–Parc-Extension,Winter,Wednesday,18,2.192,26,2,1
Villeray–Saint-Michel–Parc-Extension,Winter,Wednesday,19,1.769,26,2,1
Villeray–Saint-Michel–Parc-Extension,Winter,Wednesday,20,1.538,26,2,1
Villeray–Saint-Michel–Parc-Extension,Winter,Wednesday,21,1.308,26,2,1
Villeray–Saint-Michel–Parc-Extension,Winter,Wednesday,22,1.125,24,2,1
Villeray–Saint-Michel–Parc-Extension,Winter,Wednesday,23,0.875,24,2,1
Villeray–Saint-Michel–Parc-Extension,Winter,Thursday,0,0.52,25,3,1
Villeray–Saint-Michel–Parc-Extension,Winter,Thursday,1,0.458,24,3,1
Villeray–Saint-Michel–Parc-Extension,Winter,Thursday,2,0.208,24,3,1
Villeray–Saint-Michel–Parc-Extension,Winter,Thursday,3,0.292,24,3,1
Villeray–Saint-Michel–Parc-Extension,Winter,Thursday,4,0.083,24,3,1
Villeray–Saint-Michel–Parc-Extension,Winter,Thursday,5,0.708,24,3,1
Villeray–Saint-Michel–Parc-Extension,Winter,Thursday,6,0.667,24,3,1
Villeray–Saint-Michel–Parc-Extension,Winter,Thursday,7,1.542,24,3,1
Villeray–Saint-Michel–Parc-Extension,Winter,Thursday,8,3.5,24,3,1
Villeray–Saint-Michel–Parc-Extension,Winter,Thursday,9,1.333,24,3,1
Villeray–Saint-Michel–Parc-Extension,Winter,Thursday,10,1.625,24,3,1
Villeray–Saint-Michel–Parc-Extension,Winter,Thursday,11,1.125,24,3,1
Villeray–Saint-Michel–Parc-Extension,Winter,Thursday,12,1.75,24,3,1
Villeray–Saint-Michel–Parc-Extension,Winter,Thursday,13,2.167,24,3,1
Villeray–Saint-Michel–Parc-Extension,Winter,Thursday,14,1.833,24,3,1
Villeray–Saint-Michel–Parc-Extension,Winter,Thursday,15,2.5,24,3,1
Villeray–Saint-Michel–Parc-Extension,Winter,Thursday,16,3.792,24,3,1
Villeray–Saint-Michel–Parc-Extension,Winter,Thursday,17,4.045,22,3,1
Villeray–Saint-Michel–Parc-Extension,Winter,Thursday,18,2.136,22,3,1
Villeray–Saint-Michel–Parc-Extension,Winter,Thursday,19,1.636,22,3,1
Villeray–Saint-Michel–Parc-Extension,Winter,Thursday,20,1.409,22,3,1
Villeray–Saint-Michel–Parc-Extension,Winter,Thursday,21,1.136,22,3,1
Villeray–Saint-Michel–Parc-Extension,Winter,Thursday,22,0.955,22,3,1
Villeray–Saint-Michel–Parc-Extension,Winter,Thursday,23,0.65,20,3,1
Villeray–Saint-Michel–Parc-Extension,Winter,Friday,0,0.696,23,4,1
Villeray–Saint-Michel–Parc-Extension,Winter,Friday,1,0.1,20,4,1
Villeray–Saint-Michel–Parc-Extension,Winter,Friday,2,0.0,20,4,1
Villeray–Saint-Michel–Parc-Extension,Winter,Friday,3,0.25,20,4,1
Villeray–Saint-Michel–Parc-Extension,Winter,Friday,4,0.05,20,4,1
Villeray–Saint-Michel–Parc-Extension,Winter,Friday,5,0.6,20,4,1
Villeray–Saint-Michel–Parc-Extension,Winter,Friday,6,0.273,22,4,1
Villeray–Saint-Michel–Parc-Extension,Winter,Friday,7,1.045,22,4,1
Villeray–Saint-Michel–Parc-Extension,Winter,Friday,8,2.75,24,4,1
Villeray–Saint-Michel–Parc-Extension,Winter,Friday,9,1.542,24,4,1
Villeray–Saint-Michel–Parc-Extension,Winter,Friday,10,1.417,24,4,1
Villeray–Saint-Michel–Parc-Extension,Winter,Friday,11,1.708,24,4,1
Villeray–Saint-Michel–Parc-Extension,Winter,Friday,12,1.708,24,4,1
Villeray–Saint-Michel–Parc-Extension,Winter,Friday,13,1.458,24,4,1
Villeray–Saint-Michel–Parc-Extension,Winter,Friday,14,1.958,24,4,1
Villeray–Saint-Michel–Parc-Extension,Winter,Friday,15,2.75,24,4,1
Villeray–Saint-Michel–Parc-Extension,Winter,Friday,16,3.583,24,4,1
Villeray–Saint-Michel–Parc-Extension,Winter,Friday,17,3.917,24,4,1
Villeray–Saint-Michel–Parc-Extension,Winter,Friday,18,1.792,24,4,1
Villeray–Saint-Michel–Parc-Extension,Winter,Friday,19,1.542,24,4,1
Villeray–Saint-Michel–Parc-Extension,Winter,Friday,20,1.0,24,4,1
Villeray–Saint-Michel–Parc-Extension,Winter,Friday,21,1.125,24,4,1
Villeray–Saint-Michel–Parc-Extension,Winter,Friday,22,1.042,24,4,1
Villeray–Saint-Michel–Parc-Extension,Winter,Friday,23,0.75,24,4,1
Villeray–Saint-Michel–Parc-Extension,Winter,Saturday,0,0.708,24,5,1
Villeray–Saint-Michel–Parc-Extension,Winter,Saturday,1,0.292,24,5,1
Villeray–Saint-Michel–Parc-Extension,Winter,Saturday,2,0.458,24,5,1
Villeray–Saint-Michel–Parc-Extension,Winter,Saturday,3,0.208,24,5,1
Villeray–Saint-Michel–Parc-Extension,Winter,Saturday,4,0.125,24,5,1
Villeray–Saint-Michel–Parc-Extension,Winter,Saturday,5,0.0,24,5,1
Villeray–Saint-Michel–Parc-Extension,Winter,Saturday,6,0.125,24,5,1
Villeray–Saint-Michel–Parc-Extension,Winter,Saturday,7,0.458,24,5,1
Villeray–Saint-Michel–Parc-Extension,Winter,Saturday,8,1.458,24,5,1
Villeray–Saint-Michel–Parc-Extension,Winter,Saturday,9,1.5,24,5,1
Villeray–Saint-Michel–Parc-Extension,Winter,Saturday,10,2.292,24,5,1
Villeray–Saint-Michel–Parc-Extension,Winter,Saturday,11,1.958,24,5,1
Villeray–Saint-Michel–Parc-Extension,Winter,Saturday,12,2.292,24,5,1
Villeray–Saint-Michel–Parc-Extension,Winter,Saturday,13,2.167,24,5,1
Villeray–Saint-Michel–Parc-Extension,Winter,Saturday,14,2.417,24,5,1
Villeray–Saint-Michel–Parc-Extension,Winter,Saturday,15,1.958,24,5,1
Villeray–Saint-Michel–Parc-Extension,Winter,Saturday,16,1.958,24,5,1
Villeray–Saint-Michel–Parc-Extension,Winter,Saturday,17,2.042,24,5,1
Villeray–Saint-Michel–Parc-Extension,Winter,Saturday,18,1.5,24,5,1
Villeray–Saint-Michel–Parc-Extension,Winter,Saturday,19,1.583,24,5,1
Villeray–Saint-Michel–Parc-Extension,Winter,Saturday,20,1.0,24,5,1
Villeray–Saint-Michel–Parc-Extension,Winter,Saturday,21,0.917,24,5,1
Villeray–Saint-Michel–Parc-Extension,Winter,Saturday,22,0.875,24,5,1
Villeray–Saint-Michel–Parc-Extension,Winter,Saturday,23,0.708,24,5,1
Villeray–Saint-Michel–Parc-Extension,Winter,Sunday,0,0.636,22,6,1
Villeray–Saint-Michel–Parc-Extension,Winter,Sunday,1,0.409,22,6,1
Villeray–Saint-Michel–Parc-Extension,Winter,Sunday,2,0.182,22,6,1
Villeray–Saint-Michel–Parc-Extension,Winter,Sunday,3,0.136,22,6,1
Villeray–Saint-Michel–Parc-Extension,Winter,Sunday,4,0.0,22,6,1
Villeray–Saint-Michel–Parc-Extension,Winter,Sunday,5,0.091,22,6,1
Villeray–Saint-Michel–Parc-Extension,Winter,Sunday,6,0.182,22,6,1
Villeray–Saint-Michel–Parc-Extension,Winter,Sunday,7,0.818,22,6,1
Villeray–Saint-Michel–Parc-Extension,Winter,Sunday,8,0.864,22,6,1
Villeray–Saint-Michel–Parc-Extension,Winter,Sunday,9,1.409,22,6,1
Villeray–Saint-Michel–Parc-Extension,Winter,Sunday,10,1.636,22,6,1
Villeray–Saint-Michel–Parc-Extension,Winter,Sunday,11,1.455,22,6,1
Villeray–Saint-Michel–Parc-Extension,Winter,Sunday,12,1.955,22,6,1
Villeray–Saint-Michel–Parc-Extension,Winter,Sunday,13,1.773,22,6,1
Villeray–Saint-Michel–Parc-Extension,Winter,Sunday,14,3.0,22,6,1
Villeray–Saint-Michel–Parc-Extension,Winter,Sunday,15,2.091,22,6,1
Villeray–Saint-Michel–Parc-Extension,Winter,Sunday,16,2.0,22,6,1
Villeray–Saint-Michel–Parc-Extension,Winter,Sunday,17,1.591,22,6,1
Villeray–Saint-Michel–Parc-Extension,Winter,Sunday,18,1.273,22,6,1
Villeray–Saint-Michel–Parc-Extension,Winter,Sunday,19,0.909,22,6,1
Villeray–Saint-Michel–Parc-Extension,Winter,Sunday,20,0.818,22,6,1
Villeray–Saint-Michel–Parc-Extension,Winter,Sunday,21,0.955,22,6,1
Villeray–Saint-Michel–Parc-Extension,Winter,Sunday,22,0.955,22,6,1
Villeray–Saint-Michel–Parc-Extension,Winter,Sunday,23,0.273,22,6,1
Ahuntsic-Cartierville,Spring,Monday,0,1.593,27,0,2
Ahuntsic-Cartierville,Spring,Monday,1,1.0,21,0,2
Ahuntsic-Cartierville,Spring,Monday,2,0.778,27,0,2
Ahuntsic-Cartierville,Spring,Monday,3,0.37,27,0,2
Ahuntsic-Cartierville,Spring,Monday,4,0.741,27,0,2
Ahuntsic-Cartierville,Spring,Monday,5,1.815,27,0,2
Ahuntsic-Cartierville,Spring,Monday,6,6.037,27,0,2
Ahuntsic-Cartierville,Spring,Monday,7,11.833,30,0,2
Ahuntsic-Cartierville,Spring,Monday,8,16.321,28,0,2
Ahuntsic-Cartierville,Spring,Monday,9,8.893,28,0,2
Ahuntsic-Cartierville,Spring,Monday,10,5.786,28,0,2
Ahuntsic-Cartierville,Spring,Monday,11,7.462,26,0,2
Ahuntsic-Cartierville,Spring,Monday,12,10.682,22,0,2
Ahuntsic-Cartierville,Spring,Monday,13,12.095,21,0,2
Ahuntsic-Cartierville,Spring,Monday,14,14.409,22,0,2
Ahuntsic-Cartierville,Spring,Monday,15,24.211,19,0,2
Ahuntsic-Cartierville,Spring,Monday,16,26.95,20,0,2
Ahuntsic-Cartierville,Spring,Monday,17,31.826,23,0,2
Ahuntsic-Cartierville,Spring,Monday,18,19.526,19,0,2
Ahuntsic-Cartierville,Spring,Monday,19,10.952,21,0,2
Ahuntsic-Cartierville,Spring,Monday,20,8.381,21,0,2
Ahuntsic-Cartierville,Spring,Monday,21,7.789,19,0,2
Ahuntsic-Cartierville,Spring,Monday,22,4.368,19,0,2
Ahuntsic-Cartierville,Spring,Monday,23,3.571,21,0,2
Ahuntsic-Cartierville,Spring,Tuesday,0,2.48,25,1,2
Ahuntsic-Cartierville,Spring,Tuesday,1,0.739,23,1,2
Ahuntsic-Cartierville,Spring,Tuesday,2,0.81,21,1,2
Ahuntsic-Cartierville,Spring,Tuesday,3,0.476,21,1,2
Ahuntsic-Cartierville,Spring,Tuesday,4,0.857,21,1,2
Ahuntsic-Cartierville,Spring,Tuesday,5,3.524,21,1,2
Ahuntsic-Cartierville,Spring,Tuesday,6,8.652,23,1,2
Ahuntsic-Cartierville,Spring,Tuesday,7,22.826,23,1,2
Ahuntsic-Cartierville,Spring,Tuesday,8,24.13,23,1,2
Ahuntsic-Cartierville,Spring,Tuesday,9,12.833,18,1,2
Ahuntsic-Cartierville,Spring,Tuesday,10,11.474,19,1,2
Ahuntsic-Cartierville,Spring,Tuesday,11,11.474,19,1,2
Ahuntsic-Cartierville,Spring,Tuesday,12,15.333,18,1,2
Ahuntsic-Cartierville,Spring,Tuesday,13,18.167,18,1,2
Ahuntsic-Cartierville,Spring,Tuesday,14,18.167,18,1,2
Ahuntsic-Cartierville,Spring,Tuesday,15,33.471,17,1,2
Ahuntsic-Cartierville,Spring,Tuesday,16,37.905,21,1,2
Ahuntsic-Cartierville,Spring,Tuesday,17,46.905,21,1,2
Ahuntsic-Cartierville,Spring,Tuesday,18,28.905,21,1,2
Ahuntsic-Cartierville,Spring,Tuesday,19,10.0,21,1,2
Ahuntsic-Cartierville,Spring,Tuesday,20,8.0,25,1,2
Ahuntsic-Cartierville,Spring,Tuesday,21,6.4,25,1,2
Ahuntsic-Cartierville,Spring,Tuesday,22,6.81,21,1,2
Ahuntsic-Cartierville,Spring,Tuesday,23,3.259,27,1,2
Ahuntsic-Cartierville,Spring,Wednesday,0,1.4,25,2,2
Ahuntsic-Cartierville,Spring,Wednesday,1,0.812,16,2,2
Ahuntsic-Cartierville,Spring,Wednesday,2,0.5,18,2,2
Ahuntsic-Cartierville,Spring,Wednesday,3,0.111,18,2,2
Ahuntsic-Cartierville,Spring,Wednesday,4,1.19,21,2,2
Ahuntsic-Cartierville,Spring,Wednesday,5,2.762,21,2,2
Ahuntsic-Cartierville,Spring,Wednesday,6,7.238,21,2,2
Ahuntsic-Cartierville,Spring,Wednesday,7,22.0,21,2,2
Ahuntsic-Cartierville,Spring,Wednesday,8,15.571,21,2,2
Ahuntsic-Cartierville,Spring,Wednesday,9,6.238,21,2,2
Ahuntsic-Cartierville,Spring,Wednesday,10,7.143,21,2,2
Ahuntsic-Cartierville,Spring,Wednesday,11,4.412,17,2,2
Ahuntsic-Cartierville,Spring,Wednesday,12,5.353,17,2,2
Ahuntsic-Cartierville,Spring,Wednesday,13,5.158,19,2,2
Ahuntsic-Cartierville,Spring,Wednesday,14,2.941,17,2,2
Ahuntsic-Cartierville,Spring,Wednesday,15,4.231,13,2,2
Ahuntsic-Cartierville,Spring,Wednesday,16,8.667,15,2,2
Ahuntsic-Cartierville,Spring,Wednesday,17,24.412,17,2,2
Ahuntsic-Cartierville,Spring,Wednesday,18,18.714,21,2,2
Ahuntsic-Cartierville,Spring,Wednesday,19,10.842,19,2,2
Ahuntsic-Cartierville,Spring,Wednesday,20,7.524,21,2,2
Ahuntsic-Cartierville,Spring,Wednesday,21,4.81,21,2,2
Ahuntsic-Cartierville,Spring,Wednesday,22,3.714,21,2,2
Ahuntsic-Cartierville,Spring,Wednesday,23,2.913,23,2,2
Ahuntsic-Cartierville,Spring,Thursday,0,1.52,25,3,2
Ahuntsic-Cartierville,Spring,Thursday,1,0.579,19,3,2
Ahuntsic-Cartierville,Spring,Thursday,2,0.429,21,3,2
Ahuntsic-Cartierville,Spring,Thursday,3,0.238,21,3,2
Ahuntsic-Cartierville,Spring,Thursday,4,0.619,21,3,2
Ahuntsic-Cartierville,Spring,Thursday,5,3.048,21,3,2
Ahuntsic-Cartierville,Spring,Thursday,6,6.095,21,3,2
Ahuntsic-Cartierville,Spring,Thursday,7,13.143,21,3,2
Ahuntsic-Cartierville,Spring,Thursday,8,22.0,21,3,2
Ahuntsic-Cartierville,Spring,Thursday,9,10.579,19,3,2
Ahuntsic-Cartierville,Spring,Thursday,10,8.25,16,3,2
Ahuntsic-Cartierville,Spring,Thursday,11,10.231,13,3,2
Ahuntsic-Cartierville,Spring,Thursday,12,13.571,14,3,2
Ahuntsic-Cartierville,Spring,Thursday,13,11.118,17,3,2
Ahuntsic-Cartierville,Spring,Thursday,14,11.588,17,3,2
Ahuntsic-Cartierville,Spring,Thursday,15,19.4,15,3,2
Ahuntsic-Cartierville,Spring,Thursday,16,25.0,17,3,2
Ahuntsic-Cartierville,Spring,Thursday,17,29.588,17,3,2
Ahuntsic-Cartierville,Spring,Thursday,18,18.905,21,3,2
Ahuntsic-Cartierville,Spring,Thursday,19,8.619,21,3,2
Ahuntsic-Cartierville,Spring,Thursday,20,7.789,19,3,2
Ahuntsic-Cartierville,Spring,Thursday,21,5.684,19,3,2
Ahuntsic-Cartierville,Spring,Thursday,22,4.235,17,3,2
Ahuntsic-Cartierville,Spring,Thursday,23,3.333,21,3,2
Ahuntsic-Cartierville,Spring,Friday,0,1.81,21,4,2
Ahuntsic-Cartierville,Spring,Friday,1,0.882,17,4,2
Ahuntsic-Cartierville,Spring,Friday,2,0.684,19,4,2
Ahuntsic-Cartierville,Spring,Friday,3,0.238,21,4,2
Ahuntsic-Cartierville,Spring,Friday,4,0.81,21,4,2
Ahuntsic-Cartierville,Spring,Friday,5,2.571,21,4,2
Ahuntsic-Cartierville,Spring,Friday,6,4.667,21,4,2
Ahuntsic-Cartierville,Spring,Friday,7,12.857,21,4,2
Ahuntsic-Cartierville,Spring,Friday,8,21.095,21,4,2
Ahuntsic-Cartierville,Spring,Friday,9,12.905,21,4,2
Ahuntsic-Cartierville,Spring,Friday,10,10.381,21,4,2
Ahuntsic-Cartierville,Spring,Friday,11,9.952,21,4,2
Ahuntsic-Cartierville,Spring,Friday,12,14.381,21,4,2
Ahuntsic-Cartierville,Spring,Friday,13,15.0,21,4,2
Ahuntsic-Cartierville,Spring,Friday,14,21.105,19,4,2
Ahuntsic-Cartierville,Spring,Friday,15,25.474,19,4,2
Ahuntsic-Cartierville,Spring,Friday,16,32.087,23,4,2
Ahuntsic-Cartierville,Spring,Friday,17,30.0,23,4,2
Ahuntsic-Cartierville,Spring,Friday,18,18.0,23,4,2
Ahuntsic-Cartierville,Spring,Friday,19,10.476,21,4,2
Ahuntsic-Cartierville,Spring,Friday,20,8.211,19,4,2
Ahuntsic-Cartierville,Spring,Friday,21,9.474,19,4,2
Ahuntsic-Cartierville,Spring,Friday,22,9.579,19,4,2
Ahuntsic-Cartierville,Spring,Friday,23,5.261,23,4,2
Ahuntsic-Cartierville,Spring,Saturday,0,4.0,25,5,2
Ahuntsic-Cartierville,Spring,Saturday,1,3.389,18,5,2
Ahuntsic-Cartierville,Spring,Saturday,2,1.81,21,5,2
Ahuntsic-Cartierville,Spring,Saturday,3,1.217,23,5,2
Ahuntsic-Cartierville,Spring,Saturday,4,0.913,23,5,2
Ahuntsic-Cartierville,Spring,Saturday,5,0.957,23,5,2
Ahuntsic-Cartierville,Spring,Saturday,6,2.304,23,5,2
Ahuntsic-Cartierville,Spring,Saturday,7,2.56,25,5,2
Ahuntsic-Cartierville,Spring,Saturday,8,5.84,25,5,2
Ahuntsic-Cartierville,Spring,Saturday,9,11.64,25,5,2
Ahuntsic-Cartierville,Spring,Saturday,10,15.08,25,5,2
Ahuntsic-Cartierville,Spring,Saturday,11,19.08,25,5,2
Ahuntsic-Cartierville,Spring,Saturday,12,20.08,25,5,2
Ahuntsic-Cartierville,Spring,Saturday,13,29.32,25,5,2
Ahuntsic-Cartierville,Spring,Saturday,14,29.4,25,5,2
Ahuntsic-Cartierville,Spring,Saturday,15,32.696,23,5,2
Ahuntsic-Cartierville,Spring,Saturday,16,24.16,25,5,2
Ahuntsic-Cartierville,Spring,Saturday,17,14.84,25,5,2
Ahuntsic-Cartierville,Spring,Saturday,18,9.714,21,5,2
Ahuntsic-Cartierville,Spring,Saturday,19,7.261,23,5,2
Ahuntsic-Cartierville,Spring,Saturday,20,5.96,25,5,2
Ahuntsic-Cartierville,Spring,Saturday,21,3.64,25,5,2
Ahuntsic-Cartierville,Spring,Saturday,22,4.429,21,5,2
Ahuntsic-Cartierville,Spring,Saturday,23,6.0,25,5,2
Ahuntsic-Cartierville,Spring,Sunday,0,4.25,28,6,2
Ahuntsic-Cartierville,Spring,Sunday,1,3.24,25,6,2
Ahuntsic-Cartierville,Spring,Sunday,2,1.52,25,6,2
Ahuntsic-Cartierville,Spring,Sunday,3,1.6,25,6,2
Ahuntsic-Cartierville,Spring,Sunday,4,1.08,25,6,2
Ahuntsic-Cartierville,Spring,Sunday,5,0.889,27,6,2
Ahuntsic-Cartierville,Spring,Sunday,6,1.222,27,6,2
Ahuntsic-Cartierville,Spring,Sunday,7,2.63,27,6,2
Ahuntsic-Cartierville,Spring,Sunday,8,3.815,27,6,2
Ahuntsic-Cartierville,Spring,Sunday,9,6.36,25,6,2
Ahuntsic-Cartierville,Spring,Sunday,10,14.08,25,6,2
Ahuntsic-Cartierville,Spring,Sunday,11,17.0,27,6,2
Ahuntsic-Cartierville,Spring,Sunday,12,14.259,27,6,2
Ahuntsic-Cartierville,Spring,Sunday,13,18.88,25,6,2
Ahuntsic-Cartierville,Spring,Sunday,14,26.261,23,6,2
Ahuntsic-Cartierville,Spring,Sunday,15,27.87,23,6,2
Ahuntsic-Cartierville,Spring,Sunday,16,19.261,23,6,2
Ahuntsic-Cartierville,Spring,Sunday,17,14.92,25,6,2
Ahuntsic-Cartierville,Spring,Sunday,18,9.32,25,6,2
Ahuntsic-Cartierville,Spring,Sunday,19,8.261,23,6,2
Ahuntsic-Cartierville,Spring,Sunday,20,3.435,23,6,2
Ahuntsic-Cartierville,Spring,Sunday,21,5.565,23,6,2
Ahuntsic-Cartierville,Spring,Sunday,22,5.143,21,6,2
Ahuntsic-Cartierville,Spring,Sunday,23,2.913,23,6,2
All Montréal,Spring,Monday,0,2.612,410,0,2
All Montréal,Spring,Monday,1,1.669,305,0,2
All Montréal,Spring,Monday,2,0.841,410,0,2
All Montréal,Spring,Monday,3,0.807,410,0,2
All Montréal,Spring,Monday,4,0.859,410,0,2
All Montréal,Spring,Monday,5,2.237,410,0,2
All Montréal,Spring,Monday,6,4.959,410,0,2
All Montréal,Spring,Monday,7,11.543,444,0,2
All Montréal,Spring,Monday,8,24.049,407,0,2
All Montréal,Spring,Monday,9,12.145,407,0,2
All Montréal,Spring,Monday,10,7.665,409,0,2
All Montréal,Spring,Monday,11,9.657,373,0,2
All Montréal,Spring,Monday,12,16.115,304,0,2
All Montréal,Spring,Monday,13,14.551,305,0,2
All Montréal,Spring,Monday,14,17.589,304,0,2
All Montréal,Spring,Monday,15,29.413,271,0,2
All Montréal,Spring,Monday,16,33.475,305,0,2
All Montréal,Spring,Monday,17,44.24,342,0,2
All Montréal,Spring,Monday,18,33.168,279,0,2
All Montréal,Spring,Monday,19,23.919,309,0,2
All Montréal,Spring,Monday,20,12.679,308,0,2
All Montréal,Spring,Monday,21,11.511,274,0,2
All Montréal,Spring,Monday,22,6.738,275,0,2
All Montréal,Spring,Monday,23,8.625,309,0,2
All Montréal,Spring,Tuesday,0,3.209,378,1,2
All Montréal,Spring,Tuesday,1,1.51,343,1,2
All Montréal,Spring,Tuesday,2,1.159,309,1,2
All Montréal,Spring,Tuesday,3,0.796,309,1,2
All Montréal,Spring,Tuesday,4,0.887,309,1,2
All Montréal,Spring,Tuesday,5,3.343,309,1,2
All Montréal,Spring,Tuesday,6,9.055,343,1,2
All Montréal,Spring,Tuesday,7,25.207,343,1,2
All Montréal,Spring,Tuesday,8,42.462,342,1,2
All Montréal,Spring,Tuesday,9,27.0,274,1,2
All Montréal,Spring,Tuesday,10,18.891,274,1,2
All Montréal,Spring,Tuesday,11,20.396,275,1,2
All Montréal,Spring,Tuesday,12,27.112,276,1,2
All Montréal,Spring,Tuesday,13,28.036,277,1,2
All Montréal,Spring,Tuesday,14,20.48,277,1,2
All Montréal,Spring,Tuesday,15,35.531,243,1,2
All Montréal,Spring,Tuesday,16,46.369,306,1,2
All Montréal,Spring,Tuesday,17,68.023,310,1,2
All Montréal,Spring,Tuesday,18,40.736,311,1,2
All Montréal,Spring,Tuesday,19,25.233,309,1,2
All Montréal,Spring,Tuesday,20,18.074,378,1,2
All Montréal,Spring,Tuesday,21,13.337,377,1,2
All Montréal,Spring,Tuesday,22,12.393,323,1,2
All Montréal,Spring,Tuesday,23,6.176,410,1,2
All Montréal,Spring,Wednesday,0,2.404,376,2,2
All Montréal,Spring,Wednesday,1,1.381,239,2,2
All Montréal,Spring,Wednesday,2,0.711,273,2,2
All Montréal,Spring,Wednesday,3,0.531,273,2,2
All Montréal,Spring,Wednesday,4,0.801,307,2,2
All Montréal,Spring,Wednesday,5,2.446,307,2,2
All Montréal,Spring,Wednesday,6,6.836,305,2,2
All Montréal,Spring,Wednesday,7,17.931,305,2,2
All Montréal,Spring,Wednesday,8,27.957,304,2,2
All Montréal,Spring,Wednesday,9,14.872,304,2,2
All Montréal,Spring,Wednesday,10,11.033,303,2,2
All Montréal,Spring,Wednesday,11,7.618,238,2,2
All Montréal,Spring,Wednesday,12,7.646,240,2,2
All Montréal,Spring,Wednesday,13,8.52,273,2,2
All Montréal,Spring,Wednesday,14,5.852,236,2,2
All Montréal,Spring,Wednesday,15,6.503,169,2,2
All Montréal,Spring,Wednesday,16,13.351,205,2,2
All Montréal,Spring,Wednesday,17,27.11,236,2,2
All Montréal,Spring,Wednesday,18,22.498,305,2,2
All Montréal,Spring,Wednesday,19,19.059,272,2,2
All Montréal,Spring,Wednesday,20,12.421,304,2,2
All Montréal,Spring,Wednesday,21,7.096,303,2,2
All Montréal,Spring,Wednesday,22,6.493,302,2,2
All Montréal,Spring,Wednesday,23,4.139,338,2,2
All Montréal,Spring,Thursday,0,1.753,373,3,2
All Montréal,Spring,Thursday,1,1.015,270,3,2
All Montréal,Spring,Thursday,2,0.477,304,3,2
All Montréal,Spring,Thursday,3,0.48,304,3,2
All Montréal,Spring,Thursday,4,0.615,304,3,2
All Montréal,Spring,Thursday,5,2.053,304,3,2
All Montréal,Spring,Thursday,6,5.607,303,3,2
All Montréal,Spring,Thursday,7,13.882,304,3,2
All Montréal,Spring,Thursday,8,29.521,303,3,2
All Montréal,Spring,Thursday,9,16.815,270,3,2
All Montréal,Spring,Thursday,10,10.492,238,3,2
All Montréal,Spring,Thursday,11,15.157,204,3,2
All Montréal,Spring,Thursday,12,18.483,205,3,2
All Montréal,Spring,Thursday,13,16.916,239,3,2
All Montréal,Spring,Thursday,14,13.456,239,3,2
All Montréal,Spring,Thursday,15,16.854,205,3,2
All Montréal,Spring,Thursday,16,29.31,239,3,2
All Montréal,Spring,Thursday,17,37.894,236,3,2
All Montréal,Spring,Thursday,18,22.417,307,3,2
All Montréal,Spring,Thursday,19,15.944,306,3,2
All Montréal,Spring,Thursday,20,12.967,275,3,2
All Montréal,Spring,Thursday,21,10.111,262,3,2
All Montréal,Spring,Thursday,22,7.797,241,3,2
All Montréal,Spring,Thursday,23,5.135,304,3,2
All Montréal,Spring,Friday,0,2.685,308,4,2
All Montréal,Spring,Friday,1,1.529,240,4,2
All Montréal,Spring,Friday,2,1.12,274,4,2
All Montréal,Spring,Friday,3,0.718,309,4,2
All Montréal,Spring,Friday,4,0.754,309,4,2
All Montréal,Spring,Friday,5,2.259,309,4,2
All Montréal,Spring,Friday,6,5.236,309,4,2
All Montréal,Spring,Friday,7,14.663,309,4,2
All Montréal,Spring,Friday,8,25.922,309,4,2
All Montréal,Spring,Friday,9,17.697,310,4,2
All Montréal,Spring,Friday,10,15.919,309,4,2
All Montréal,Spring,Friday,11,14.748,309,4,2
All Montréal,Spring,Friday,12,22.498,309,4,2
All Montréal,Spring,Friday,13,19.466,309,4,2
All Montréal,Spring,Friday,14,23.848,276,4,2
All Montréal,Spring,Friday,15,28.946,276,4,2
All Montréal,Spring,Friday,16,37.953,344,4,2
All Montréal,Spring,Friday,17,35.991,343,4,2
All Montréal,Spring,Friday,18,28.89,344,4,2
All Montréal,Spring,Friday,19,21.836,311,4,2
All Montréal,Spring,Friday,20,18.65,277,4,2
All Montréal,Spring,Friday,21,16.419,277,4,2
All Montréal,Spring,Friday,22,16.014,277,4,2
All Montréal,Spring,Friday,23,10.51,345,4,2
All Montréal,Spring,Saturday,0,6.167,378,5,2
All Montréal,Spring,Saturday,1,5.791,277,5,2
All Montréal,Spring,Saturday,2,3.354,311,5,2
All Montréal,Spring,Saturday,3,2.474,344,5,2
All Montréal,Spring,Saturday,4,1.192,344,5,2
All Montréal,Spring,Saturday,5,1.122,344,5,2
All Montréal,Spring,Saturday,6,2.219,342,5,2
All Montréal,Spring,Saturday,7,4.133,376,5,2
All Montréal,Spring,Saturday,8,7.846,377,5,2
All Montréal,Spring,Saturday,9,14.859,377,5,2
All Montréal,Spring,Saturday,10,20.525,377,5,2
All Montréal,Spring,Saturday,11,27.427,377,5,2
All Montréal,Spring,Saturday,12,33.056,377,5,2
All Montréal,Spring,Saturday,13,37.077,377,5,2
All Montréal,Spring,Saturday,14,39.963,377,5,2
All Montréal,Spring,Saturday,15,44.741,343,5,2
All Montréal,Spring,Saturday,16,39.265,377,5,2
All Montréal,Spring,Saturday,17,31.069,377,5,2
All Montréal,Spring,Saturday,18,24.042,307,5,2
All Montréal,Spring,Saturday,19,16.813,343,5,2
All Montréal,Spring,Saturday,20,11.772,377,5,2
All Montréal,Spring,Saturday,21,9.759,377,5,2
All Montréal,Spring,Saturday,22,10.616,310,5,2
All Montréal,Spring,Saturday,23,9.721,377,5,2
All Montréal,Spring,Sunday,0,6.465,411,6,2
All Montréal,Spring,Sunday,1,4.477,377,6,2
All Montréal,Spring,Sunday,2,3.17,377,6,2
All Montréal,Spring,Sunday,3,2.459,377,6,2
All Montréal,Spring,Sunday,4,1.385,377,6,2
All Montréal,Spring,Sunday,5,1.019,411,6,2
All Montréal,Spring,Sunday,6,1.667,411,6,2
All Montréal,Spring,Sunday,7,3.173,411,6,2
All Montréal,Spring,Sunday,8,5.134,411,6,2
All Montréal,Spring,Sunday,9,10.037,377,6,2
All Montréal,Spring,Sunday,10,16.318,377,6,2
All Montréal,Spring,Sunday,11,22.002,411,6,2
All Montréal,Spring,Sunday,12,23.584,409,6,2
All Montréal,Spring,Sunday,13,26.573,377,6,2
All Montréal,Spring,Sunday,14,30.801,342,6,2
All Montréal,Spring,Sunday,15,31.658,342,6,2
All Montréal,Spring,Sunday,16,29.38,342,6,2
All Montréal,Spring,Sunday,17,23.846,376,6,2
All Montréal,Spring,Sunday,18,18.926,376,6,2
All Montréal,Spring,Sunday,19,16.997,342,6,2
All Montréal,Spring,Sunday,20,7.91,343,6,2
All Montréal,Spring,Sunday,21,10.029,342,6,2
All Montréal,Spring,Sunday,22,8.218,308,6,2
All Montréal,Spring,Sunday,23,5.44,343,6,2
Côte-des-Neiges–Notre-Dame-de-Grâce,Spring,Monday,0,0.688,32,0,2
Côte-des-Neiges–Notre-Dame-de-Grâce,Spring,Monday,1,0.5,24,0,2
Côte-des-Neiges–Notre-Dame-de-Grâce,Spring,Monday,2,0.344,32,0,2
Côte-des-Neiges–Notre-Dame-de-Grâce,Spring,Monday,3,0.562,32,0,2
Côte-des-Neiges–Notre-Dame-de-Grâce,Spring,Monday,4,0.562,32,0,2
Côte-des-Neiges–Notre-Dame-de-Grâce,Spring,Monday,5,1.0,32,0,2
Côte-des-Neiges–Notre-Dame-de-Grâce,Spring,Monday,6,4.281,32,0,2
Côte-des-Neiges–Notre-Dame-de-Grâce,Spring,Monday,7,8.294,34,0,2
Côte-des-Neiges–Notre-Dame-de-Grâce,Spring,Monday,8,12.581,31,0,2
Côte-des-Neiges–Notre-Dame-de-Grâce,Spring,Monday,9,6.645,31,0,2
Côte-des-Neiges–Notre-Dame-de-Grâce,Spring,Monday,10,5.357,28,0,2
Côte-des-Neiges–Notre-Dame-de-Grâce,Spring,Monday,11,5.192,26,0,2
Côte-des-Neiges–Notre-Dame-de-Grâce,Spring,Monday,12,6.65,20,0,2
Côte-des-Neiges–Notre-Dame-de-Grâce,Spring,Monday,13,5.143,21,0,2
Côte-des-Neiges–Notre-Dame-de-Grâce,Spring,Monday,14,8.15,20,0,2
Côte-des-Neiges–Notre-Dame-de-Grâce,Spring,Monday,15,14.0,18,0,2
Côte-des-Neiges–Notre-Dame-de-Grâce,Spring,Monday,16,16.19,21,0,2
Côte-des-Neiges–Notre-Dame-de-Grâce,Spring,Monday,17,19.5,26,0,2
Côte-des-Neiges–Notre-Dame-de-Grâce,Spring,Monday,18,17.227,22,0,2
Côte-des-Neiges–Notre-Dame-de-Grâce,Spring,Monday,19,13.5,24,0,2
Côte-des-Neiges–Notre-Dame-de-Grâce,Spring,Monday,20,6.542,24,0,2
Côte-des-Neiges–Notre-Dame-de-Grâce,Spring,Monday,21,6.571,21,0,2
Côte-des-Neiges–Notre-Dame-de-Grâce,Spring,Monday,22,3.048,21,0,2
Côte-des-Neiges–Notre-Dame-de-Grâce,Spring,Monday,23,3.391,23,0,2
Côte-des-Neiges–Notre-Dame-de-Grâce,Spring,Tuesday,0,0.7,30,1,2
Côte-des-Neiges–Notre-Dame-de-Grâce,Spring,Tuesday,1,0.654,26,1,2
Côte-des-Neiges–Notre-Dame-de-Grâce,Spring,Tuesday,2,0.783,23,1,2
Côte-des-Neiges–Notre-Dame-de-Grâce,Spring,Tuesday,3,0.391,23,1,2
Côte-des-Neiges–Notre-Dame-de-Grâce,Spring,Tuesday,4,0.739,23,1,2
Côte-des-Neiges–Notre-Dame-de-Grâce,Spring,Tuesday,5,1.913,23,1,2
Côte-des-Neiges–Notre-Dame-de-Grâce,Spring,Tuesday,6,6.423,26,1,2
Côte-des-Neiges–Notre-Dame-de-Grâce,Spring,Tuesday,7,19.231,26,1,2
Côte-des-Neiges–Notre-Dame-de-Grâce,Spring,Tuesday,8,25.269,26,1,2
Côte-des-Neiges–Notre-Dame-de-Grâce,Spring,Tuesday,9,14.333,21,1,2
Côte-des-Neiges–Notre-Dame-de-Grâce,Spring,Tuesday,10,6.9,20,1,2
Côte-des-Neiges–Notre-Dame-de-Grâce,Spring,Tuesday,11,9.2,20,1,2
Côte-des-Neiges–Notre-Dame-de-Grâce,Spring,Tuesday,12,13.286,21,1,2
Côte-des-Neiges–Notre-Dame-de-Grâce,Spring,Tuesday,13,13.136,22,1,2
Côte-des-Neiges–Notre-Dame-de-Grâce,Spring,Tuesday,14,10.227,22,1,2
Côte-des-Neiges–Notre-Dame-de-Grâce,Spring,Tuesday,15,18.278,18,1,2
Côte-des-Neiges–Notre-Dame-de-Grâce,Spring,Tuesday,16,27.864,22,1,2
Côte-des-Neiges–Notre-Dame-de-Grâce,Spring,Tuesday,17,34.826,23,1,2
Côte-des-Neiges–Notre-Dame-de-Grâce,Spring,Tuesday,18,23.75,24,1,2
Côte-des-Neiges–Notre-Dame-de-Grâce,Spring,Tuesday,19,12.542,24,1,2
Côte-des-Neiges–Notre-Dame-de-Grâce,Spring,Tuesday,20,9.724,29,1,2
Côte-des-Neiges–Notre-Dame-de-Grâce,Spring,Tuesday,21,6.107,28,1,2
Côte-des-Neiges–Notre-Dame-de-Grâce,Spring,Tuesday,22,4.423,26,1,2
Côte-des-Neiges–Notre-Dame-de-Grâce,Spring,Tuesday,23,2.097,31,1,2
Côte-des-Neiges–Notre-Dame-de-Grâce,Spring,Wednesday,0,0.821,28,2,2
Côte-des-Neiges–Notre-Dame-de-Grâce,Spring,Wednesday,1,0.5,18,2,2
Côte-des-Neiges–Notre-Dame-de-Grâce,Spring,Wednesday,2,0.333,21,2,2
Côte-des-Neiges–Notre-Dame-de-Grâce,Spring,Wednesday,3,0.333,21,2,2
Côte-des-Neiges–Notre-Dame-de-Grâce,Spring,Wednesday,4,0.304,23,2,2
Côte-des-Neiges–Notre-Dame-de-Grâce,Spring,Wednesday,5,1.522,23,2,2
Côte-des-Neiges–Notre-Dame-de-Grâce,Spring,Wednesday,6,5.043,23,2,2
Côte-des-Neiges–Notre-Dame-de-Grâce,Spring,Wednesday,7,12.087,23,2,2
Côte-des-Neiges–Notre-Dame-de-Grâce,Spring,Wednesday,8,17.0,23,2,2
Côte-des-Neiges–Notre-Dame-de-Grâce,Spring,Wednesday,9,8.565,23,2,2
Côte-des-Neiges–Notre-Dame-de-Grâce,Spring,Wednesday,10,6.636,22,2,2
Côte-des-Neiges–Notre-Dame-de-Grâce,Spring,Wednesday,11,5.941,17,2,2
Côte-des-Neiges–Notre-Dame-de-Grâce,Spring,Wednesday,12,4.056,18,2,2
Côte-des-Neiges–Notre-Dame-de-Grâce,Spring,Wednesday,13,4.15,20,2,2
Côte-des-Neiges–Notre-Dame-de-Grâce,Spring,Wednesday,14,2.353,17,2,2
Côte-des-Neiges–Notre-Dame-de-Grâce,Spring,Wednesday,15,2.917,12,2,2
Côte-des-Neiges–Notre-Dame-de-Grâce,Spring,Wednesday,16,6.571,14,2,2
Côte-des-Neiges–Notre-Dame-de-Grâce,Spring,Wednesday,17,13.0,17,2,2
Côte-des-Neiges–Notre-Dame-de-Grâce,Spring,Wednesday,18,12.217,23,2,2
Côte-des-Neiges–Notre-Dame-de-Grâce,Spring,Wednesday,19,10.524,21,2,2
Côte-des-Neiges–Notre-Dame-de-Grâce,Spring,Wednesday,20,6.864,22,2,2
Côte-des-Neiges–Notre-Dame-de-Grâce,Spring,Wednesday,21,3.045,22,2,2
Côte-des-Neiges–Notre-Dame-de-Grâce,Spring,Wednesday,22,2.696,23,2,2
Côte-des-Neiges–Notre-Dame-de-Grâce,Spring,Wednesday,23,1.64,25,2,2
Côte-des-Neiges–Notre-Dame-de-Grâce,Spring,Thursday,0,0.857,28,3,2
Côte-des-Neiges–Notre-Dame-de-Grâce,Spring,Thursday,1,0.474,19,3,2
Côte-des-Neiges–Notre-Dame-de-Grâce,Spring,Thursday,2,0.182,22,3,2
Côte-des-Neiges–Notre-Dame-de-Grâce,Spring,Thursday,3,0.364,22,3,2
Côte-des-Neiges–Notre-Dame-de-Grâce,Spring,Thursday,4,0.455,22,3,2
Côte-des-Neiges–Notre-Dame-de-Grâce,Spring,Thursday,5,1.045,22,3,2
Côte-des-Neiges–Notre-Dame-de-Grâce,Spring,Thursday,6,3.5,22,3,2
Côte-des-Neiges–Notre-Dame-de-Grâce,Spring,Thursday,7,9.955,22,3,2
Côte-des-Neiges–Notre-Dame-de-Grâce,Spring,Thursday,8,15.682,22,3,2
Côte-des-Neiges–Notre-Dame-de-Grâce,Spring,Thursday,9,8.0,20,3,2
Côte-des-Neiges–Notre-Dame-de-Grâce,Spring,Thursday,10,5.222,18,3,2
Côte-des-Neiges–Notre-Dame-de-Grâce,Spring,Thursday,11,8.312,16,3,2
Côte-des-Neiges–Notre-Dame-de-Grâce,Spring,Thursday,12,9.312,16,3,2
Côte-des-Neiges–Notre-Dame-de-Grâce,Spring,Thursday,13,8.333,18,3,2
Côte-des-Neiges–Notre-Dame-de-Grâce,Spring,Thursday,14,8.611,18,3,2
Côte-des-Neiges–Notre-Dame-de-Grâce,Spring,Thursday,15,9.133,15,3,2
Côte-des-Neiges–Notre-Dame-de-Grâce,Spring,Thursday,16,15.944,18,3,2
Côte-des-Neiges–Notre-Dame-de-Grâce,Spring,Thursday,17,21.444,18,3,2
Côte-des-Neiges–Notre-Dame-de-Grâce,Spring,Thursday,18,13.826,23,3,2
Côte-des-Neiges–Notre-Dame-de-Grâce,Spring,Thursday,19,9.864,22,3,2
Côte-des-Neiges–Notre-Dame-de-Grâce,Spring,Thursday,20,7.0,21,3,2
Côte-des-Neiges–Notre-Dame-de-Grâce,Spring,Thursday,21,5.429,21,3,2
Côte-des-Neiges–Notre-Dame-de-Grâce,Spring,Thursday,22,2.667,18,3,2
Côte-des-Neiges–Notre-Dame-de-Grâce,Spring,Thursday,23,1.652,23,3,2
Côte-des-Neiges–Notre-Dame-de-Grâce,Spring,Friday,0,0.875,24,4,2
Côte-des-Neiges–Notre-Dame-de-Grâce,Spring,Friday,1,0.556,18,4,2
Côte-des-Neiges–Notre-Dame-de-Grâce,Spring,Friday,2,0.571,21,4,2
Côte-des-Neiges–Notre-Dame-de-Grâce,Spring,Friday,3,0.167,24,4,2
Côte-des-Neiges–Notre-Dame-de-Grâce,Spring,Friday,4,0.292,24,4,2
Côte-des-Neiges–Notre-Dame-de-Grâce,Spring,Friday,5,1.417,24,4,2
Côte-des-Neiges–Notre-Dame-de-Grâce,Spring,Friday,6,4.083,24,4,2
Côte-des-Neiges–Notre-Dame-de-Grâce,Spring,Friday,7,12.042,24,4,2
Côte-des-Neiges–Notre-Dame-de-Grâce,Spring,Friday,8,18.167,24,4,2
Côte-des-Neiges–Notre-Dame-de-Grâce,Spring,Friday,9,10.417,24,4,2
Côte-des-Neiges–Notre-Dame-de-Grâce,Spring,Friday,10,8.083,24,4,2
Côte-des-Neiges–Notre-Dame-de-Grâce,Spring,Friday,11,7.833,24,4,2
Côte-des-Neiges–Notre-Dame-de-Grâce,Spring,Friday,12,11.125,24,4,2
Côte-des-Neiges–Notre-Dame-de-Grâce,Spring,Friday,13,8.625,24,4,2
Côte-des-Neiges–Notre-Dame-de-Grâce,Spring,Friday,14,11.571,21,4,2
Côte-des-Neiges–Notre-Dame-de-Grâce,Spring,Friday,15,12.81,21,4,2
Côte-des-Neiges–Notre-Dame-de-Grâce,Spring,Friday,16,20.154,26,4,2
Côte-des-Neiges–Notre-Dame-de-Grâce,Spring,Friday,17,19.0,26,4,2
Côte-des-Neiges–Notre-Dame-de-Grâce,Spring,Friday,18,13.038,26,4,2
Côte-des-Neiges–Notre-Dame-de-Grâce,Spring,Friday,19,9.5,24,4,2
Côte-des-Neiges–Notre-Dame-de-Grâce,Spring,Friday,20,8.429,21,4,2
Côte-des-Neiges–Notre-Dame-de-Grâce,Spring,Friday,21,5.714,21,4,2
Côte-des-Neiges–Notre-Dame-de-Grâce,Spring,Friday,22,4.714,21,4,2
Côte-des-Neiges–Notre-Dame-de-Grâce,Spring,Friday,23,2.333,27,4,2
Côte-des-Neiges–Notre-Dame-de-Grâce,Spring,Saturday,0,1.552,29,5,2
Côte-des-Neiges–Notre-Dame-de-Grâce,Spring,Saturday,1,1.318,22,5,2
Côte-des-Neiges–Notre-Dame-de-Grâce,Spring,Saturday,2,0.417,24,5,2
Côte-des-Neiges–Notre-Dame-de-Grâce,Spring,Saturday,3,0.654,26,5,2
Côte-des-Neiges–Notre-Dame-de-Grâce,Spring,Saturday,4,0.346,26,5,2
Côte-des-Neiges–Notre-Dame-de-Grâce,Spring,Saturday,5,0.692,26,5,2
Côte-des-Neiges–Notre-Dame-de-Grâce,Spring,Saturday,6,2.038,26,5,2
Côte-des-Neiges–Notre-Dame-de-Grâce,Spring,Saturday,7,3.448,29,5,2
Côte-des-Neiges–Notre-Dame-de-Grâce,Spring,Saturday,8,4.931,29,5,2
Côte-des-Neiges–Notre-Dame-de-Grâce,Spring,Saturday,9,8.241,29,5,2
Côte-des-Neiges–Notre-Dame-de-Grâce,Spring,Saturday,10,10.483,29,5,2
Côte-des-Neiges–Notre-Dame-de-Grâce,Spring,Saturday,11,12.862,29,5,2
Côte-des-Neiges–Notre-Dame-de-Grâce,Spring,Saturday,12,13.966,29,5,2
Côte-des-Neiges–Notre-Dame-de-Grâce,Spring,Saturday,13,14.966,29,5,2
Côte-des-Neiges–Notre-Dame-de-Grâce,Spring,Saturday,14,17.0,29,5,2
Côte-des-Neiges–Notre-Dame-de-Grâce,Spring,Saturday,15,19.074,27,5,2
Côte-des-Neiges–Notre-Dame-de-Grâce,Spring,Saturday,16,16.69,29,5,2
Côte-des-Neiges–Notre-Dame-de-Grâce,Spring,Saturday,17,12.931,29,5,2
Côte-des-Neiges–Notre-Dame-de-Grâce,Spring,Saturday,18,9.783,23,5,2
Côte-des-Neiges–Notre-Dame-de-Grâce,Spring,Saturday,19,8.538,26,5,2
Côte-des-Neiges–Notre-Dame-de-Grâce,Spring,Saturday,20,5.483,29,5,2
Côte-des-Neiges–Notre-Dame-de-Grâce,Spring,Saturday,21,4.759,29,5,2
Côte-des-Neiges–Notre-Dame-de-Grâce,Spring,Saturday,22,4.458,24,5,2
Côte-des-Neiges–Notre-Dame-de-Grâce,Spring,Saturday,23,2.69,29,5,2
Côte-des-Neiges–Notre-Dame-de-Grâce,Spring,Sunday,0,1.677,31,6,2
Côte-des-Neiges–Notre-Dame-de-Grâce,Spring,Sunday,1,1.069,29,6,2
Côte-des-Neiges–Notre-Dame-de-Grâce,Spring,Sunday,2,0.724,29,6,2
Côte-des-Neiges–Notre-Dame-de-Grâce,Spring,Sunday,3,0.345,29,6,2
Côte-des-Neiges–Notre-Dame-de-Grâce,Spring,Sunday,4,0.448,29,6,2
Côte-des-Neiges–Notre-Dame-de-Grâce,Spring,Sunday,5,0.281,32,6,2
Côte-des-Neiges–Notre-Dame-de-Grâce,Spring,Sunday,6,1.312,32,6,2
Côte-des-Neiges–Notre-Dame-de-Grâce,Spring,Sunday,7,2.562,32,6,2
Côte-des-Neiges–Notre-Dame-de-Grâce,Spring,Sunday,8,3.125,32,6,2
Côte-des-Neiges–Notre-Dame-de-Grâce,Spring,Sunday,9,6.241,29,6,2
Côte-des-Neiges–Notre-Dame-de-Grâce,Spring,Sunday,10,8.517,29,6,2
Côte-des-Neiges–Notre-Dame-de-Grâce,Spring,Sunday,11,9.375,32,6,2
Côte-des-Neiges–Notre-Dame-de-Grâce,Spring,Sunday,12,10.594,32,6,2
Côte-des-Neiges–Notre-Dame-de-Grâce,Spring,Sunday,13,11.172,29,6,2
Côte-des-Neiges–Notre-Dame-de-Grâce,Spring,Sunday,14,12.731,26,6,2
Côte-des-Neiges–Notre-Dame-de-Grâce,Spring,Sunday,15,13.885,26,6,2
Côte-des-Neiges–Notre-Dame-de-Grâce,Spring,Sunday,16,13.115,26,6,2
Côte-des-Neiges–Notre-Dame-de-Grâce,Spring,Sunday,17,11.931,29,6,2
Côte-des-Neiges–Notre-Dame-de-Grâce,Spring,Sunday,18,7.828,29,6,2
Côte-des-Neiges–Notre-Dame-de-Grâce,Spring,Sunday,19,8.615,26,6,2
Côte-des-Neiges–Notre-Dame-de-Grâce,Spring,Sunday,20,4.444,27,6,2
Côte-des-Neiges–Notre-Dame-de-Grâce,Spring,Sunday,21,4.231,26,6,2
Côte-des-Neiges–Notre-Dame-de-Grâce,Spring,Sunday,22,3.261,23,6,2
Côte-des-Neiges–Notre-Dame-de-Grâce,Spring,Sunday,23,1.481,27,6,2
Lachine,Spring,Monday,0,0.25,12,0,2
Lachine,Spring,Monday,1,0.222,9,0,2
Lachine,Spring,Monday,2,0.0,12,0,2
Lachine,Spring,Monday,3,0.083,12,0,2
Lachine,Spring,Monday,4,0.0,12,0,2
Lachine,Spring,Monday,5,0.75,12,0,2
Lachine,Spring,Monday,6,1.167,12,0,2
Lachine,Spring,Monday,7,3.769,13,0,2
Lachine,Spring,Monday,8,2.25,12,0,2
Lachine,Spring,Monday,9,1.917,12,0,2
Lachine,Spring,Monday,10,2.167,12,0,2
Lachine,Spring,Monday,11,2.455,11,0,2
Lachine,Spring,Monday,12,5.0,9,0,2
Lachine,Spring,Monday,13,4.556,9,0,2
Lachine,Spring,Monday,14,3.889,9,0,2
Lachine,Spring,Monday,15,10.25,8,0,2
Lachine,Spring,Monday,16,7.889,9,0,2
Lachine,Spring,Monday,17,7.6,10,0,2
Lachine,Spring,Monday,18,6.375,8,0,2
Lachine,Spring,Monday,19,6.222,9,0,2
Lachine,Spring,Monday,20,2.556,9,0,2
Lachine,Spring,Monday,21,2.125,8,0,2
Lachine,Spring,Monday,22,0.25,8,0,2
Lachine,Spring,Monday,23,0.222,9,0,2
Lachine,Spring,Tuesday,0,0.0,11,1,2
Lachine,Spring,Tuesday,1,0.0,10,1,2
Lachine,Spring,Tuesday,2,0.0,9,1,2
Lachine,Spring,Tuesday,3,0.0,9,1,2
Lachine,Spring,Tuesday,4,0.0,9,1,2
Lachine,Spring,Tuesday,5,0.889,9,1,2
Lachine,Spring,Tuesday,6,2.3,10,1,2
Lachine,Spring,Tuesday,7,5.3,10,1,2
Lachine,Spring,Tuesday,8,4.3,10,1,2
Lachine,Spring,Tuesday,9,5.875,8,1,2
Lachine,Spring,Tuesday,10,5.5,8,1,2
Lachine,Spring,Tuesday,11,4.875,8,1,2
Lachine,Spring,Tuesday,12,6.875,8,1,2
Lachine,Spring,Tuesday,13,6.0,8,1,2
Lachine,Spring,Tuesday,14,5.5,8,1,2
Lachine,Spring,Tuesday,15,7.571,7,1,2
Lachine,Spring,Tuesday,16,9.0,9,1,2
Lachine,Spring,Tuesday,17,6.667,9,1,2
Lachine,Spring,Tuesday,18,8.556,9,1,2
Lachine,Spring,Tuesday,19,5.667,9,1,2
Lachine,Spring,Tuesday,20,4.636,11,1,2
Lachine,Spring,Tuesday,21,2.636,11,1,2
Lachine,Spring,Tuesday,22,0.556,9,1,2
Lachine,Spring,Tuesday,23,0.5,12,1,2
Lachine,Spring,Wednesday,0,0.0,11,2,2
Lachine,Spring,Wednesday,1,0.0,7,2,2
Lachine,Spring,Wednesday,2,0.0,8,2,2
Lachine,Spring,Wednesday,3,0.0,8,2,2
Lachine,Spring,Wednesday,4,0.222,9,2,2
Lachine,Spring,Wednesday,5,0.444,9,2,2
Lachine,Spring,Wednesday,6,2.0,9,2,2
Lachine,Spring,Wednesday,7,5.0,9,2,2
Lachine,Spring,Wednesday,8,4.222,9,2,2
Lachine,Spring,Wednesday,9,2.556,9,2,2
Lachine,Spring,Wednesday,10,2.778,9,2,2
Lachine,Spring,Wednesday,11,2.857,7,2,2
Lachine,Spring,Wednesday,12,2.857,7,2,2
Lachine,Spring,Wednesday,13,3.125,8,2,2
Lachine,Spring,Wednesday,14,1.714,7,2,2
Lachine,Spring,Wednesday,15,2.0,5,2,2
Lachine,Spring,Wednesday,16,2.333,6,2,2
Lachine,Spring,Wednesday,17,3.857,7,2,2
Lachine,Spring,Wednesday,18,3.333,9,2,2
Lachine,Spring,Wednesday,19,4.125,8,2,2
Lachine,Spring,Wednesday,20,1.778,9,2,2
Lachine,Spring,Wednesday,21,1.667,9,2,2
Lachine,Spring,Wednesday,22,0.222,9,2,2
Lachine,Spring,Wednesday,23,0.2,10,2,2
Lachine,Spring,Thursday,0,0.091,11,3,2
Lachine,Spring,Thursday,1,0.0,8,3,2
Lachine,Spring,Thursday,2,0.0,9,3,2
Lachine,Spring,Thursday,3,0.0,9,3,2
Lachine,Spring,Thursday,4,0.0,9,3,2
Lachine,Spring,Thursday,5,0.444,9,3,2
Lachine,Spring,Thursday,6,1.444,9,3,2
Lachine,Spring,Thursday,7,3.222,9,3,2
Lachine,Spring,Thursday,8,3.556,9,3,2
Lachine,Spring,Thursday,9,3.375,8,3,2
Lachine,Spring,Thursday,10,2.571,7,3,2
Lachine,Spring,Thursday,11,4.5,6,3,2
Lachine,Spring,Thursday,12,5.5,6,3,2
Lachine,Spring,Thursday,13,6.429,7,3,2
Lachine,Spring,Thursday,14,4.143,7,3,2
Lachine,Spring,Thursday,15,5.5,6,3,2
Lachine,Spring,Thursday,16,6.714,7,3,2
Lachine,Spring,Thursday,17,4.714,7,3,2
Lachine,Spring,Thursday,18,4.889,9,3,2
Lachine,Spring,Thursday,19,2.333,9,3,2
Lachine,Spring,Thursday,20,1.375,8,3,2
Lachine,Spring,Thursday,21,1.143,7,3,2
Lachine,Spring,Thursday,22,0.143,7,3,2
Lachine,Spring,Thursday,23,0.222,9,3,2
Lachine,Spring,Friday,0,0.0,9,4,2
Lachine,Spring,Friday,1,0.0,7,4,2
Lachine,Spring,Friday,2,0.125,8,4,2
Lachine,Spring,Friday,3,0.0,9,4,2
Lachine,Spring,Friday,4,0.0,9,4,2
Lachine,Spring,Friday,5,0.333,9,4,2
Lachine,Spring,Friday,6,1.333,9,4,2
Lachine,Spring,Friday,7,4.667,9,4,2
Lachine,Spring,Friday,8,4.667,9,4,2
Lachine,Spring,Friday,9,3.778,9,4,2
Lachine,Spring,Friday,10,3.889,9,4,2
Lachine,Spring,Friday,11,3.778,9,4,2
Lachine,Spring,Friday,12,6.333,9,4,2
Lachine,Spring,Friday,13,4.778,9,4,2
Lachine,Spring,Friday,14,4.25,8,4,2
Lachine,Spring,Friday,15,8.875,8,4,2
Lachine,Spring,Friday,16,8.9,10,4,2
Lachine,Spring,Friday,17,7.4,10,4,2
Lachine,Spring,Friday,18,5.0,10,4,2
Lachine,Spring,Friday,19,3.778,9,4,2
Lachine,Spring,Friday,20,2.75,8,4,2
Lachine,Spring,Friday,21,1.375,8,4,2
Lachine,Spring,Friday,22,2.125,8,4,2
Lachine,Spring,Friday,23,0.3,10,4,2
Lachine,Spring,Saturday,0,0.182,11,5,2
Lachine,Spring,Saturday,1,0.25,8,5,2
Lachine,Spring,Saturday,2,0.0,9,5,2
Lachine,Spring,Saturday,3,0.0,10,5,2
Lachine,Spring,Saturday,4,0.0,10,5,2
Lachine,Spring,Saturday,5,0.2,10,5,2
Lachine,Spring,Saturday,6,0.4,10,5,2
Lachine,Spring,Saturday,7,2.182,11,5,2
Lachine,Spring,Saturday,8,3.273,11,5,2
Lachine,Spring,Saturday,9,3.818,11,5,2
Lachine,Spring,Saturday,10,4.364,11,5,2
Lachine,Spring,Saturday,11,7.364,11,5,2
Lachine,Spring,Saturday,12,9.091,11,5,2
Lachine,Spring,Saturday,13,8.364,11,5,2
Lachine,Spring,Saturday,14,8.0,11,5,2
Lachine,Spring,Saturday,15,9.6,10,5,2
Lachine,Spring,Saturday,16,9.091,11,5,2
Lachine,Spring,Saturday,17,5.182,11,5,2
Lachine,Spring,Saturday,18,2.444,9,5,2
Lachine,Spring,Saturday,19,2.9,10,5,2
Lachine,Spring,Saturday,20,2.273,11,5,2
Lachine,Spring,Saturday,21,1.273,11,5,2
Lachine,Spring,Saturday,22,0.667,9,5,2
Lachine,Spring,Saturday,23,0.364,11,5,2
Lachine,Spring,Sunday,0,0.333,12,6,2
Lachine,Spring,Sunday,1,0.182,11,6,2
Lachine,Spring,Sunday,2,0.0,11,6,2
Lachine,Spring,Sunday,3,0.0,11,6,2
Lachine,Spring,Sunday,4,0.0,11,6,2
Lachine,Spring,Sunday,5,0.25,12,6,2
Lachine,Spring,Sunday,6,0.333,12,6,2
Lachine,Spring,Sunday,7,1.333,12,6,2
Lachine,Spring,Sunday,8,1.417,12,6,2
Lachine,Spring,Sunday,9,3.0,11,6,2
Lachine,Spring,Sunday,10,4.273,11,6,2
Lachine,Spring,Sunday,11,4.75,12,6,2
Lachine,Spring,Sunday,12,5.917,12,6,2
Lachine,Spring,Sunday,13,7.545,11,6,2
Lachine,Spring,Sunday,14,9.1,10,6,2
Lachine,Spring,Sunday,15,6.8,10,6,2
Lachine,Spring,Sunday,16,5.6,10,6,2
Lachine,Spring,Sunday,17,6.818,11,6,2
Lachine,Spring,Sunday,18,4.0,11,6,2
Lachine,Spring,Sunday,19,4.1,10,6,2
Lachine,Spring,Sunday,20,1.6,10,6,2
Lachine,Spring,Sunday,21,1.2,10,6,2
Lachine,Spring,Sunday,22,1.0,9,6,2
Lachine,Spring,Sunday,23,0.0,10,6,2
Le Plateau-Mont-Royal,Spring,Monday,0,14.5,12,0,2
Le Plateau-Mont-Royal,Spring,Monday,1,9.889,9,0,2
Le Plateau-Mont-Royal,Spring,Monday,2,6.25,12,0,2
Le Plateau-Mont-Royal,Spring,Monday,3,4.25,12,0,2
Le Plateau-Mont-Royal,Spring,Monday,4,3.833,12,0,2
Le Plateau-Mont-Royal,Spring,Monday,5,11.167,12,0,2
Le Plateau-Mont-Royal,Spring,Monday,6,28.75,12,0,2
Le Plateau-Mont-Royal,Spring,Monday,7,80.462,13,0,2
Le Plateau-Mont-Royal,Spring,Monday,8,163.583,12,0,2
Le Plateau-Mont-Royal,Spring,Monday,9,75.667,12,0,2
Le Plateau-Mont-Royal,Spring,Monday,10,53.167,12,0,2
Le Plateau-Mont-Royal,Spring,Monday,11,58.455,11,0,2
Le Plateau-Mont-Royal,Spring,Monday,12,92.111,9,0,2
Le Plateau-Mont-Royal,Spring,Monday,13,84.222,9,0,2
Le Plateau-Mont-Royal,Spring,Monday,14,95.0,9,0,2
Le Plateau-Mont-Royal,Spring,Monday,15,154.0,8,0,2
Le Plateau-Mont-Royal,Spring,Monday,16,188.75,8,0,2
Le Plateau-Mont-Royal,Spring,Monday,17,235.2,10,0,2
Le Plateau-Mont-Royal,Spring,Monday,18,193.75,8,0,2
Le Plateau-Mont-Royal,Spring,Monday,19,134.889,9,0,2
Le Plateau-Mont-Royal,Spring,Monday,20,67.667,9,0,2
Le Plateau-Mont-Royal,Spring,Monday,21,62.75,8,0,2
Le Plateau-Mont-Royal,Spring,Monday,22,37.125,8,0,2
Le Plateau-Mont-Royal,Spring,Monday,23,51.444,9,0,2
Le Plateau-Mont-Royal,Spring,Tuesday,0,18.545,11,1,2
Le Plateau-Mont-Royal,Spring,Tuesday,1,9.2,10,1,2
Le Plateau-Mont-Royal,Spring,Tuesday,2,8.111,9,1,2
Le Plateau-Mont-Royal,Spring,Tuesday,3,5.667,9,1,2
Le Plateau-Mont-Royal,Spring,Tuesday,4,5.222,9,1,2
Le Plateau-Mont-Royal,Spring,Tuesday,5,14.0,9,1,2
Le Plateau-Mont-Royal,Spring,Tuesday,6,51.7,10,1,2
Le Plateau-Mont-Royal,Spring,Tuesday,7,148.6,10,1,2
Le Plateau-Mont-Royal,Spring,Tuesday,8,242.1,10,1,2
Le Plateau-Mont-Royal,Spring,Tuesday,9,152.125,8,1,2
Le Plateau-Mont-Royal,Spring,Tuesday,10,108.125,8,1,2
Le Plateau-Mont-Royal,Spring,Tuesday,11,118.5,8,1,2
Le Plateau-Mont-Royal,Spring,Tuesday,12,138.5,8,1,2
Le Plateau-Mont-Royal,Spring,Tuesday,13,137.75,8,1,2
Le Plateau-Mont-Royal,Spring,Tuesday,14,100.25,8,1,2
Le Plateau-Mont-Royal,Spring,Tuesday,15,173.143,7,1,2
Le Plateau-Mont-Royal,Spring,Tuesday,16,233.556,9,1,2
Le Plateau-Mont-Royal,Spring,Tuesday,17,317.333,9,1,2
Le Plateau-Mont-Royal,Spring,Tuesday,18,232.889,9,1,2
Le Plateau-Mont-Royal,Spring,Tuesday,19,151.333,9,1,2
Le Plateau-Mont-Royal,Spring,Tuesday,20,111.364,11,1,2
Le Plateau-Mont-Royal,Spring,Tuesday,21,90.818,11,1,2
Le Plateau-Mont-Royal,Spring,Tuesday,22,86.8,10,1,2
Le Plateau-Mont-Royal,Spring,Tuesday,23,43.0,12,1,2
Le Plateau-Mont-Royal,Spring,Wednesday,0,17.0,11,2,2
Le Plateau-Mont-Royal,Spring,Wednesday,1,10.143,7,2,2
Le Plateau-Mont-Royal,Spring,Wednesday,2,4.0,8,2,2
Le Plateau-Mont-Royal,Spring,Wednesday,3,3.875,8,2,2
Le Plateau-Mont-Royal,Spring,Wednesday,4,3.444,9,2,2
Le Plateau-Mont-Royal,Spring,Wednesday,5,12.556,9,2,2
Le Plateau-Mont-Royal,Spring,Wednesday,6,36.333,9,2,2
Le Plateau-Mont-Royal,Spring,Wednesday,7,113.333,9,2,2
Le Plateau-Mont-Royal,Spring,Wednesday,8,152.778,9,2,2
Le Plateau-Mont-Royal,Spring,Wednesday,9,76.667,9,2,2
Le Plateau-Mont-Royal,Spring,Wednesday,10,50.0,8,2,2
Le Plateau-Mont-Royal,Spring,Wednesday,11,27.5,6,2,2
Le Plateau-Mont-Royal,Spring,Wednesday,12,30.167,6,2,2
Le Plateau-Mont-Royal,Spring,Wednesday,13,41.571,7,2,2
Le Plateau-Mont-Royal,Spring,Wednesday,14,30.833,6,2,2
Le Plateau-Mont-Royal,Spring,Wednesday,15,38.2,5,2,2
Le Plateau-Mont-Royal,Spring,Wednesday,16,80.167,6,2,2
Le Plateau-Mont-Royal,Spring,Wednesday,17,133.167,6,2,2
Le Plateau-Mont-Royal,Spring,Wednesday,18,96.875,8,2,2
Le Plateau-Mont-Royal,Spring,Wednesday,19,85.429,7,2,2
Le Plateau-Mont-Royal,Spring,Wednesday,20,53.625,8,2,2
Le Plateau-Mont-Royal,Spring,Wednesday,21,45.875,8,2,2
Le Plateau-Mont-Royal,Spring,Wednesday,22,39.875,8,2,2
Le Plateau-Mont-Royal,Spring,Wednesday,23,23.556,9,2,2
Le Plateau-Mont-Royal,Spring,Thursday,0,9.6,10,3,2
Le Plateau-Mont-Royal,Spring,Thursday,1,5.714,7,3,2
Le Plateau-Mont-Royal,Spring,Thursday,2,2.625,8,3,2
Le Plateau-Mont-Royal,Spring,Thursday,3,2.75,8,3,2
Le Plateau-Mont-Royal,Spring,Thursday,4,3.125,8,3,2
Le Plateau-Mont-Royal,Spring,Thursday,5,8.125,8,3,2
Le Plateau-Mont-Royal,Spring,Thursday,6,28.0,8,3,2
Le Plateau-Mont-Royal,Spring,Thursday,7,72.5,8,3,2
Le Plateau-Mont-Royal,Spring,Thursday,8,145.75,8,3,2
Le Plateau-Mont-Royal,Spring,Thursday,9,77.143,7,3,2
Le Plateau-Mont-Royal,Spring,Thursday,10,46.667,6,3,2
Le Plateau-Mont-Royal,Spring,Thursday,11,64.8,5,3,2
Le Plateau-Mont-Royal,Spring,Thursday,12,81.0,5,3,2
Le Plateau-Mont-Royal,Spring,Thursday,13,78.5,6,3,2
Le Plateau-Mont-Royal,Spring,Thursday,14,51.333,6,3,2
Le Plateau-Mont-Royal,Spring,Thursday,15,56.4,5,3,2
Le Plateau-Mont-Royal,Spring,Thursday,16,112.167,6,3,2
Le Plateau-Mont-Royal,Spring,Thursday,17,149.0,6,3,2
Le Plateau-Mont-Royal,Spring,Thursday,18,104.75,8,3,2
Le Plateau-Mont-Royal,Spring,Thursday,19,73.75,8,3,2
Le Plateau-Mont-Royal,Spring,Thursday,20,62.0,7,3,2
Le Plateau-Mont-Royal,Spring,Thursday,21,46.714,7,3,2
Le Plateau-Mont-Royal,Spring,Thursday,22,40.667,6,3,2
Le Plateau-Mont-Royal,Spring,Thursday,23,23.625,8,3,2
Le Plateau-Mont-Royal,Spring,Friday,0,16.75,8,4,2
Le Plateau-Mont-Royal,Spring,Friday,1,7.333,6,4,2
Le Plateau-Mont-Royal,Spring,Friday,2,7.571,7,4,2
Le Plateau-Mont-Royal,Spring,Friday,3,3.25,8,4,2
Le Plateau-Mont-Royal,Spring,Friday,4,3.5,8,4,2
Le Plateau-Mont-Royal,Spring,Friday,5,9.0,8,4,2
Le Plateau-Mont-Royal,Spring,Friday,6,26.125,8,4,2
Le Plateau-Mont-Royal,Spring,Friday,7,89.625,8,4,2
Le Plateau-Mont-Royal,Spring,Friday,8,151.0,8,4,2
Le Plateau-Mont-Royal,Spring,Friday,9,93.333,9,4,2
Le Plateau-Mont-Royal,Spring,Friday,10,96.444,9,4,2
Le Plateau-Mont-Royal,Spring,Friday,11,76.778,9,4,2
Le Plateau-Mont-Royal,Spring,Friday,12,119.889,9,4,2
Le Plateau-Mont-Royal,Spring,Friday,13,105.111,9,4,2
Le Plateau-Mont-Royal,Spring,Friday,14,120.25,8,4,2
Le Plateau-Mont-Royal,Spring,Friday,15,155.0,8,4,2
Le Plateau-Mont-Royal,Spring,Friday,16,197.5,10,4,2
Le Plateau-Mont-Royal,Spring,Friday,17,200.5,10,4,2
Le Plateau-Mont-Royal,Spring,Friday,18,165.2,10,4,2
Le Plateau-Mont-Royal,Spring,Friday,19,118.556,9,4,2
Le Plateau-Mont-Royal,Spring,Friday,20,103.375,8,4,2
Le Plateau-Mont-Royal,Spring,Friday,21,93.5,8,4,2
Le Plateau-Mont-Royal,Spring,Friday,22,110.375,8,4,2
Le Plateau-Mont-Royal,Spring,Friday,23,73.7,10,4,2
Le Plateau-Mont-Royal,Spring,Saturday,0,49.0,11,5,2
Le Plateau-Mont-Royal,Spring,Saturday,1,42.75,8,5,2
Le Plateau-Mont-Royal,Spring,Saturday,2,24.556,9,5,2
Le Plateau-Mont-Royal,Spring,Saturday,3,17.1,10,5,2
Le Plateau-Mont-Royal,Spring,Saturday,4,8.5,10,5,2
Le Plateau-Mont-Royal,Spring,Saturday,5,5.5,10,5,2
Le Plateau-Mont-Royal,Spring,Saturday,6,13.7,10,5,2
Le Plateau-Mont-Royal,Spring,Saturday,7,23.0,11,5,2
Le Plateau-Mont-Royal,Spring,Saturday,8,47.636,11,5,2
Le Plateau-Mont-Royal,Spring,Saturday,9,94.364,11,5,2
Le Plateau-Mont-Royal,Spring,Saturday,10,122.727,11,5,2
Le Plateau-Mont-Royal,Spring,Saturday,11,157.0,11,5,2
Le Plateau-Mont-Royal,Spring,Saturday,12,176.818,11,5,2
Le Plateau-Mont-Royal,Spring,Saturday,13,194.909,11,5,2
Le Plateau-Mont-Royal,Spring,Saturday,14,210.909,11,5,2
Le Plateau-Mont-Royal,Spring,Saturday,15,244.6,10,5,2
Le Plateau-Mont-Royal,Spring,Saturday,16,208.455,11,5,2
Le Plateau-Mont-Royal,Spring,Saturday,17,176.636,11,5,2
Le Plateau-Mont-Royal,Spring,Saturday,18,135.889,9,5,2
Le Plateau-Mont-Royal,Spring,Saturday,19,102.7,10,5,2
Le Plateau-Mont-Royal,Spring,Saturday,20,66.545,11,5,2
Le Plateau-Mont-Royal,Spring,Saturday,21,55.455,11,5,2
Le Plateau-Mont-Royal,Spring,Saturday,22,65.111,9,5,2
Le Plateau-Mont-Royal,Spring,Saturday,23,66.909,11,5,2
Le Plateau-Mont-Royal,Spring,Sunday,0,51.167,12,6,2
Le Plateau-Mont-Royal,Spring,Sunday,1,33.909,11,6,2
Le Plateau-Mont-Royal,Spring,Sunday,2,21.727,11,6,2
Le Plateau-Mont-Royal,Spring,Sunday,3,14.818,11,6,2
Le Plateau-Mont-Royal,Spring,Sunday,4,8.091,11,6,2
Le Plateau-Mont-Royal,Spring,Sunday,5,5.75,12,6,2
Le Plateau-Mont-Royal,Spring,Sunday,6,10.667,12,6,2
Le Plateau-Mont-Royal,Spring,Sunday,7,18.5,12,6,2
Le Plateau-Mont-Royal,Spring,Sunday,8,34.417,12,6,2
Le Plateau-Mont-Royal,Spring,Sunday,9,66.818,11,6,2
Le Plateau-Mont-Royal,Spring,Sunday,10,99.0,11,6,2
Le Plateau-Mont-Royal,Spring,Sunday,11,125.75,12,6,2
Le Plateau-Mont-Royal,Spring,Sunday,12,128.083,12,6,2
Le Plateau-Mont-Royal,Spring,Sunday,13,146.636,11,6,2
Le Plateau-Mont-Royal,Spring,Sunday,14,166.6,10,6,2
Le Plateau-Mont-Royal,Spring,Sunday,15,167.1,10,6,2
Le Plateau-Mont-Royal,Spring,Sunday,16,160.7,10,6,2
Le Plateau-Mont-Royal,Spring,Sunday,17,133.364,11,6,2
Le Plateau-Mont-Royal,Spring,Sunday,18,112.455,11,6,2
Le Plateau-Mont-Royal,Spring,Sunday,19,89.0,10,6,2
Le Plateau-Mont-Royal,Spring,Sunday,20,45.8,10,6,2
Le Plateau-Mont-Royal,Spring,Sunday,21,52.5,10,6,2
Le Plateau-Mont-Royal,Spring,Sunday,22,47.444,9,6,2
Le Plateau-Mont-Royal,Spring,Sunday,23,31.5,10,6,2
Le Sud-Ouest,Spring,Monday,0,1.948,96,0,2
Le Sud-Ouest,Spring,Monday,1,0.882,68,0,2
Le Sud-Ouest,Spring,Monday,2,0.417,96,0,2
Le Sud-Ouest,Spring,Monday,3,0.688,96,0,2
Le Sud-Ouest,Spring,Monday,4,0.688,96,0,2
Le Sud-Ouest,Spring,Monday,5,1.99,96,0,2
Le Sud-Ouest,Spring,Monday,6,4.562,96,0,2
Le Sud-Ouest,Spring,Monday,7,8.885,104,0,2
Le Sud-Ouest,Spring,Monday,8,18.875,96,0,2
Le Sud-Ouest,Spring,Monday,9,9.677,96,0,2
Le Sud-Ouest,Spring,Monday,10,6.135,96,0,2
Le Sud-Ouest,Spring,Monday,11,8.352,88,0,2
Le Sud-Ouest,Spring,Monday,12,16.278,72,0,2
Le Sud-Ouest,Spring,Monday,13,13.5,72,0,2
Le Sud-Ouest,Spring,Monday,14,18.236,72,0,2
Le Sud-Ouest,Spring,Monday,15,32.219,64,0,2
Le Sud-Ouest,Spring,Monday,16,34.722,72,0,2
Le Sud-Ouest,Spring,Monday,17,42.362,80,0,2
Le Sud-Ouest,Spring,Monday,18,33.672,64,0,2
Le Sud-Ouest,Spring,Monday,19,22.125,72,0,2
Le Sud-Ouest,Spring,Monday,20,11.278,72,0,2
Le Sud-Ouest,Spring,Monday,21,9.641,64,0,2
Le Sud-Ouest,Spring,Monday,22,5.969,64,0,2
Le Sud-Ouest,Spring,Monday,23,6.083,72,0,2
Le Sud-Ouest,Spring,Tuesday,0,2.182,88,1,2
Le Sud-Ouest,Spring,Tuesday,1,1.2,80,1,2
Le Sud-Ouest,Spring,Tuesday,2,0.639,72,1,2
Le Sud-Ouest,Spring,Tuesday,3,0.611,72,1,2
Le Sud-Ouest,Spring,Tuesday,4,0.514,72,1,2
Le Sud-Ouest,Spring,Tuesday,5,3.125,72,1,2
Le Sud-Ouest,Spring,Tuesday,6,8.488,80,1,2
Le Sud-Ouest,Spring,Tuesday,7,21.875,80,1,2
Le Sud-Ouest,Spring,Tuesday,8,35.962,80,1,2
Le Sud-Ouest,Spring,Tuesday,9,23.141,64,1,2
Le Sud-Ouest,Spring,Tuesday,10,16.984,64,1,2
Le Sud-Ouest,Spring,Tuesday,11,18.641,64,1,2
Le Sud-Ouest,Spring,Tuesday,12,26.75,64,1,2
Le Sud-Ouest,Spring,Tuesday,13,29.406,64,1,2
Le Sud-Ouest,Spring,Tuesday,14,20.609,64,1,2
Le Sud-Ouest,Spring,Tuesday,15,31.893,56,1,2
Le Sud-Ouest,Spring,Tuesday,16,38.028,72,1,2
Le Sud-Ouest,Spring,Tuesday,17,60.431,72,1,2
Le Sud-Ouest,Spring,Tuesday,18,35.889,72,1,2
Le Sud-Ouest,Spring,Tuesday,19,24.0,72,1,2
Le Sud-Ouest,Spring,Tuesday,20,17.375,88,1,2
Le Sud-Ouest,Spring,Tuesday,21,10.398,88,1,2
Le Sud-Ouest,Spring,Tuesday,22,8.797,74,1,2
Le Sud-Ouest,Spring,Tuesday,23,4.863,95,1,2
Le Sud-Ouest,Spring,Wednesday,0,1.701,87,2,2
Le Sud-Ouest,Spring,Wednesday,1,1.054,56,2,2
Le Sud-Ouest,Spring,Wednesday,2,0.641,64,2,2
Le Sud-Ouest,Spring,Wednesday,3,0.516,64,2,2
Le Sud-Ouest,Spring,Wednesday,4,0.583,72,2,2
Le Sud-Ouest,Spring,Wednesday,5,2.097,72,2,2
Le Sud-Ouest,Spring,Wednesday,6,6.222,72,2,2
Le Sud-Ouest,Spring,Wednesday,7,14.208,72,2,2
Le Sud-Ouest,Spring,Wednesday,8,21.361,72,2,2
Le Sud-Ouest,Spring,Wednesday,9,11.903,72,2,2
Le Sud-Ouest,Spring,Wednesday,10,10.347,72,2,2
Le Sud-Ouest,Spring,Wednesday,11,6.518,56,2,2
Le Sud-Ouest,Spring,Wednesday,12,7.875,56,2,2
Le Sud-Ouest,Spring,Wednesday,13,7.75,64,2,2
Le Sud-Ouest,Spring,Wednesday,14,5.393,56,2,2
Le Sud-Ouest,Spring,Wednesday,15,6.025,40,2,2
Le Sud-Ouest,Spring,Wednesday,16,10.625,48,2,2
Le Sud-Ouest,Spring,Wednesday,17,22.571,56,2,2
Le Sud-Ouest,Spring,Wednesday,18,21.667,72,2,2
Le Sud-Ouest,Spring,Wednesday,19,18.656,64,2,2
Le Sud-Ouest,Spring,Wednesday,20,11.528,72,2,2
Le Sud-Ouest,Spring,Wednesday,21,5.792,72,2,2
Le Sud-Ouest,Spring,Wednesday,22,5.465,71,2,2
Le Sud-Ouest,Spring,Wednesday,23,3.278,79,2,2
Le Sud-Ouest,Spring,Thursday,0,1.391,87,3,2
Le Sud-Ouest,Spring,Thursday,1,0.651,63,3,2
Le Sud-Ouest,Spring,Thursday,2,0.197,71,3,2
Le Sud-Ouest,Spring,Thursday,3,0.394,71,3,2
Le Sud-Ouest,Spring,Thursday,4,0.423,71,3,2
Le Sud-Ouest,Spring,Thursday,5,1.577,71,3,2
Le Sud-Ouest,Spring,Thursday,6,4.93,71,3,2
Le Sud-Ouest,Spring,Thursday,7,11.268,71,3,2
Le Sud-Ouest,Spring,Thursday,8,23.676,71,3,2
Le Sud-Ouest,Spring,Thursday,9,14.175,63,3,2
Le Sud-Ouest,Spring,Thursday,10,9.518,56,3,2
Le Sud-Ouest,Spring,Thursday,11,14.833,48,3,2
Le Sud-Ouest,Spring,Thursday,12,17.458,48,3,2
Le Sud-Ouest,Spring,Thursday,13,16.357,56,3,2
Le Sud-Ouest,Spring,Thursday,14,12.429,56,3,2
Le Sud-Ouest,Spring,Thursday,15,15.958,48,3,2
Le Sud-Ouest,Spring,Thursday,16,25.5,56,3,2
Le Sud-Ouest,Spring,Thursday,17,37.377,53,3,2
Le Sud-Ouest,Spring,Thursday,18,20.458,72,3,2
Le Sud-Ouest,Spring,Thursday,19,15.208,72,3,2
Le Sud-Ouest,Spring,Thursday,20,12.172,64,3,2
Le Sud-Ouest,Spring,Thursday,21,8.407,59,3,2
Le Sud-Ouest,Spring,Thursday,22,5.875,56,3,2
Le Sud-Ouest,Spring,Thursday,23,3.625,72,3,2
Le Sud-Ouest,Spring,Friday,0,1.944,72,4,2
Le Sud-Ouest,Spring,Friday,1,1.071,56,4,2
Le Sud-Ouest,Spring,Friday,2,0.719,64,4,2
Le Sud-Ouest,Spring,Friday,3,0.764,72,4,2
Le Sud-Ouest,Spring,Friday,4,0.556,72,4,2
Le Sud-Ouest,Spring,Friday,5,2.097,72,4,2
Le Sud-Ouest,Spring,Friday,6,4.806,72,4,2
Le Sud-Ouest,Spring,Friday,7,11.986,72,4,2
Le Sud-Ouest,Spring,Friday,8,20.625,72,4,2
Le Sud-Ouest,Spring,Friday,9,15.722,72,4,2
Le Sud-Ouest,Spring,Friday,10,13.125,72,4,2
Le Sud-Ouest,Spring,Friday,11,13.75,72,4,2
Le Sud-Ouest,Spring,Friday,12,22.056,72,4,2
Le Sud-Ouest,Spring,Friday,13,19.667,72,4,2
Le Sud-Ouest,Spring,Friday,14,25.016,64,4,2
Le Sud-Ouest,Spring,Friday,15,28.969,64,4,2
Le Sud-Ouest,Spring,Friday,16,36.875,80,4,2
Le Sud-Ouest,Spring,Friday,17,31.65,80,4,2
Le Sud-Ouest,Spring,Friday,18,24.45,80,4,2
Le Sud-Ouest,Spring,Friday,19,20.333,72,4,2
Le Sud-Ouest,Spring,Friday,20,17.219,64,4,2
Le Sud-Ouest,Spring,Friday,21,13.562,64,4,2
Le Sud-Ouest,Spring,Friday,22,11.391,64,4,2
Le Sud-Ouest,Spring,Friday,23,8.188,80,4,2
Le Sud-Ouest,Spring,Saturday,0,4.193,88,5,2
Le Sud-Ouest,Spring,Saturday,1,3.5,64,5,2
Le Sud-Ouest,Spring,Saturday,2,2.25,72,5,2
Le Sud-Ouest,Spring,Saturday,3,1.838,80,5,2
Le Sud-Ouest,Spring,Saturday,4,0.788,80,5,2
Le Sud-Ouest,Spring,Saturday,5,0.988,80,5,2
Le Sud-Ouest,Spring,Saturday,6,2.138,80,5,2
Le Sud-Ouest,Spring,Saturday,7,4.455,88,5,2
Le Sud-Ouest,Spring,Saturday,8,9.545,88,5,2
Le Sud-Ouest,Spring,Saturday,9,16.784,88,5,2
Le Sud-Ouest,Spring,Saturday,10,23.295,88,5,2
Le Sud-Ouest,Spring,Saturday,11,33.398,88,5,2
Le Sud-Ouest,Spring,Saturday,12,39.0,88,5,2
Le Sud-Ouest,Spring,Saturday,13,44.932,88,5,2
Le Sud-Ouest,Spring,Saturday,14,47.648,88,5,2
Le Sud-Ouest,Spring,Saturday,15,50.438,80,5,2
Le Sud-Ouest,Spring,Saturday,16,42.545,88,5,2
Le Sud-Ouest,Spring,Saturday,17,31.159,88,5,2
Le Sud-Ouest,Spring,Saturday,18,22.389,72,5,2
Le Sud-Ouest,Spring,Saturday,19,14.975,80,5,2
Le Sud-Ouest,Spring,Saturday,20,10.114,88,5,2
Le Sud-Ouest,Spring,Saturday,21,8.352,88,5,2
Le Sud-Ouest,Spring,Saturday,22,8.583,72,5,2
Le Sud-Ouest,Spring,Saturday,23,7.466,88,5,2
Le Sud-Ouest,Spring,Sunday,0,4.885,96,6,2
Le Sud-Ouest,Spring,Sunday,1,2.989,88,6,2
Le Sud-Ouest,Spring,Sunday,2,2.284,88,6,2
Le Sud-Ouest,Spring,Sunday,3,1.864,88,6,2
Le Sud-Ouest,Spring,Sunday,4,1.091,88,6,2
Le Sud-Ouest,Spring,Sunday,5,0.802,96,6,2
Le Sud-Ouest,Spring,Sunday,6,1.385,96,6,2
Le Sud-Ouest,Spring,Sunday,7,3.302,96,6,2
Le Sud-Ouest,Spring,Sunday,8,5.646,96,6,2
Le Sud-Ouest,Spring,Sunday,9,11.273,88,6,2
Le Sud-Ouest,Spring,Sunday,10,18.398,88,6,2
Le Sud-Ouest,Spring,Sunday,11,26.208,96,6,2
Le Sud-Ouest,Spring,Sunday,12,27.521,96,6,2
Le Sud-Ouest,Spring,Sunday,13,32.432,88,6,2
Le Sud-Ouest,Spring,Sunday,14,36.062,80,6,2
Le Sud-Ouest,Spring,Sunday,15,37.0,80,6,2
Le Sud-Ouest,Spring,Sunday,16,32.662,80,6,2
Le Sud-Ouest,Spring,Sunday,17,22.318,88,6,2
Le Sud-Ouest,Spring,Sunday,18,17.193,88,6,2
Le Sud-Ouest,Spring,Sunday,19,16.087,80,6,2
Le Sud-Ouest,Spring,Sunday,20,7.1,80,6,2
Le Sud-Ouest,Spring,Sunday,21,8.4,80,6,2
Le Sud-Ouest,Spring,Sunday,22,6.222,72,6,2
Le Sud-Ouest,Spring,Sunday,23,3.912,80,6,2
Mercier–Hochelaga-Maisonneuve,Spring,Monday,0,0.667,12,0,2
Mercier–Hochelaga-Maisonneuve,Spring,Monday,1,0.333,9,0,2
Mercier–Hochelaga-Maisonneuve,Spring,Monday,2,0.333,12,0,2
Mercier–Hochelaga-Maisonneuve,Spring,Monday,3,0.333,12,0,2
Mercier–Hochelaga-Maisonneuve,Spring,Monday,4,0.417,12,0,2
Mercier–Hochelaga-Maisonneuve,Spring,Monday,5,2.417,12,0,2
Mercier–Hochelaga-Maisonneuve,Spring,Monday,6,2.75,12,0,2
Mercier–Hochelaga-Maisonneuve,Spring,Monday,7,1.462,13,0,2
Mercier–Hochelaga-Maisonneuve,Spring,Monday,8,0.917,12,0,2
Mercier–Hochelaga-Maisonneuve,Spring,Monday,9,0.5,12,0,2
Mercier–Hochelaga-Maisonneuve,Spring,Monday,10,1.0,12,0,2
Mercier–Hochelaga-Maisonneuve,Spring,Monday,11,1.364,11,0,2
Mercier–Hochelaga-Maisonneuve,Spring,Monday,12,5.333,9,0,2
Mercier–Hochelaga-Maisonneuve,Spring,Monday,13,2.444,9,0,2
Mercier–Hochelaga-Maisonneuve,Spring,Monday,14,4.556,9,0,2
Mercier–Hochelaga-Maisonneuve,Spring,Monday,15,9.5,8,0,2
Mercier–Hochelaga-Maisonneuve,Spring,Monday,16,8.444,9,0,2
Mercier–Hochelaga-Maisonneuve,Spring,Monday,17,8.6,10,0,2
Mercier–Hochelaga-Maisonneuve,Spring,Monday,18,7.5,8,0,2
Mercier–Hochelaga-Maisonneuve,Spring,Monday,19,4.0,9,0,2
Mercier–Hochelaga-Maisonneuve,Spring,Monday,20,2.667,9,0,2
Mercier–Hochelaga-Maisonneuve,Spring,Monday,21,2.125,8,0,2
Mercier–Hochelaga-Maisonneuve,Spring,Monday,22,1.5,8,0,2
Mercier–Hochelaga-Maisonneuve,Spring,Monday,23,1.889,9,0,2
Mercier–Hochelaga-Maisonneuve,Spring,Tuesday,0,0.909,11,1,2
Mercier–Hochelaga-Maisonneuve,Spring,Tuesday,1,1.1,10,1,2
Mercier–Hochelaga-Maisonneuve,Spring,Tuesday,2,0.333,9,1,2
Mercier–Hochelaga-Maisonneuve,Spring,Tuesday,3,0.444,9,1,2
Mercier–Hochelaga-Maisonneuve,Spring,Tuesday,4,1.111,9,1,2
Mercier–Hochelaga-Maisonneuve,Spring,Tuesday,5,4.444,9,1,2
Mercier–Hochelaga-Maisonneuve,Spring,Tuesday,6,5.9,10,1,2
Mercier–Hochelaga-Maisonneuve,Spring,Tuesday,7,3.4,10,1,2
Mercier–Hochelaga-Maisonneuve,Spring,Tuesday,8,0.9,10,1,2
Mercier–Hochelaga-Maisonneuve,Spring,Tuesday,9,1.25,8,1,2
Mercier–Hochelaga-Maisonneuve,Spring,Tuesday,10,2.125,8,1,2
Mercier–Hochelaga-Maisonneuve,Spring,Tuesday,11,2.625,8,1,2
Mercier–Hochelaga-Maisonneuve,Spring,Tuesday,12,4.25,8,1,2
Mercier–Hochelaga-Maisonneuve,Spring,Tuesday,13,6.0,8,1,2
Mercier–Hochelaga-Maisonneuve,Spring,Tuesday,14,7.5,8,1,2
Mercier–Hochelaga-Maisonneuve,Spring,Tuesday,15,13.0,7,1,2
Mercier–Hochelaga-Maisonneuve,Spring,Tuesday,16,9.111,9,1,2
Mercier–Hochelaga-Maisonneuve,Spring,Tuesday,17,10.444,9,1,2
Mercier–Hochelaga-Maisonneuve,Spring,Tuesday,18,7.556,9,1,2
Mercier–Hochelaga-Maisonneuve,Spring,Tuesday,19,4.222,9,1,2
Mercier–Hochelaga-Maisonneuve,Spring,Tuesday,20,2.636,11,1,2
Mercier–Hochelaga-Maisonneuve,Spring,Tuesday,21,2.091,11,1,2
Mercier–Hochelaga-Maisonneuve,Spring,Tuesday,22,2.3,10,1,2
Mercier–Hochelaga-Maisonneuve,Spring,Tuesday,23,2.25,12,1,2
Mercier–Hochelaga-Maisonneuve,Spring,Wednesday,0,0.818,11,2,2
Mercier–Hochelaga-Maisonneuve,Spring,Wednesday,1,0.857,7,2,2
Mercier–Hochelaga-Maisonneuve,Spring,Wednesday,2,0.125,8,2,2
Mercier–Hochelaga-Maisonneuve,Spring,Wednesday,3,0.5,8,2,2
Mercier–Hochelaga-Maisonneuve,Spring,Wednesday,4,0.889,9,2,2
Mercier–Hochelaga-Maisonneuve,Spring,Wednesday,5,2.667,9,2,2
Mercier–Hochelaga-Maisonneuve,Spring,Wednesday,6,6.111,9,2,2
Mercier–Hochelaga-Maisonneuve,Spring,Wednesday,7,3.778,9,2,2
Mercier–Hochelaga-Maisonneuve,Spring,Wednesday,8,0.889,9,2,2
Mercier–Hochelaga-Maisonneuve,Spring,Wednesday,9,0.667,9,2,2
Mercier–Hochelaga-Maisonneuve,Spring,Wednesday,10,1.0,9,2,2
Mercier–Hochelaga-Maisonneuve,Spring,Wednesday,11,1.143,7,2,2
Mercier–Hochelaga-Maisonneuve,Spring,Wednesday,12,0.857,7,2,2
Mercier–Hochelaga-Maisonneuve,Spring,Wednesday,13,1.75,8,2,2
Mercier–Hochelaga-Maisonneuve,Spring,Wednesday,14,1.429,7,2,2
Mercier–Hochelaga-Maisonneuve,Spring,Wednesday,15,1.4,5,2,2
Mercier–Hochelaga-Maisonneuve,Spring,Wednesday,16,2.167,6,2,2
Mercier–Hochelaga-Maisonneuve,Spring,Wednesday,17,4.429,7,2,2
Mercier–Hochelaga-Maisonneuve,Spring,Wednesday,18,3.0,9,2,2
Mercier–Hochelaga-Maisonneuve,Spring,Wednesday,19,2.25,8,2,2
Mercier–Hochelaga-Maisonneuve,Spring,Wednesday,20,1.222,9,2,2
Mercier–Hochelaga-Maisonneuve,Spring,Wednesday,21,1.111,9,2,2
Mercier–Hochelaga-Maisonneuve,Spring,Wednesday,22,1.333,9,2,2
Mercier–Hochelaga-Maisonneuve,Spring,Wednesday,23,1.2,10,2,2
Mercier–Hochelaga-Maisonneuve,Spring,Thursday,0,0.455,11,3,2
Mercier–Hochelaga-Maisonneuve,Spring,Thursday,1,0.25,8,3,2
Mercier–Hochelaga-Maisonneuve,Spring,Thursday,2,0.667,9,3,2
Mercier–Hochelaga-Maisonneuve,Spring,Thursday,3,0.0,9,3,2
Mercier–Hochelaga-Maisonneuve,Spring,Thursday,4,0.889,9,3,2
Mercier–Hochelaga-Maisonneuve,Spring,Thursday,5,2.667,9,3,2
Mercier–Hochelaga-Maisonneuve,Spring,Thursday,6,6.5,8,3,2
Mercier–Hochelaga-Maisonneuve,Spring,Thursday,7,1.222,9,3,2
Mercier–Hochelaga-Maisonneuve,Spring,Thursday,8,0.333,9,3,2
Mercier–Hochelaga-Maisonneuve,Spring,Thursday,9,0.75,8,3,2
Mercier–Hochelaga-Maisonneuve,Spring,Thursday,10,1.0,7,3,2
Mercier–Hochelaga-Maisonneuve,Spring,Thursday,11,3.0,6,3,2
Mercier–Hochelaga-Maisonneuve,Spring,Thursday,12,3.5,6,3,2
Mercier–Hochelaga-Maisonneuve,Spring,Thursday,13,2.429,7,3,2
Mercier–Hochelaga-Maisonneuve,Spring,Thursday,14,3.0,7,3,2
Mercier–Hochelaga-Maisonneuve,Spring,Thursday,15,4.833,6,3,2
Mercier–Hochelaga-Maisonneuve,Spring,Thursday,16,7.286,7,3,2
Mercier–Hochelaga-Maisonneuve,Spring,Thursday,17,5.286,7,3,2
Mercier–Hochelaga-Maisonneuve,Spring,Thursday,18,4.333,9,3,2
Mercier–Hochelaga-Maisonneuve,Spring,Thursday,19,1.444,9,3,2
Mercier–Hochelaga-Maisonneuve,Spring,Thursday,20,0.875,8,3,2
Mercier–Hochelaga-Maisonneuve,Spring,Thursday,21,1.286,7,3,2
Mercier–Hochelaga-Maisonneuve,Spring,Thursday,22,1.429,7,3,2
Mercier–Hochelaga-Maisonneuve,Spring,Thursday,23,1.0,9,3,2
Mercier–Hochelaga-Maisonneuve,Spring,Friday,0,0.889,9,4,2
Mercier–Hochelaga-Maisonneuve,Spring,Friday,1,0.0,7,4,2
Mercier–Hochelaga-Maisonneuve,Spring,Friday,2,0.5,8,4,2
Mercier–Hochelaga-Maisonneuve,Spring,Friday,3,0.0,9,4,2
Mercier–Hochelaga-Maisonneuve,Spring,Friday,4,0.667,9,4,2
Mercier–Hochelaga-Maisonneuve,Spring,Friday,5,3.667,9,4,2
Mercier–Hochelaga-Maisonneuve,Spring,Friday,6,6.556,9,4,2
Mercier–Hochelaga-Maisonneuve,Spring,Friday,7,4.667,9,4,2
Mercier–Hochelaga-Maisonneuve,Spring,Friday,8,2.778,9,4,2
Mercier–Hochelaga-Maisonneuve,Spring,Friday,9,1.889,9,4,2
Mercier–Hochelaga-Maisonneuve,Spring,Friday,10,3.222,9,4,2
Mercier–Hochelaga-Maisonneuve,Spring,Friday,11,2.0,9,4,2
Mercier–Hochelaga-Maisonneuve,Spring,Friday,12,3.0,9,4,2
Mercier–Hochelaga-Maisonneuve,Spring,Friday,13,3.667,9,4,2
Mercier–Hochelaga-Maisonneuve,Spring,Friday,14,4.75,8,4,2
Mercier–Hochelaga-Maisonneuve,Spring,Friday,15,6.125,8,4,2
Mercier–Hochelaga-Maisonneuve,Spring,Friday,16,7.0,10,4,2
Mercier–Hochelaga-Maisonneuve,Spring,Friday,17,5.7,10,4,2
Mercier–Hochelaga-Maisonneuve,Spring,Friday,18,4.6,10,4,2
Mercier–Hochelaga-Maisonneuve,Spring,Friday,19,3.0,9,4,2
Mercier–Hochelaga-Maisonneuve,Spring,Friday,20,2.0,8,4,2
Mercier–Hochelaga-Maisonneuve,Spring,Friday,21,4.625,8,4,2
Mercier–Hochelaga-Maisonneuve,Spring,Friday,22,3.125,8,4,2
Mercier–Hochelaga-Maisonneuve,Spring,Friday,23,2.0,10,4,2
Mercier–Hochelaga-Maisonneuve,Spring,Saturday,0,0.727,11,5,2
Mercier–Hochelaga-Maisonneuve,Spring,Saturday,1,1.0,8,5,2
Mercier–Hochelaga-Maisonneuve,Spring,Saturday,2,0.667,9,5,2
Mercier–Hochelaga-Maisonneuve,Spring,Saturday,3,0.1,10,5,2
Mercier–Hochelaga-Maisonneuve,Spring,Saturday,4,1.1,10,5,2
Mercier–Hochelaga-Maisonneuve,Spring,Saturday,5,0.8,10,5,2
Mercier–Hochelaga-Maisonneuve,Spring,Saturday,6,1.8,10,5,2
Mercier–Hochelaga-Maisonneuve,Spring,Saturday,7,0.545,11,5,2
Mercier–Hochelaga-Maisonneuve,Spring,Saturday,8,0.636,11,5,2
Mercier–Hochelaga-Maisonneuve,Spring,Saturday,9,1.818,11,5,2
Mercier–Hochelaga-Maisonneuve,Spring,Saturday,10,4.0,11,5,2
Mercier–Hochelaga-Maisonneuve,Spring,Saturday,11,5.545,11,5,2
Mercier–Hochelaga-Maisonneuve,Spring,Saturday,12,7.182,11,5,2
Mercier–Hochelaga-Maisonneuve,Spring,Saturday,13,10.364,11,5,2
Mercier–Hochelaga-Maisonneuve,Spring,Saturday,14,9.364,11,5,2
Mercier–Hochelaga-Maisonneuve,Spring,Saturday,15,12.7,10,5,2
Mercier–Hochelaga-Maisonneuve,Spring,Saturday,16,8.545,11,5,2
Mercier–Hochelaga-Maisonneuve,Spring,Saturday,17,6.091,11,5,2
Mercier–Hochelaga-Maisonneuve,Spring,Saturday,18,3.222,9,5,2
Mercier–Hochelaga-Maisonneuve,Spring,Saturday,19,1.7,10,5,2
Mercier–Hochelaga-Maisonneuve,Spring,Saturday,20,0.455,11,5,2
Mercier–Hochelaga-Maisonneuve,Spring,Saturday,21,1.182,11,5,2
Mercier–Hochelaga-Maisonneuve,Spring,Saturday,22,0.778,9,5,2
Mercier–Hochelaga-Maisonneuve,Spring,Saturday,23,1.091,11,5,2
Mercier–Hochelaga-Maisonneuve,Spring,Sunday,0,1.417,12,6,2
Mercier–Hochelaga-Maisonneuve,Spring,Sunday,1,0.727,11,6,2
Mercier–Hochelaga-Maisonneuve,Spring,Sunday,2,0.909,11,6,2
Mercier–Hochelaga-Maisonneuve,Spring,Sunday,3,0.636,11,6,2
Mercier–Hochelaga-Maisonneuve,Spring,Sunday,4,1.364,11,6,2
Mercier–Hochelaga-Maisonneuve,Spring,Sunday,5,1.25,12,6,2
Mercier–Hochelaga-Maisonneuve,Spring,Sunday,6,1.25,12,6,2
Mercier–Hochelaga-Maisonneuve,Spring,Sunday,7,1.333,12,6,2
Mercier–Hochelaga-Maisonneuve,Spring,Sunday,8,1.25,12,6,2
Mercier–Hochelaga-Maisonneuve,Spring,Sunday,9,1.727,11,6,2
Mercier–Hochelaga-Maisonneuve,Spring,Sunday,10,1.818,11,6,2
Mercier–Hochelaga-Maisonneuve,Spring,Sunday,11,1.5,12,6,2
Mercier–Hochelaga-Maisonneuve,Spring,Sunday,12,2.833,12,6,2
Mercier–Hochelaga-Maisonneuve,Spring,Sunday,13,4.364,11,6,2
Mercier–Hochelaga-Maisonneuve,Spring,Sunday,14,4.5,10,6,2
Mercier–Hochelaga-Maisonneuve,Spring,Sunday,15,6.7,10,6,2
Mercier–Hochelaga-Maisonneuve,Spring,Sunday,16,5.6,10,6,2
Mercier–Hochelaga-Maisonneuve,Spring,Sunday,17,5.364,11,6,2
Mercier–Hochelaga-Maisonneuve,Spring,Sunday,18,4.0,11,6,2
Mercier–Hochelaga-Maisonneuve,Spring,Sunday,19,3.4,10,6,2
Mercier–Hochelaga-Maisonneuve,Spring,Sunday,20,1.5,10,6,2
Mercier–Hochelaga-Maisonneuve,Spring,Sunday,21,1.9,10,6,2
Mercier–Hochelaga-Maisonneuve,Spring,Sunday,22,0.778,9,6,2
Mercier–Hochelaga-Maisonneuve,Spring,Sunday,23,0.8,10,6,2
Montréal-Nord,Spring,Monday,0,0.139,36,0,2
Montréal-Nord,Spring,Monday,1,0.074,27,0,2
Montréal-Nord,Spring,Monday,2,0.028,36,0,2
Montréal-Nord,Spring,Monday,3,0.0,36,0,2
Montréal-Nord,Spring,Monday,4,0.333,36,0,2
Montréal-Nord,Spring,Monday,5,0.111,36,0,2
Montréal-Nord,Spring,Monday,6,0.583,36,0,2
Montréal-Nord,Spring,Monday,7,1.026,39,0,2
Montréal-Nord,Spring,Monday,8,0.972,36,0,2
Montréal-Nord,Spring,Monday,9,0.778,36,0,2
Montréal-Nord,Spring,Monday,10,0.526,38,0,2
Montréal-Nord,Spring,Monday,11,1.303,33,0,2
Montréal-Nord,Spring,Monday,12,1.296,27,0,2
Montréal-Nord,Spring,Monday,13,0.852,27,0,2
Montréal-Nord,Spring,Monday,14,1.37,27,0,2
Montréal-Nord,Spring,Monday,15,2.208,24,0,2
Montréal-Nord,Spring,Monday,16,1.5,28,0,2
Montréal-Nord,Spring,Monday,17,1.967,30,0,2
Montréal-Nord,Spring,Monday,18,1.5,26,0,2
Montréal-Nord,Spring,Monday,19,0.778,27,0,2
Montréal-Nord,Spring,Monday,20,0.407,27,0,2
Montréal-Nord,Spring,Monday,21,0.75,24,0,2
Montréal-Nord,Spring,Monday,22,0.25,24,0,2
Montréal-Nord,Spring,Monday,23,0.222,27,0,2
Montréal-Nord,Spring,Tuesday,0,0.091,33,1,2
Montréal-Nord,Spring,Tuesday,1,0.1,30,1,2
Montréal-Nord,Spring,Tuesday,2,0.037,27,1,2
Montréal-Nord,Spring,Tuesday,3,0.111,27,1,2
Montréal-Nord,Spring,Tuesday,4,0.185,27,1,2
Montréal-Nord,Spring,Tuesday,5,0.333,27,1,2
Montréal-Nord,Spring,Tuesday,6,0.7,30,1,2
Montréal-Nord,Spring,Tuesday,7,2.067,30,1,2
Montréal-Nord,Spring,Tuesday,8,1.433,30,1,2
Montréal-Nord,Spring,Tuesday,9,1.25,24,1,2
Montréal-Nord,Spring,Tuesday,10,0.875,24,1,2
Montréal-Nord,Spring,Tuesday,11,1.333,24,1,2
Montréal-Nord,Spring,Tuesday,12,1.0,24,1,2
Montréal-Nord,Spring,Tuesday,13,1.417,24,1,2
Montréal-Nord,Spring,Tuesday,14,1.0,24,1,2
Montréal-Nord,Spring,Tuesday,15,1.571,21,1,2
Montréal-Nord,Spring,Tuesday,16,2.52,25,1,2
Montréal-Nord,Spring,Tuesday,17,2.074,27,1,2
Montréal-Nord,Spring,Tuesday,18,1.37,27,1,2
Montréal-Nord,Spring,Tuesday,19,1.074,27,1,2
Montréal-Nord,Spring,Tuesday,20,1.182,33,1,2
Montréal-Nord,Spring,Tuesday,21,0.606,33,1,2
Montréal-Nord,Spring,Tuesday,22,0.414,29,1,2
Montréal-Nord,Spring,Tuesday,23,0.306,36,1,2
Montréal-Nord,Spring,Wednesday,0,0.364,33,2,2
Montréal-Nord,Spring,Wednesday,1,0.19,21,2,2
Montréal-Nord,Spring,Wednesday,2,0.083,24,2,2
Montréal-Nord,Spring,Wednesday,3,0.042,24,2,2
Montréal-Nord,Spring,Wednesday,4,0.37,27,2,2
Montréal-Nord,Spring,Wednesday,5,0.259,27,2,2
Montréal-Nord,Spring,Wednesday,6,0.519,27,2,2
Montréal-Nord,Spring,Wednesday,7,1.852,27,2,2
Montréal-Nord,Spring,Wednesday,8,1.074,27,2,2
Montréal-Nord,Spring,Wednesday,9,0.63,27,2,2
Montréal-Nord,Spring,Wednesday,10,0.481,27,2,2
Montréal-Nord,Spring,Wednesday,11,0.571,21,2,2
Montréal-Nord,Spring,Wednesday,12,0.381,21,2,2
Montréal-Nord,Spring,Wednesday,13,0.792,24,2,2
Montréal-Nord,Spring,Wednesday,14,0.476,21,2,2
Montréal-Nord,Spring,Wednesday,15,0.467,15,2,2
Montréal-Nord,Spring,Wednesday,16,0.889,18,2,2
Montréal-Nord,Spring,Wednesday,17,1.476,21,2,2
Montréal-Nord,Spring,Wednesday,18,0.63,27,2,2
Montréal-Nord,Spring,Wednesday,19,1.042,24,2,2
Montréal-Nord,Spring,Wednesday,20,0.556,27,2,2
Montréal-Nord,Spring,Wednesday,21,0.296,27,2,2
Montréal-Nord,Spring,Wednesday,22,0.259,27,2,2
Montréal-Nord,Spring,Wednesday,23,0.167,30,2,2
Montréal-Nord,Spring,Thursday,0,0.121,33,3,2
Montréal-Nord,Spring,Thursday,1,0.083,24,3,2
Montréal-Nord,Spring,Thursday,2,0.0,27,3,2
Montréal-Nord,Spring,Thursday,3,0.074,27,3,2
Montréal-Nord,Spring,Thursday,4,0.481,27,3,2
Montréal-Nord,Spring,Thursday,5,0.37,27,3,2
Montréal-Nord,Spring,Thursday,6,0.407,27,3,2
Montréal-Nord,Spring,Thursday,7,1.63,27,3,2
Montréal-Nord,Spring,Thursday,8,1.074,27,3,2
Montréal-Nord,Spring,Thursday,9,0.458,24,3,2
Montréal-Nord,Spring,Thursday,10,0.81,21,3,2
Montréal-Nord,Spring,Thursday,11,1.722,18,3,2
Montréal-Nord,Spring,Thursday,12,1.556,18,3,2
Montréal-Nord,Spring,Thursday,13,0.905,21,3,2
Montréal-Nord,Spring,Thursday,14,1.095,21,3,2
Montréal-Nord,Spring,Thursday,15,1.333,18,3,2
Montréal-Nord,Spring,Thursday,16,1.619,21,3,2
Montréal-Nord,Spring,Thursday,17,1.238,21,3,2
Montréal-Nord,Spring,Thursday,18,1.074,27,3,2
Montréal-Nord,Spring,Thursday,19,0.741,27,3,2
Montréal-Nord,Spring,Thursday,20,0.708,24,3,2
Montréal-Nord,Spring,Thursday,21,0.739,23,3,2
Montréal-Nord,Spring,Thursday,22,0.333,21,3,2
Montréal-Nord,Spring,Thursday,23,0.12,25,3,2
Montréal-Nord,Spring,Friday,0,0.222,27,4,2
Montréal-Nord,Spring,Friday,1,0.048,21,4,2
Montréal-Nord,Spring,Friday,2,0.0,24,4,2
Montréal-Nord,Spring,Friday,3,0.037,27,4,2
Montréal-Nord,Spring,Friday,4,0.259,27,4,2
Montréal-Nord,Spring,Friday,5,0.519,27,4,2
Montréal-Nord,Spring,Friday,6,0.556,27,4,2
Montréal-Nord,Spring,Friday,7,1.815,27,4,2
Montréal-Nord,Spring,Friday,8,1.333,27,4,2
Montréal-Nord,Spring,Friday,9,0.63,27,4,2
Montréal-Nord,Spring,Friday,10,0.963,27,4,2
Montréal-Nord,Spring,Friday,11,1.222,27,4,2
Montréal-Nord,Spring,Friday,12,1.37,27,4,2
Montréal-Nord,Spring,Friday,13,1.407,27,4,2
Montréal-Nord,Spring,Friday,14,1.333,24,4,2
Montréal-Nord,Spring,Friday,15,1.375,24,4,2
Montréal-Nord,Spring,Friday,16,1.333,30,4,2
Montréal-Nord,Spring,Friday,17,1.467,30,4,2
Montréal-Nord,Spring,Friday,18,1.367,30,4,2
Montréal-Nord,Spring,Friday,19,0.889,27,4,2
Montréal-Nord,Spring,Friday,20,1.125,24,4,2
Montréal-Nord,Spring,Friday,21,0.708,24,4,2
Montréal-Nord,Spring,Friday,22,0.792,24,4,2
Montréal-Nord,Spring,Friday,23,0.367,30,4,2
Montréal-Nord,Spring,Saturday,0,0.303,33,5,2
Montréal-Nord,Spring,Saturday,1,0.167,24,5,2
Montréal-Nord,Spring,Saturday,2,0.037,27,5,2
Montréal-Nord,Spring,Saturday,3,0.1,30,5,2
Montréal-Nord,Spring,Saturday,4,0.1,30,5,2
Montréal-Nord,Spring,Saturday,5,0.167,30,5,2
Montréal-Nord,Spring,Saturday,6,0.333,30,5,2
Montréal-Nord,Spring,Saturday,7,0.545,33,5,2
Montréal-Nord,Spring,Saturday,8,0.667,33,5,2
Montréal-Nord,Spring,Saturday,9,1.03,33,5,2
Montréal-Nord,Spring,Saturday,10,1.182,33,5,2
Montréal-Nord,Spring,Saturday,11,1.273,33,5,2
Montréal-Nord,Spring,Saturday,12,1.273,33,5,2
Montréal-Nord,Spring,Saturday,13,1.152,33,5,2
Montréal-Nord,Spring,Saturday,14,1.455,33,5,2
Montréal-Nord,Spring,Saturday,15,2.0,30,5,2
Montréal-Nord,Spring,Saturday,16,1.424,33,5,2
Montréal-Nord,Spring,Saturday,17,1.727,33,5,2
Montréal-Nord,Spring,Saturday,18,1.222,27,5,2
Montréal-Nord,Spring,Saturday,19,0.833,30,5,2
Montréal-Nord,Spring,Saturday,20,0.606,33,5,2
Montréal-Nord,Spring,Saturday,21,0.485,33,5,2
Montréal-Nord,Spring,Saturday,22,0.556,27,5,2
Montréal-Nord,Spring,Saturday,23,0.364,33,5,2
Montréal-Nord,Spring,Sunday,0,0.139,36,6,2
Montréal-Nord,Spring,Sunday,1,0.091,33,6,2
Montréal-Nord,Spring,Sunday,2,0.152,33,6,2
Montréal-Nord,Spring,Sunday,3,0.061,33,6,2
Montréal-Nord,Spring,Sunday,4,0.03,33,6,2
Montréal-Nord,Spring,Sunday,5,0.139,36,6,2
Montréal-Nord,Spring,Sunday,6,0.167,36,6,2
Montréal-Nord,Spring,Sunday,7,0.639,36,6,2
Montréal-Nord,Spring,Sunday,8,0.556,36,6,2
Montréal-Nord,Spring,Sunday,9,0.606,33,6,2
Montréal-Nord,Spring,Sunday,10,0.848,33,6,2
Montréal-Nord,Spring,Sunday,11,0.917,36,6,2
Montréal-Nord,Spring,Sunday,12,0.833,36,6,2
Montréal-Nord,Spring,Sunday,13,1.152,33,6,2
Montréal-Nord,Spring,Sunday,14,1.367,30,6,2
Montréal-Nord,Spring,Sunday,15,1.3,30,6,2
Montréal-Nord,Spring,Sunday,16,1.233,30,6,2
Montréal-Nord,Spring,Sunday,17,1.091,33,6,2
Montréal-Nord,Spring,Sunday,18,0.758,33,6,2
Montréal-Nord,Spring,Sunday,19,0.6,30,6,2
Montréal-Nord,Spring,Sunday,20,0.833,30,6,2
Montréal-Nord,Spring,Sunday,21,0.733,30,6,2
Montréal-Nord,Spring,Sunday,22,0.37,27,6,2
Montréal-Nord,Spring,Sunday,23,0.533,30,6,2
Rivière-des-Prairies–Pointe-aux-Trembles,Spring,Monday,0,0.0,12,0,2
Rivière-des-Prairies–Pointe-aux-Trembles,Spring,Monday,1,0.0,9,0,2
Rivière-des-Prairies–Pointe-aux-Trembles,Spring,Monday,2,0.0,12,0,2
Rivière-des-Prairies–Pointe-aux-Trembles,Spring,Monday,3,0.0,12,0,2
Rivière-des-Prairies–Pointe-aux-Trembles,Spring,Monday,4,0.0,12,0,2
Rivière-des-Prairies–Pointe-aux-Trembles,Spring,Monday,5,0.25,12,0,2
Rivière-des-Prairies–Pointe-aux-Trembles,Spring,Monday,6,0.0,12,0,2
Rivière-des-Prairies–Pointe-aux-Trembles,Spring,Monday,7,0.0,13,0,2
Rivière-des-Prairies–Pointe-aux-Trembles,Spring,Monday,8,0.0,12,0,2
Rivière-des-Prairies–Pointe-aux-Trembles,Spring,Monday,9,0.083,12,0,2
Rivière-des-Prairies–Pointe-aux-Trembles,Spring,Monday,10,0.083,12,0,2
Rivière-des-Prairies–Pointe-aux-Trembles,Spring,Monday,11,0.0,11,0,2
Rivière-des-Prairies–Pointe-aux-Trembles,Spring,Monday,12,0.111,9,0,2
Rivière-des-Prairies–Pointe-aux-Trembles,Spring,Monday,13,0.111,9,0,2
Rivière-des-Prairies–Pointe-aux-Trembles,Spring,Monday,14,0.0,9,0,2
Rivière-des-Prairies–Pointe-aux-Trembles,Spring,Monday,15,0.125,8,0,2
Rivière-des-Prairies–Pointe-aux-Trembles,Spring,Monday,16,0.0,9,0,2
Rivière-des-Prairies–Pointe-aux-Trembles,Spring,Monday,17,0.2,10,0,2
Rivière-des-Prairies–Pointe-aux-Trembles,Spring,Monday,18,0.125,8,0,2
Rivière-des-Prairies–Pointe-aux-Trembles,Spring,Monday,19,0.222,9,0,2
Rivière-des-Prairies–Pointe-aux-Trembles,Spring,Monday,20,0.0,9,0,2
Rivière-des-Prairies–Pointe-aux-Trembles,Spring,Monday,21,0.125,8,0,2
Rivière-des-Prairies–Pointe-aux-Trembles,Spring,Monday,22,0.125,8,0,2
Rivière-des-Prairies–Pointe-aux-Trembles,Spring,Monday,23,0.0,9,0,2
Rivière-des-Prairies–Pointe-aux-Trembles,Spring,Tuesday,0,0.0,11,1,2
Rivière-des-Prairies–Pointe-aux-Trembles,Spring,Tuesday,1,0.1,10,1,2
Rivière-des-Prairies–Pointe-aux-Trembles,Spring,Tuesday,2,0.0,9,1,2
Rivière-des-Prairies–Pointe-aux-Trembles,Spring,Tuesday,3,0.0,9,1,2
Rivière-des-Prairies–Pointe-aux-Trembles,Spring,Tuesday,4,0.111,9,1,2
Rivière-des-Prairies–Pointe-aux-Trembles,Spring,Tuesday,5,0.0,9,1,2
Rivière-des-Prairies–Pointe-aux-Trembles,Spring,Tuesday,6,0.1,10,1,2
Rivière-des-Prairies–Pointe-aux-Trembles,Spring,Tuesday,7,0.1,10,1,2
Rivière-des-Prairies–Pointe-aux-Trembles,Spring,Tuesday,8,0.111,9,1,2
Rivière-des-Prairies–Pointe-aux-Trembles,Spring,Tuesday,9,0.125,8,1,2
Rivière-des-Prairies–Pointe-aux-Trembles,Spring,Tuesday,10,0.0,8,1,2
Rivière-des-Prairies–Pointe-aux-Trembles,Spring,Tuesday,11,0.0,8,1,2
Rivière-des-Prairies–Pointe-aux-Trembles,Spring,Tuesday,12,0.125,8,1,2
Rivière-des-Prairies–Pointe-aux-Trembles,Spring,Tuesday,13,0.375,8,1,2
Rivière-des-Prairies–Pointe-aux-Trembles,Spring,Tuesday,14,0.125,8,1,2
Rivière-des-Prairies–Pointe-aux-Trembles,Spring,Tuesday,15,0.286,7,1,2
Rivière-des-Prairies–Pointe-aux-Trembles,Spring,Tuesday,16,0.0,9,1,2
Rivière-des-Prairies–Pointe-aux-Trembles,Spring,Tuesday,17,0.0,9,1,2
Rivière-des-Prairies–Pointe-aux-Trembles,Spring,Tuesday,18,0.222,9,1,2
Rivière-des-Prairies–Pointe-aux-Trembles,Spring,Tuesday,19,0.0,9,1,2
Rivière-des-Prairies–Pointe-aux-Trembles,Spring,Tuesday,20,0.091,11,1,2
Rivière-des-Prairies–Pointe-aux-Trembles,Spring,Tuesday,21,0.364,11,1,2
Rivière-des-Prairies–Pointe-aux-Trembles,Spring,Tuesday,22,0.222,9,1,2
Rivière-des-Prairies–Pointe-aux-Trembles,Spring,Tuesday,23,0.083,12,1,2
Rivière-des-Prairies–Pointe-aux-Trembles,Spring,Wednesday,0,0.0,11,2,2
Rivière-des-Prairies–Pointe-aux-Trembles,Spring,Wednesday,1,0.0,7,2,2
Rivière-des-Prairies–Pointe-aux-Trembles,Spring,Wednesday,2,0.0,8,2,2
Rivière-des-Prairies–Pointe-aux-Trembles,Spring,Wednesday,3,0.0,8,2,2
Rivière-des-Prairies–Pointe-aux-Trembles,Spring,Wednesday,4,0.0,9,2,2
Rivière-des-Prairies–Pointe-aux-Trembles,Spring,Wednesday,5,0.0,9,2,2
Rivière-des-Prairies–Pointe-aux-Trembles,Spring,Wednesday,6,0.0,9,2,2
Rivière-des-Prairies–Pointe-aux-Trembles,Spring,Wednesday,7,0.111,9,2,2
Rivière-des-Prairies–Pointe-aux-Trembles,Spring,Wednesday,8,0.0,9,2,2
Rivière-des-Prairies–Pointe-aux-Trembles,Spring,Wednesday,9,0.0,9,2,2
Rivière-des-Prairies–Pointe-aux-Trembles,Spring,Wednesday,10,0.111,9,2,2
Rivière-des-Prairies–Pointe-aux-Trembles,Spring,Wednesday,11,0.0,7,2,2
Rivière-des-Prairies–Pointe-aux-Trembles,Spring,Wednesday,12,0.0,7,2,2
Rivière-des-Prairies–Pointe-aux-Trembles,Spring,Wednesday,13,0.0,8,2,2
Rivière-des-Prairies–Pointe-aux-Trembles,Spring,Wednesday,14,0.0,7,2,2
Rivière-des-Prairies–Pointe-aux-Trembles,Spring,Wednesday,15,0.2,5,2,2
Rivière-des-Prairies–Pointe-aux-Trembles,Spring,Wednesday,16,0.0,6,2,2
Rivière-des-Prairies–Pointe-aux-Trembles,Spring,Wednesday,17,0.286,7,2,2
Rivière-des-Prairies–Pointe-aux-Trembles,Spring,Wednesday,18,0.0,9,2,2
Rivière-des-Prairies–Pointe-aux-Trembles,Spring,Wednesday,19,0.125,8,2,2
Rivière-des-Prairies–Pointe-aux-Trembles,Spring,Wednesday,20,0.0,9,2,2
Rivière-des-Prairies–Pointe-aux-Trembles,Spring,Wednesday,21,0.0,9,2,2
Rivière-des-Prairies–Pointe-aux-Trembles,Spring,Wednesday,22,0.0,9,2,2
Rivière-des-Prairies–Pointe-aux-Trembles,Spring,Wednesday,23,0.0,10,2,2
Rivière-des-Prairies–Pointe-aux-Trembles,Spring,Thursday,0,0.0,11,3,2
Rivière-des-Prairies–Pointe-aux-Trembles,Spring,Thursday,1,0.0,8,3,2
Rivière-des-Prairies–Pointe-aux-Trembles,Spring,Thursday,2,0.0,9,3,2
Rivière-des-Prairies–Pointe-aux-Trembles,Spring,Thursday,3,0.0,9,3,2
Rivière-des-Prairies–Pointe-aux-Trembles,Spring,Thursday,4,0.111,9,3,2
Rivière-des-Prairies–Pointe-aux-Trembles,Spring,Thursday,5,0.0,9,3,2
Rivière-des-Prairies–Pointe-aux-Trembles,Spring,Thursday,6,0.0,9,3,2
Rivière-des-Prairies–Pointe-aux-Trembles,Spring,Thursday,7,0.111,9,3,2
Rivière-des-Prairies–Pointe-aux-Trembles,Spring,Thursday,8,0.0,9,3,2
Rivière-des-Prairies–Pointe-aux-Trembles,Spring,Thursday,9,0.0,8,3,2
Rivière-des-Prairies–Pointe-aux-Trembles,Spring,Thursday,10,0.143,7,3,2
Rivière-des-Prairies–Pointe-aux-Trembles,Spring,Thursday,11,0.0,6,3,2
Rivière-des-Prairies–Pointe-aux-Trembles,Spring,Thursday,12,0.167,6,3,2
Rivière-des-Prairies–Pointe-aux-Trembles,Spring,Thursday,13,0.286,7,3,2
Rivière-des-Prairies–Pointe-aux-Trembles,Spring,Thursday,14,0.0,7,3,2
Rivière-des-Prairies–Pointe-aux-Trembles,Spring,Thursday,15,0.0,6,3,2
Rivière-des-Prairies–Pointe-aux-Trembles,Spring,Thursday,16,0.143,7,3,2
Rivière-des-Prairies–Pointe-aux-Trembles,Spring,Thursday,17,0.0,7,3,2
Rivière-des-Prairies–Pointe-aux-Trembles,Spring,Thursday,18,0.333,9,3,2
Rivière-des-Prairies–Pointe-aux-Trembles,Spring,Thursday,19,0.222,9,3,2
Rivière-des-Prairies–Pointe-aux-Trembles,Spring,Thursday,20,0.0,8,3,2
Rivière-des-Prairies–Pointe-aux-Trembles,Spring,Thursday,21,0.0,8,3,2
Rivière-des-Prairies–Pointe-aux-Trembles,Spring,Thursday,22,0.0,7,3,2
Rivière-des-Prairies–Pointe-aux-Trembles,Spring,Thursday,23,0.0,9,3,2
Rivière-des-Prairies–Pointe-aux-Trembles,Spring,Friday,0,0.0,9,4,2
Rivière-des-Prairies–Pointe-aux-Trembles,Spring,Friday,1,0.0,7,4,2
Rivière-des-Prairies–Pointe-aux-Trembles,Spring,Friday,2,0.0,8,4,2
Rivière-des-Prairies–Pointe-aux-Trembles,Spring,Friday,3,0.222,9,4,2
Rivière-des-Prairies–Pointe-aux-Trembles,Spring,Friday,4,0.111,9,4,2
Rivière-des-Prairies–Pointe-aux-Trembles,Spring,Friday,5,0.111,9,4,2
Rivière-des-Prairies–Pointe-aux-Trembles,Spring,Friday,6,0.111,9,4,2
Rivière-des-Prairies–Pointe-aux-Trembles,Spring,Friday,7,0.0,9,4,2
Rivière-des-Prairies–Pointe-aux-Trembles,Spring,Friday,8,0.111,9,4,2
Rivière-des-Prairies–Pointe-aux-Trembles,Spring,Friday,9,0.0,9,4,2
Rivière-des-Prairies–Pointe-aux-Trembles,Spring,Friday,10,0.0,9,4,2
Rivière-des-Prairies–Pointe-aux-Trembles,Spring,Friday,11,0.111,9,4,2
Rivière-des-Prairies–Pointe-aux-Trembles,Spring,Friday,12,0.0,9,4,2
Rivière-des-Prairies–Pointe-aux-Trembles,Spring,Friday,13,0.111,9,4,2
Rivière-des-Prairies–Pointe-aux-Trembles,Spring,Friday,14,0.375,8,4,2
Rivière-des-Prairies–Pointe-aux-Trembles,Spring,Friday,15,0.125,8,4,2
Rivière-des-Prairies–Pointe-aux-Trembles,Spring,Friday,16,0.1,10,4,2
Rivière-des-Prairies–Pointe-aux-Trembles,Spring,Friday,17,0.1,10,4,2
Rivière-des-Prairies–Pointe-aux-Trembles,Spring,Friday,18,0.2,10,4,2
Rivière-des-Prairies–Pointe-aux-Trembles,Spring,Friday,19,0.111,9,4,2
Rivière-des-Prairies–Pointe-aux-Trembles,Spring,Friday,20,0.0,8,4,2
Rivière-des-Prairies–Pointe-aux-Trembles,Spring,Friday,21,0.125,8,4,2
Rivière-des-Prairies–Pointe-aux-Trembles,Spring,Friday,22,0.0,8,4,2
Rivière-des-Prairies–Pointe-aux-Trembles,Spring,Friday,23,0.0,10,4,2
Rivière-des-Prairies–Pointe-aux-Trembles,Spring,Saturday,0,0.0,11,5,2
Rivière-des-Prairies–Pointe-aux-Trembles,Spring,Saturday,1,0.0,8,5,2
Rivière-des-Prairies–Pointe-aux-Trembles,Spring,Saturday,2,0.111,9,5,2
Rivière-des-Prairies–Pointe-aux-Trembles,Spring,Saturday,3,0.0,10,5,2
Rivière-des-Prairies–Pointe-aux-Trembles,Spring,Saturday,4,0.3,10,5,2
Rivière-des-Prairies–Pointe-aux-Trembles,Spring,Saturday,5,0.1,10,5,2
Rivière-des-Prairies–Pointe-aux-Trembles,Spring,Saturday,6,0.0,10,5,2
Rivière-des-Prairies–Pointe-aux-Trembles,Spring,Saturday,7,0.091,11,5,2
Rivière-des-Prairies–Pointe-aux-Trembles,Spring,Saturday,8,0.0,11,5,2
Rivière-des-Prairies–Pointe-aux-Trembles,Spring,Saturday,9,0.091,11,5,2
Rivière-des-Prairies–Pointe-aux-Trembles,Spring,Saturday,10,0.091,11,5,2
Rivière-des-Prairies–Pointe-aux-Trembles,Spring,Saturday,11,0.0,11,5,2
Rivière-des-Prairies–Pointe-aux-Trembles,Spring,Saturday,12,0.182,11,5,2
Rivière-des-Prairies–Pointe-aux-Trembles,Spring,Saturday,13,0.0,11,5,2
Rivière-des-Prairies–Pointe-aux-Trembles,Spring,Saturday,14,0.182,11,5,2
Rivière-des-Prairies–Pointe-aux-Trembles,Spring,Saturday,15,0.0,10,5,2
Rivière-des-Prairies–Pointe-aux-Trembles,Spring,Saturday,16,0.182,11,5,2
Rivière-des-Prairies–Pointe-aux-Trembles,Spring,Saturday,17,0.091,11,5,2
Rivière-des-Prairies–Pointe-aux-Trembles,Spring,Saturday,18,0.111,9,5,2
Rivière-des-Prairies–Pointe-aux-Trembles,Spring,Saturday,19,0.2,10,5,2
Rivière-des-Prairies–Pointe-aux-Trembles,Spring,Saturday,20,0.182,11,5,2
Rivière-des-Prairies–Pointe-aux-Trembles,Spring,Saturday,21,0.0,11,5,2
Rivière-des-Prairies–Pointe-aux-Trembles,Spring,Saturday,22,0.111,9,5,2
Rivière-des-Prairies–Pointe-aux-Trembles,Spring,Saturday,23,0.091,11,5,2
Rivière-des-Prairies–Pointe-aux-Trembles,Spring,Sunday,0,0.0,12,6,2
Rivière-des-Prairies–Pointe-aux-Trembles,Spring,Sunday,1,0.182,11,6,2
Rivière-des-Prairies–Pointe-aux-Trembles,Spring,Sunday,2,0.091,11,6,2
Rivière-des-Prairies–Pointe-aux-Trembles,Spring,Sunday,3,0.091,11,6,2
Rivière-des-Prairies–Pointe-aux-Trembles,Spring,Sunday,4,0.0,11,6,2
Rivière-des-Prairies–Pointe-aux-Trembles,Spring,Sunday,5,0.0,12,6,2
Rivière-des-Prairies–Pointe-aux-Trembles,Spring,Sunday,6,0.0,12,6,2
Rivière-des-Prairies–Pointe-aux-Trembles,Spring,Sunday,7,0.0,12,6,2
Rivière-des-Prairies–Pointe-aux-Trembles,Spring,Sunday,8,0.0,12,6,2
Rivière-des-Prairies–Pointe-aux-Trembles,Spring,Sunday,9,0.0,11,6,2
Rivière-des-Prairies–Pointe-aux-Trembles,Spring,Sunday,10,0.0,11,6,2
Rivière-des-Prairies–Pointe-aux-Trembles,Spring,Sunday,11,0.0,12,6,2
Rivière-des-Prairies–Pointe-aux-Trembles,Spring,Sunday,12,0.083,12,6,2
Rivière-des-Prairies–Pointe-aux-Trembles,Spring,Sunday,13,0.091,11,6,2
Rivière-des-Prairies–Pointe-aux-Trembles,Spring,Sunday,14,0.1,10,6,2
Rivière-des-Prairies–Pointe-aux-Trembles,Spring,Sunday,15,0.2,10,6,2
Rivière-des-Prairies–Pointe-aux-Trembles,Spring,Sunday,16,0.0,10,6,2
Rivière-des-Prairies–Pointe-aux-Trembles,Spring,Sunday,17,0.0,11,6,2
Rivière-des-Prairies–Pointe-aux-Trembles,Spring,Sunday,18,0.091,11,6,2
Rivière-des-Prairies–Pointe-aux-Trembles,Spring,Sunday,19,0.2,10,6,2
Rivière-des-Prairies–Pointe-aux-Trembles,Spring,Sunday,20,0.0,10,6,2
Rivière-des-Prairies–Pointe-aux-Trembles,Spring,Sunday,21,0.0,10,6,2
Rivière-des-Prairies–Pointe-aux-Trembles,Spring,Sunday,22,0.111,9,6,2
Rivière-des-Prairies–Pointe-aux-Trembles,Spring,Sunday,23,0.0,10,6,2
Rosemont–La Petite-Patrie,Spring,Monday,0,3.0,24,0,2
Rosemont–La Petite-Patrie,Spring,Monday,1,1.833,18,0,2
Rosemont–La Petite-Patrie,Spring,Monday,2,1.083,24,0,2
Rosemont–La Petite-Patrie,Spring,Monday,3,0.667,24,0,2
Rosemont–La Petite-Patrie,Spring,Monday,4,1.042,24,0,2
Rosemont–La Petite-Patrie,Spring,Monday,5,2.458,24,0,2
Rosemont–La Petite-Patrie,Spring,Monday,6,5.5,24,0,2
Rosemont–La Petite-Patrie,Spring,Monday,7,16.231,26,0,2
Rosemont–La Petite-Patrie,Spring,Monday,8,31.333,24,0,2
Rosemont–La Petite-Patrie,Spring,Monday,9,12.667,24,0,2
Rosemont–La Petite-Patrie,Spring,Monday,10,9.417,24,0,2
Rosemont–La Petite-Patrie,Spring,Monday,11,12.636,22,0,2
Rosemont–La Petite-Patrie,Spring,Monday,12,15.111,18,0,2
Rosemont–La Petite-Patrie,Spring,Monday,13,15.5,18,0,2
Rosemont–La Petite-Patrie,Spring,Monday,14,18.056,18,0,2
Rosemont–La Petite-Patrie,Spring,Monday,15,33.25,16,0,2
Rosemont–La Petite-Patrie,Spring,Monday,16,35.944,18,0,2
Rosemont–La Petite-Patrie,Spring,Monday,17,45.65,20,0,2
Rosemont–La Petite-Patrie,Spring,Monday,18,30.188,16,0,2
Rosemont–La Petite-Patrie,Spring,Monday,19,24.056,18,0,2
Rosemont–La Petite-Patrie,Spring,Monday,20,12.167,18,0,2
Rosemont–La Petite-Patrie,Spring,Monday,21,12.688,16,0,2
Rosemont–La Petite-Patrie,Spring,Monday,22,7.562,16,0,2
Rosemont–La Petite-Patrie,Spring,Monday,23,9.889,18,0,2
Rosemont–La Petite-Patrie,Spring,Tuesday,0,4.136,22,1,2
Rosemont–La Petite-Patrie,Spring,Tuesday,1,1.65,20,1,2
Rosemont–La Petite-Patrie,Spring,Tuesday,2,1.5,18,1,2
Rosemont–La Petite-Patrie,Spring,Tuesday,3,1.444,18,1,2
Rosemont–La Petite-Patrie,Spring,Tuesday,4,1.111,18,1,2
Rosemont–La Petite-Patrie,Spring,Tuesday,5,3.222,18,1,2
Rosemont–La Petite-Patrie,Spring,Tuesday,6,8.5,20,1,2
Rosemont–La Petite-Patrie,Spring,Tuesday,7,31.9,20,1,2
Rosemont–La Petite-Patrie,Spring,Tuesday,8,46.45,20,1,2
Rosemont–La Petite-Patrie,Spring,Tuesday,9,28.188,16,1,2
Rosemont–La Petite-Patrie,Spring,Tuesday,10,21.062,16,1,2
Rosemont–La Petite-Patrie,Spring,Tuesday,11,20.812,16,1,2
Rosemont–La Petite-Patrie,Spring,Tuesday,12,26.062,16,1,2
Rosemont–La Petite-Patrie,Spring,Tuesday,13,25.188,16,1,2
Rosemont–La Petite-Patrie,Spring,Tuesday,14,17.062,16,1,2
Rosemont–La Petite-Patrie,Spring,Tuesday,15,37.643,14,1,2
Rosemont–La Petite-Patrie,Spring,Tuesday,16,52.167,18,1,2
Rosemont–La Petite-Patrie,Spring,Tuesday,17,71.556,18,1,2
Rosemont–La Petite-Patrie,Spring,Tuesday,18,41.389,18,1,2
Rosemont–La Petite-Patrie,Spring,Tuesday,19,26.389,18,1,2
Rosemont–La Petite-Patrie,Spring,Tuesday,20,20.409,22,1,2
Rosemont–La Petite-Patrie,Spring,Tuesday,21,14.909,22,1,2
Rosemont–La Petite-Patrie,Spring,Tuesday,22,15.444,18,1,2
Rosemont–La Petite-Patrie,Spring,Tuesday,23,7.042,24,1,2
Rosemont–La Petite-Patrie,Spring,Wednesday,0,3.045,22,2,2
Rosemont–La Petite-Patrie,Spring,Wednesday,1,1.5,14,2,2
Rosemont–La Petite-Patrie,Spring,Wednesday,2,0.688,16,2,2
Rosemont–La Petite-Patrie,Spring,Wednesday,3,0.5,16,2,2
Rosemont–La Petite-Patrie,Spring,Wednesday,4,1.278,18,2,2
Rosemont–La Petite-Patrie,Spring,Wednesday,5,2.722,18,2,2
Rosemont–La Petite-Patrie,Spring,Wednesday,6,6.611,18,2,2
Rosemont–La Petite-Patrie,Spring,Wednesday,7,20.278,18,2,2
Rosemont–La Petite-Patrie,Spring,Wednesday,8,32.765,17,2,2
Rosemont–La Petite-Patrie,Spring,Wednesday,9,15.588,17,2,2
Rosemont–La Petite-Patrie,Spring,Wednesday,10,12.167,18,2,2
Rosemont–La Petite-Patrie,Spring,Wednesday,11,8.571,14,2,2
Rosemont–La Petite-Patrie,Spring,Wednesday,12,8.786,14,2,2
Rosemont–La Petite-Patrie,Spring,Wednesday,13,10.562,16,2,2
Rosemont–La Petite-Patrie,Spring,Wednesday,14,7.0,14,2,2
Rosemont–La Petite-Patrie,Spring,Wednesday,15,10.3,10,2,2
Rosemont–La Petite-Patrie,Spring,Wednesday,16,17.083,12,2,2
Rosemont–La Petite-Patrie,Spring,Wednesday,17,29.143,14,2,2
Rosemont–La Petite-Patrie,Spring,Wednesday,18,22.389,18,2,2
Rosemont–La Petite-Patrie,Spring,Wednesday,19,20.938,16,2,2
Rosemont–La Petite-Patrie,Spring,Wednesday,20,15.278,18,2,2
Rosemont–La Petite-Patrie,Spring,Wednesday,21,7.389,18,2,2
Rosemont–La Petite-Patrie,Spring,Wednesday,22,9.647,17,2,2
Rosemont–La Petite-Patrie,Spring,Wednesday,23,5.947,19,2,2
Rosemont–La Petite-Patrie,Spring,Thursday,0,2.091,22,3,2
Rosemont–La Petite-Patrie,Spring,Thursday,1,1.312,16,3,2
Rosemont–La Petite-Patrie,Spring,Thursday,2,0.611,18,3,2
Rosemont–La Petite-Patrie,Spring,Thursday,3,0.722,18,3,2
Rosemont–La Petite-Patrie,Spring,Thursday,4,0.833,18,3,2
Rosemont–La Petite-Patrie,Spring,Thursday,5,2.0,18,3,2
Rosemont–La Petite-Patrie,Spring,Thursday,6,5.889,18,3,2
Rosemont–La Petite-Patrie,Spring,Thursday,7,18.611,18,3,2
Rosemont–La Petite-Patrie,Spring,Thursday,8,37.389,18,3,2
Rosemont–La Petite-Patrie,Spring,Thursday,9,18.0,16,3,2
Rosemont–La Petite-Patrie,Spring,Thursday,10,14.429,14,3,2
Rosemont–La Petite-Patrie,Spring,Thursday,11,14.417,12,3,2
Rosemont–La Petite-Patrie,Spring,Thursday,12,18.417,12,3,2
Rosemont–La Petite-Patrie,Spring,Thursday,13,19.0,14,3,2
Rosemont–La Petite-Patrie,Spring,Thursday,14,15.786,14,3,2
Rosemont–La Petite-Patrie,Spring,Thursday,15,18.083,12,3,2
Rosemont–La Petite-Patrie,Spring,Thursday,16,35.071,14,3,2
Rosemont–La Petite-Patrie,Spring,Thursday,17,37.857,14,3,2
Rosemont–La Petite-Patrie,Spring,Thursday,18,25.5,18,3,2
Rosemont–La Petite-Patrie,Spring,Thursday,19,16.889,18,3,2
Rosemont–La Petite-Patrie,Spring,Thursday,20,13.25,16,3,2
Rosemont–La Petite-Patrie,Spring,Thursday,21,14.0,15,3,2
Rosemont–La Petite-Patrie,Spring,Thursday,22,10.929,14,3,2
Rosemont–La Petite-Patrie,Spring,Thursday,23,8.778,18,3,2
Rosemont–La Petite-Patrie,Spring,Friday,0,3.667,18,4,2
Rosemont–La Petite-Patrie,Spring,Friday,1,2.143,14,4,2
Rosemont–La Petite-Patrie,Spring,Friday,2,1.5,16,4,2
Rosemont–La Petite-Patrie,Spring,Friday,3,0.944,18,4,2
Rosemont–La Petite-Patrie,Spring,Friday,4,1.556,18,4,2
Rosemont–La Petite-Patrie,Spring,Friday,5,2.167,18,4,2
Rosemont–La Petite-Patrie,Spring,Friday,6,5.5,18,4,2
Rosemont–La Petite-Patrie,Spring,Friday,7,20.611,18,4,2
Rosemont–La Petite-Patrie,Spring,Friday,8,37.5,18,4,2
Rosemont–La Petite-Patrie,Spring,Friday,9,20.889,18,4,2
Rosemont–La Petite-Patrie,Spring,Friday,10,20.389,18,4,2
Rosemont–La Petite-Patrie,Spring,Friday,11,17.5,18,4,2
Rosemont–La Petite-Patrie,Spring,Friday,12,24.944,18,4,2
Rosemont–La Petite-Patrie,Spring,Friday,13,20.611,18,4,2
Rosemont–La Petite-Patrie,Spring,Friday,14,24.062,16,4,2
Rosemont–La Petite-Patrie,Spring,Friday,15,30.75,16,4,2
Rosemont–La Petite-Patrie,Spring,Friday,16,41.45,20,4,2
Rosemont–La Petite-Patrie,Spring,Friday,17,35.75,20,4,2
Rosemont–La Petite-Patrie,Spring,Friday,18,29.4,20,4,2
Rosemont–La Petite-Patrie,Spring,Friday,19,18.944,18,4,2
Rosemont–La Petite-Patrie,Spring,Friday,20,16.125,16,4,2
Rosemont–La Petite-Patrie,Spring,Friday,21,16.688,16,4,2
Rosemont–La Petite-Patrie,Spring,Friday,22,15.938,16,4,2
Rosemont–La Petite-Patrie,Spring,Friday,23,11.2,20,4,2
Rosemont–La Petite-Patrie,Spring,Saturday,0,6.227,22,5,2
Rosemont–La Petite-Patrie,Spring,Saturday,1,7.938,16,5,2
Rosemont–La Petite-Patrie,Spring,Saturday,2,3.944,18,5,2
Rosemont–La Petite-Patrie,Spring,Saturday,3,2.45,20,5,2
Rosemont–La Petite-Patrie,Spring,Saturday,4,1.15,20,5,2
Rosemont–La Petite-Patrie,Spring,Saturday,5,1.3,20,5,2
Rosemont–La Petite-Patrie,Spring,Saturday,6,1.7,20,5,2
Rosemont–La Petite-Patrie,Spring,Saturday,7,4.045,22,5,2
Rosemont–La Petite-Patrie,Spring,Saturday,8,9.136,22,5,2
Rosemont–La Petite-Patrie,Spring,Saturday,9,13.5,22,5,2
Rosemont–La Petite-Patrie,Spring,Saturday,10,18.682,22,5,2
Rosemont–La Petite-Patrie,Spring,Saturday,11,22.773,22,5,2
Rosemont–La Petite-Patrie,Spring,Saturday,12,28.955,22,5,2
Rosemont–La Petite-Patrie,Spring,Saturday,13,31.5,22,5,2
Rosemont–La Petite-Patrie,Spring,Saturday,14,32.545,22,5,2
Rosemont–La Petite-Patrie,Spring,Saturday,15,38.6,20,5,2
Rosemont–La Petite-Patrie,Spring,Saturday,16,36.227,22,5,2
Rosemont–La Petite-Patrie,Spring,Saturday,17,26.545,22,5,2
Rosemont–La Petite-Patrie,Spring,Saturday,18,21.333,18,5,2
Rosemont–La Petite-Patrie,Spring,Saturday,19,15.15,20,5,2
Rosemont–La Petite-Patrie,Spring,Saturday,20,10.364,22,5,2
Rosemont–La Petite-Patrie,Spring,Saturday,21,8.773,22,5,2
Rosemont–La Petite-Patrie,Spring,Saturday,22,9.833,18,5,2
Rosemont–La Petite-Patrie,Spring,Saturday,23,10.591,22,5,2
Rosemont–La Petite-Patrie,Spring,Sunday,0,7.833,24,6,2
Rosemont–La Petite-Patrie,Spring,Sunday,1,5.227,22,6,2
Rosemont–La Petite-Patrie,Spring,Sunday,2,3.636,22,6,2
Rosemont–La Petite-Patrie,Spring,Sunday,3,2.818,22,6,2
Rosemont–La Petite-Patrie,Spring,Sunday,4,1.636,22,6,2
Rosemont–La Petite-Patrie,Spring,Sunday,5,1.458,24,6,2
Rosemont–La Petite-Patrie,Spring,Sunday,6,2.042,24,6,2
Rosemont–La Petite-Patrie,Spring,Sunday,7,2.5,24,6,2
Rosemont–La Petite-Patrie,Spring,Sunday,8,5.958,24,6,2
Rosemont–La Petite-Patrie,Spring,Sunday,9,9.273,22,6,2
Rosemont–La Petite-Patrie,Spring,Sunday,10,14.409,22,6,2
Rosemont–La Petite-Patrie,Spring,Sunday,11,19.125,24,6,2
Rosemont–La Petite-Patrie,Spring,Sunday,12,20.75,24,6,2
Rosemont–La Petite-Patrie,Spring,Sunday,13,24.182,22,6,2
Rosemont–La Petite-Patrie,Spring,Sunday,14,24.8,20,6,2
Rosemont–La Petite-Patrie,Spring,Sunday,15,26.5,20,6,2
Rosemont–La Petite-Patrie,Spring,Sunday,16,27.95,20,6,2
Rosemont–La Petite-Patrie,Spring,Sunday,17,23.227,22,6,2
Rosemont–La Petite-Patrie,Spring,Sunday,18,17.591,22,6,2
Rosemont–La Petite-Patrie,Spring,Sunday,19,13.8,20,6,2
Rosemont–La Petite-Patrie,Spring,Sunday,20,6.85,20,6,2
Rosemont–La Petite-Patrie,Spring,Sunday,21,10.15,20,6,2
Rosemont–La Petite-Patrie,Spring,Sunday,22,8.833,18,6,2
Rosemont–La Petite-Patrie,Spring,Sunday,23,6.3,20,6,2
Saint-Laurent,Spring,Monday,0,0.667,12,0,2
Saint-Laurent,Spring,Monday,1,0.222,9,0,2
Saint-Laurent,Spring,Monday,2,0.25,12,0,2
Saint-Laurent,Spring,Monday,3,0.167,12,0,2
Saint-Laurent,Spring,Monday,4,0.25,12,0,2
Saint-Laurent,Spring,Monday,5,1.083,12,0,2
Saint-Laurent,Spring,Monday,6,2.833,12,0,2
Saint-Laurent,Spring,Monday,7,5.538,13,0,2
Saint-Laurent,Spring,Monday,8,5.667,12,0,2
Saint-Laurent,Spring,Monday,9,3.833,12,0,2
Saint-Laurent,Spring,Monday,10,3.846,13,0,2
Saint-Laurent,Spring,Monday,11,5.273,11,0,2
Saint-Laurent,Spring,Monday,12,8.222,9,0,2
Saint-Laurent,Spring,Monday,13,5.222,9,0,2
Saint-Laurent,Spring,Monday,14,8.667,9,0,2
Saint-Laurent,Spring,Monday,15,16.125,8,0,2
Saint-Laurent,Spring,Monday,16,21.0,9,0,2
Saint-Laurent,Spring,Monday,17,21.8,10,0,2
Saint-Laurent,Spring,Monday,18,15.333,9,0,2
Saint-Laurent,Spring,Monday,19,8.889,9,0,2
Saint-Laurent,Spring,Monday,20,4.333,9,0,2
Saint-Laurent,Spring,Monday,21,3.0,8,0,2
Saint-Laurent,Spring,Monday,22,1.75,8,0,2
Saint-Laurent,Spring,Monday,23,2.0,9,0,2
Saint-Laurent,Spring,Tuesday,0,1.182,11,1,2
Saint-Laurent,Spring,Tuesday,1,0.1,10,1,2
Saint-Laurent,Spring,Tuesday,2,1.111,9,1,2
Saint-Laurent,Spring,Tuesday,3,0.0,9,1,2
Saint-Laurent,Spring,Tuesday,4,0.111,9,1,2
Saint-Laurent,Spring,Tuesday,5,1.0,9,1,2
Saint-Laurent,Spring,Tuesday,6,5.1,10,1,2
Saint-Laurent,Spring,Tuesday,7,10.9,10,1,2
Saint-Laurent,Spring,Tuesday,8,8.9,10,1,2
Saint-Laurent,Spring,Tuesday,9,7.625,8,1,2
Saint-Laurent,Spring,Tuesday,10,7.25,8,1,2
Saint-Laurent,Spring,Tuesday,11,7.5,8,1,2
Saint-Laurent,Spring,Tuesday,12,13.25,8,1,2
Saint-Laurent,Spring,Tuesday,13,10.75,8,1,2
Saint-Laurent,Spring,Tuesday,14,11.0,8,1,2
Saint-Laurent,Spring,Tuesday,15,24.429,7,1,2
Saint-Laurent,Spring,Tuesday,16,38.625,8,1,2
Saint-Laurent,Spring,Tuesday,17,33.556,9,1,2
Saint-Laurent,Spring,Tuesday,18,25.0,9,1,2
Saint-Laurent,Spring,Tuesday,19,11.889,9,1,2
Saint-Laurent,Spring,Tuesday,20,7.455,11,1,2
Saint-Laurent,Spring,Tuesday,21,6.727,11,1,2
Saint-Laurent,Spring,Tuesday,22,3.7,10,1,2
Saint-Laurent,Spring,Tuesday,23,2.0,12,1,2
Saint-Laurent,Spring,Wednesday,0,1.273,11,2,2
Saint-Laurent,Spring,Wednesday,1,0.0,7,2,2
Saint-Laurent,Spring,Wednesday,2,0.875,8,2,2
Saint-Laurent,Spring,Wednesday,3,0.375,8,2,2
Saint-Laurent,Spring,Wednesday,4,0.444,9,2,2
Saint-Laurent,Spring,Wednesday,5,1.444,9,2,2
Saint-Laurent,Spring,Wednesday,6,3.333,9,2,2
Saint-Laurent,Spring,Wednesday,7,7.0,9,2,2
Saint-Laurent,Spring,Wednesday,8,6.556,9,2,2
Saint-Laurent,Spring,Wednesday,9,3.333,9,2,2
Saint-Laurent,Spring,Wednesday,10,4.444,9,2,2
Saint-Laurent,Spring,Wednesday,11,2.429,7,2,2
Saint-Laurent,Spring,Wednesday,12,2.286,7,2,2
Saint-Laurent,Spring,Wednesday,13,3.625,8,2,2
Saint-Laurent,Spring,Wednesday,14,3.571,7,2,2
Saint-Laurent,Spring,Wednesday,15,4.6,5,2,2
Saint-Laurent,Spring,Wednesday,16,15.167,6,2,2
Saint-Laurent,Spring,Wednesday,17,16.857,7,2,2
Saint-Laurent,Spring,Wednesday,18,9.778,9,2,2
Saint-Laurent,Spring,Wednesday,19,7.0,8,2,2
Saint-Laurent,Spring,Wednesday,20,4.556,9,2,2
Saint-Laurent,Spring,Wednesday,21,1.333,9,2,2
Saint-Laurent,Spring,Wednesday,22,1.333,9,2,2
Saint-Laurent,Spring,Wednesday,23,1.4,10,2,2
Saint-Laurent,Spring,Thursday,0,0.727,11,3,2
Saint-Laurent,Spring,Thursday,1,0.625,8,3,2
Saint-Laurent,Spring,Thursday,2,0.444,9,3,2
Saint-Laurent,Spring,Thursday,3,0.0,9,3,2
Saint-Laurent,Spring,Thursday,4,0.111,9,3,2
Saint-Laurent,Spring,Thursday,5,1.0,9,3,2
Saint-Laurent,Spring,Thursday,6,3.333,9,3,2
Saint-Laurent,Spring,Thursday,7,6.667,9,3,2
Saint-Laurent,Spring,Thursday,8,7.889,9,3,2
Saint-Laurent,Spring,Thursday,9,4.5,8,3,2
Saint-Laurent,Spring,Thursday,10,3.714,7,3,2
Saint-Laurent,Spring,Thursday,11,4.167,6,3,2
Saint-Laurent,Spring,Thursday,12,6.167,6,3,2
Saint-Laurent,Spring,Thursday,13,7.714,7,3,2
Saint-Laurent,Spring,Thursday,14,10.571,7,3,2
Saint-Laurent,Spring,Thursday,15,12.167,6,3,2
Saint-Laurent,Spring,Thursday,16,21.571,7,3,2
Saint-Laurent,Spring,Thursday,17,19.286,7,3,2
Saint-Laurent,Spring,Thursday,18,10.667,9,3,2
Saint-Laurent,Spring,Thursday,19,5.333,9,3,2
Saint-Laurent,Spring,Thursday,20,5.5,8,3,2
Saint-Laurent,Spring,Thursday,21,1.875,8,3,2
Saint-Laurent,Spring,Thursday,22,1.714,7,3,2
Saint-Laurent,Spring,Thursday,23,1.625,8,3,2
Saint-Laurent,Spring,Friday,0,0.556,9,4,2
Saint-Laurent,Spring,Friday,1,0.571,7,4,2
Saint-Laurent,Spring,Friday,2,0.625,8,4,2
Saint-Laurent,Spring,Friday,3,0.222,9,4,2
Saint-Laurent,Spring,Friday,4,0.0,9,4,2
Saint-Laurent,Spring,Friday,5,1.556,9,4,2
Saint-Laurent,Spring,Friday,6,3.0,9,4,2
Saint-Laurent,Spring,Friday,7,6.667,9,4,2
Saint-Laurent,Spring,Friday,8,9.111,9,4,2
Saint-Laurent,Spring,Friday,9,4.444,9,4,2
Saint-Laurent,Spring,Friday,10,6.667,9,4,2
Saint-Laurent,Spring,Friday,11,5.444,9,4,2
Saint-Laurent,Spring,Friday,12,9.667,9,4,2
Saint-Laurent,Spring,Friday,13,7.778,9,4,2
Saint-Laurent,Spring,Friday,14,10.625,8,4,2
Saint-Laurent,Spring,Friday,15,17.25,8,4,2
Saint-Laurent,Spring,Friday,16,21.3,10,4,2
Saint-Laurent,Spring,Friday,17,17.0,10,4,2
Saint-Laurent,Spring,Friday,18,9.7,10,4,2
Saint-Laurent,Spring,Friday,19,6.889,9,4,2
Saint-Laurent,Spring,Friday,20,5.0,8,4,2
Saint-Laurent,Spring,Friday,21,4.625,8,4,2
Saint-Laurent,Spring,Friday,22,2.375,8,4,2
Saint-Laurent,Spring,Friday,23,1.2,10,4,2
Saint-Laurent,Spring,Saturday,0,0.455,11,5,2
Saint-Laurent,Spring,Saturday,1,0.875,8,5,2
Saint-Laurent,Spring,Saturday,2,0.0,9,5,2
Saint-Laurent,Spring,Saturday,3,0.1,10,5,2
Saint-Laurent,Spring,Saturday,4,0.0,10,5,2
Saint-Laurent,Spring,Saturday,5,0.1,10,5,2
Saint-Laurent,Spring,Saturday,6,0.8,10,5,2
Saint-Laurent,Spring,Saturday,7,1.091,11,5,2
Saint-Laurent,Spring,Saturday,8,1.545,11,5,2
Saint-Laurent,Spring,Saturday,9,4.364,11,5,2
Saint-Laurent,Spring,Saturday,10,6.455,11,5,2
Saint-Laurent,Spring,Saturday,11,7.818,11,5,2
Saint-Laurent,Spring,Saturday,12,10.091,11,5,2
Saint-Laurent,Spring,Saturday,13,12.273,11,5,2
Saint-Laurent,Spring,Saturday,14,10.273,11,5,2
Saint-Laurent,Spring,Saturday,15,12.3,10,5,2
Saint-Laurent,Spring,Saturday,16,10.0,11,5,2
Saint-Laurent,Spring,Saturday,17,10.0,11,5,2
Saint-Laurent,Spring,Saturday,18,7.889,9,5,2
Saint-Laurent,Spring,Saturday,19,4.8,10,5,2
Saint-Laurent,Spring,Saturday,20,3.909,11,5,2
Saint-Laurent,Spring,Saturday,21,2.273,11,5,2
Saint-Laurent,Spring,Saturday,22,1.111,9,5,2
Saint-Laurent,Spring,Saturday,23,0.636,11,5,2
Saint-Laurent,Spring,Sunday,0,0.5,12,6,2
Saint-Laurent,Spring,Sunday,1,0.727,11,6,2
Saint-Laurent,Spring,Sunday,2,0.364,11,6,2
Saint-Laurent,Spring,Sunday,3,0.091,11,6,2
Saint-Laurent,Spring,Sunday,4,0.091,11,6,2
Saint-Laurent,Spring,Sunday,5,0.0,12,6,2
Saint-Laurent,Spring,Sunday,6,0.833,12,6,2
Saint-Laurent,Spring,Sunday,7,0.75,12,6,2
Saint-Laurent,Spring,Sunday,8,1.25,12,6,2
Saint-Laurent,Spring,Sunday,9,3.455,11,6,2
Saint-Laurent,Spring,Sunday,10,3.818,11,6,2
Saint-Laurent,Spring,Sunday,11,5.333,12,6,2
Saint-Laurent,Spring,Sunday,12,7.25,12,6,2
Saint-Laurent,Spring,Sunday,13,8.091,11,6,2
Saint-Laurent,Spring,Sunday,14,8.9,10,6,2
Saint-Laurent,Spring,Sunday,15,11.5,10,6,2
Saint-Laurent,Spring,Sunday,16,9.8,10,6,2
Saint-Laurent,Spring,Sunday,17,7.727,11,6,2
Saint-Laurent,Spring,Sunday,18,7.0,11,6,2
Saint-Laurent,Spring,Sunday,19,6.2,10,6,2
Saint-Laurent,Spring,Sunday,20,2.8,10,6,2
Saint-Laurent,Spring,Sunday,21,1.9,10,6,2
Saint-Laurent,Spring,Sunday,22,2.0,9,6,2
Saint-Laurent,Spring,Sunday,23,1.3,10,6,2
Ville-Marie,Spring,Monday,0,4.658,114,0,2
Ville-Marie,Spring,Monday,1,3.161,87,0,2
Ville-Marie,Spring,Monday,2,1.386,114,0,2
Ville-Marie,Spring,Monday,3,1.377,114,0,2
Ville-Marie,Spring,Monday,4,1.263,114,0,2
Ville-Marie,Spring,Monday,5,3.079,114,0,2
Ville-Marie,Spring,Monday,6,5.956,114,0,2
Ville-Marie,Spring,Monday,7,14.667,123,0,2
Ville-Marie,Spring,Monday,8,36.568,111,0,2
Ville-Marie,Spring,Monday,9,19.541,111,0,2
Ville-Marie,Spring,Monday,10,10.526,114,0,2
Ville-Marie,Spring,Monday,11,13.362,105,0,2
Ville-Marie,Spring,Monday,12,23.318,85,0,2
Ville-Marie,Spring,Monday,13,21.663,86,0,2
Ville-Marie,Spring,Monday,14,24.847,85,0,2
Ville-Marie,Spring,Monday,15,38.805,77,0,2
Ville-Marie,Spring,Monday,16,47.511,88,0,2
Ville-Marie,Spring,Monday,17,68.216,97,0,2
Ville-Marie,Spring,Monday,18,49.734,79,0,2
Ville-Marie,Spring,Monday,19,37.511,88,0,2
Ville-Marie,Spring,Monday,20,20.791,86,0,2
Ville-Marie,Spring,Monday,21,18.468,77,0,2
Ville-Marie,Spring,Monday,22,10.646,79,0,2
Ville-Marie,Spring,Monday,23,15.202,89,0,2
Ville-Marie,Spring,Tuesday,0,5.495,107,1,2
Ville-Marie,Spring,Tuesday,1,2.459,98,1,2
Ville-Marie,Spring,Tuesday,2,1.764,89,1,2
Ville-Marie,Spring,Tuesday,3,0.978,89,1,2
Ville-Marie,Spring,Tuesday,4,1.236,89,1,2
Ville-Marie,Spring,Tuesday,5,4.562,89,1,2
Ville-Marie,Spring,Tuesday,6,12.092,98,1,2
Ville-Marie,Spring,Tuesday,7,34.306,98,1,2
Ville-Marie,Spring,Tuesday,8,68.449,98,1,2
Ville-Marie,Spring,Tuesday,9,44.577,78,1,2
Ville-Marie,Spring,Tuesday,10,29.833,78,1,2
Ville-Marie,Spring,Tuesday,11,32.256,78,1,2
Ville-Marie,Spring,Tuesday,12,41.925,80,1,2
Ville-Marie,Spring,Tuesday,13,43.1,80,1,2
Ville-Marie,Spring,Tuesday,14,30.575,80,1,2
Ville-Marie,Spring,Tuesday,15,52.338,71,1,2
Ville-Marie,Spring,Tuesday,16,70.135,89,1,2
Ville-Marie,Spring,Tuesday,17,111.787,89,1,2
Ville-Marie,Spring,Tuesday,18,61.315,89,1,2
Ville-Marie,Spring,Tuesday,19,38.884,86,1,2
Ville-Marie,Spring,Tuesday,20,26.318,107,1,2
Ville-Marie,Spring,Tuesday,21,20.692,107,1,2
Ville-Marie,Spring,Tuesday,22,19.944,90,1,2
Ville-Marie,Spring,Tuesday,23,9.603,116,1,2
Ville-Marie,Spring,Wednesday,0,3.682,107,2,2
Ville-Marie,Spring,Wednesday,1,2.09,67,2,2
Ville-Marie,Spring,Wednesday,2,1.105,76,2,2
Ville-Marie,Spring,Wednesday,3,0.632,76,2,2
Ville-Marie,Spring,Wednesday,4,1.0,85,2,2
Ville-Marie,Spring,Wednesday,5,3.224,85,2,2
Ville-Marie,Spring,Wednesday,6,9.235,85,2,2
Ville-Marie,Spring,Wednesday,7,24.118,85,2,2
Ville-Marie,Spring,Wednesday,8,47.847,85,2,2
Ville-Marie,Spring,Wednesday,9,26.306,85,2,2
Ville-Marie,Spring,Wednesday,10,18.165,85,2,2
Ville-Marie,Spring,Wednesday,11,13.433,67,2,2
Ville-Marie,Spring,Wednesday,12,12.391,69,2,2
Ville-Marie,Spring,Wednesday,13,13.551,78,2,2
Ville-Marie,Spring,Wednesday,14,9.358,67,2,2
Ville-Marie,Spring,Wednesday,15,8.872,47,2,2
Ville-Marie,Spring,Wednesday,16,19.672,58,2,2
Ville-Marie,Spring,Wednesday,17,44.582,67,2,2
Ville-Marie,Spring,Wednesday,18,36.759,87,2,2
Ville-Marie,Spring,Wednesday,19,31.218,78,2,2
Ville-Marie,Spring,Wednesday,20,20.632,87,2,2
Ville-Marie,Spring,Wednesday,21,11.605,86,2,2
Ville-Marie,Spring,Wednesday,22,10.314,86,2,2
Ville-Marie,Spring,Wednesday,23,6.781,96,2,2
Ville-Marie,Spring,Thursday,0,2.867,105,3,2
Ville-Marie,Spring,Thursday,1,1.75,76,3,2
Ville-Marie,Spring,Thursday,2,0.894,85,3,2
Ville-Marie,Spring,Thursday,3,0.706,85,3,2
Ville-Marie,Spring,Thursday,4,0.776,85,3,2
Ville-Marie,Spring,Thursday,5,2.976,85,3,2
Ville-Marie,Spring,Thursday,6,8.118,85,3,2
Ville-Marie,Spring,Thursday,7,21.024,85,3,2
Ville-Marie,Spring,Thursday,8,51.762,84,3,2
Ville-Marie,Spring,Thursday,9,31.04,75,3,2
Ville-Marie,Spring,Thursday,10,17.254,67,3,2
Ville-Marie,Spring,Thursday,11,25.517,58,3,2
Ville-Marie,Spring,Thursday,12,30.966,58,3,2
Ville-Marie,Spring,Thursday,13,27.313,67,3,2
Ville-Marie,Spring,Thursday,14,21.284,67,3,2
Ville-Marie,Spring,Thursday,15,26.655,58,3,2
Ville-Marie,Spring,Thursday,16,49.119,67,3,2
Ville-Marie,Spring,Thursday,17,63.955,67,3,2
Ville-Marie,Spring,Thursday,18,35.849,86,3,2
Ville-Marie,Spring,Thursday,19,26.895,86,3,2
Ville-Marie,Spring,Thursday,20,21.646,79,3,2
Ville-Marie,Spring,Thursday,21,17.373,75,3,2
Ville-Marie,Spring,Thursday,22,13.8,70,3,2
Ville-Marie,Spring,Thursday,23,9.0,87,3,2
Ville-Marie,Spring,Friday,0,4.586,87,4,2
Ville-Marie,Spring,Friday,1,2.87,69,4,2
Ville-Marie,Spring,Friday,2,1.821,78,4,2
Ville-Marie,Spring,Friday,3,1.227,88,4,2
Ville-Marie,Spring,Friday,4,0.977,88,4,2
Ville-Marie,Spring,Friday,5,2.932,88,4,2
Ville-Marie,Spring,Friday,6,7.125,88,4,2
Ville-Marie,Spring,Friday,7,19.875,88,4,2
Ville-Marie,Spring,Friday,8,38.909,88,4,2
Ville-Marie,Spring,Friday,9,27.761,88,4,2
Ville-Marie,Spring,Friday,10,24.172,87,4,2
Ville-Marie,Spring,Friday,11,22.506,87,4,2
Ville-Marie,Spring,Friday,12,33.989,87,4,2
Ville-Marie,Spring,Friday,13,28.195,87,4,2
Ville-Marie,Spring,Friday,14,34.278,79,4,2
Ville-Marie,Spring,Friday,15,40.987,79,4,2
Ville-Marie,Spring,Friday,16,55.163,98,4,2
Ville-Marie,Spring,Friday,17,55.906,96,4,2
Ville-Marie,Spring,Friday,18,47.143,98,4,2
Ville-Marie,Spring,Friday,19,36.348,89,4,2
Ville-Marie,Spring,Friday,20,30.888,80,4,2
Ville-Marie,Spring,Friday,21,27.5,80,4,2
Ville-Marie,Spring,Friday,22,26.788,80,4,2
Ville-Marie,Spring,Friday,23,17.48,98,4,2
Ville-Marie,Spring,Saturday,0,10.084,107,5,2
Ville-Marie,Spring,Saturday,1,9.688,80,5,2
Ville-Marie,Spring,Saturday,2,5.831,89,5,2
Ville-Marie,Spring,Saturday,3,4.265,98,5,2
Ville-Marie,Spring,Saturday,4,1.847,98,5,2
Ville-Marie,Spring,Saturday,5,1.612,98,5,2
Ville-Marie,Spring,Saturday,6,2.771,96,5,2
Ville-Marie,Spring,Saturday,7,5.438,105,5,2
Ville-Marie,Spring,Saturday,8,9.236,106,5,2
Ville-Marie,Spring,Saturday,9,19.217,106,5,2
Ville-Marie,Spring,Saturday,10,27.604,106,5,2
Ville-Marie,Spring,Saturday,11,37.132,106,5,2
Ville-Marie,Spring,Saturday,12,47.547,106,5,2
Ville-Marie,Spring,Saturday,13,51.642,106,5,2
Ville-Marie,Spring,Saturday,14,57.34,106,5,2
Ville-Marie,Spring,Saturday,15,64.854,96,5,2
Ville-Marie,Spring,Saturday,16,59.462,106,5,2
Ville-Marie,Spring,Saturday,17,49.538,106,5,2
Ville-Marie,Spring,Saturday,18,40.709,86,5,2
Ville-Marie,Spring,Saturday,19,27.309,97,5,2
Ville-Marie,Spring,Saturday,20,19.858,106,5,2
Ville-Marie,Spring,Saturday,21,16.811,106,5,2
Ville-Marie,Spring,Saturday,22,18.557,88,5,2
Ville-Marie,Spring,Saturday,23,16.208,106,5,2
Ville-Marie,Spring,Sunday,0,9.983,115,6,2
Ville-Marie,Spring,Sunday,1,7.208,106,6,2
Ville-Marie,Spring,Sunday,2,5.462,106,6,2
Ville-Marie,Spring,Sunday,3,4.415,106,6,2
Ville-Marie,Spring,Sunday,4,2.236,106,6,2
Ville-Marie,Spring,Sunday,5,1.435,115,6,2
Ville-Marie,Spring,Sunday,6,2.261,115,6,2
Ville-Marie,Spring,Sunday,7,3.991,115,6,2
Ville-Marie,Spring,Sunday,8,6.183,115,6,2
Ville-Marie,Spring,Sunday,9,12.717,106,6,2
Ville-Marie,Spring,Sunday,10,21.726,106,6,2
Ville-Marie,Spring,Sunday,11,30.583,115,6,2
Ville-Marie,Spring,Sunday,12,34.235,115,6,2
Ville-Marie,Spring,Sunday,13,36.198,106,6,2
Ville-Marie,Spring,Sunday,14,43.167,96,6,2
Ville-Marie,Spring,Sunday,15,43.979,96,6,2
Ville-Marie,Spring,Sunday,16,42.365,96,6,2
Ville-Marie,Spring,Sunday,17,37.39,105,6,2
Ville-Marie,Spring,Sunday,18,30.8,105,6,2
Ville-Marie,Spring,Sunday,19,28.271,96,6,2
Ville-Marie,Spring,Sunday,20,12.688,96,6,2
Ville-Marie,Spring,Sunday,21,17.406,96,6,2
Ville-Marie,Spring,Sunday,22,14.241,87,6,2
Ville-Marie,Spring,Sunday,23,9.688,96,6,2
Villeray–Saint-Michel–Parc-Extension,Spring,Monday,0,0.857,21,0,2
Villeray–Saint-Michel–Parc-Extension,Spring,Monday,1,0.667,15,0,2
Villeray–Saint-Michel–Parc-Extension,Spring,Monday,2,0.286,21,0,2
Villeray–Saint-Michel–Parc-Extension,Spring,Monday,3,0.286,21,0,2
Villeray–Saint-Michel–Parc-Extension,Spring,Monday,4,0.619,21,0,2
Villeray–Saint-Michel–Parc-Extension,Spring,Monday,5,2.048,21,0,2
Villeray–Saint-Michel–Parc-Extension,Spring,Monday,6,1.762,21,0,2
Villeray–Saint-Michel–Parc-Extension,Spring,Monday,7,4.87,23,0,2
Villeray–Saint-Michel–Parc-Extension,Spring,Monday,8,10.19,21,0,2
Villeray–Saint-Michel–Parc-Extension,Spring,Monday,9,3.524,21,0,2
Villeray–Saint-Michel–Parc-Extension,Spring,Monday,10,3.05,20,0,2
Villeray–Saint-Michel–Parc-Extension,Spring,Monday,11,3.944,18,0,2
Villeray–Saint-Michel–Parc-Extension,Spring,Monday,12,4.867,15,0,2
Villeray–Saint-Michel–Parc-Extension,Spring,Monday,13,4.667,15,0,2
Villeray–Saint-Michel–Parc-Extension,Spring,Monday,14,4.733,15,0,2
Villeray–Saint-Michel–Parc-Extension,Spring,Monday,15,8.0,13,0,2
Villeray–Saint-Michel–Parc-Extension,Spring,Monday,16,8.214,14,0,2
Villeray–Saint-Michel–Parc-Extension,Spring,Monday,17,11.188,16,0,2
Villeray–Saint-Michel–Parc-Extension,Spring,Monday,18,8.167,12,0,2
Villeray–Saint-Michel–Parc-Extension,Spring,Monday,19,7.214,14,0,2
Villeray–Saint-Michel–Parc-Extension,Spring,Monday,20,3.133,15,0,2
Villeray–Saint-Michel–Parc-Extension,Spring,Monday,21,3.615,13,0,2
Villeray–Saint-Michel–Parc-Extension,Spring,Monday,22,2.5,12,0,2
Villeray–Saint-Michel–Parc-Extension,Spring,Monday,23,2.643,14,0,2
Villeray–Saint-Michel–Parc-Extension,Spring,Tuesday,0,1.611,18,1,2
Villeray–Saint-Michel–Parc-Extension,Spring,Tuesday,1,0.375,16,1,2
Villeray–Saint-Michel–Parc-Extension,Spring,Tuesday,2,0.429,14,1,2
Villeray–Saint-Michel–Parc-Extension,Spring,Tuesday,3,0.857,14,1,2
Villeray–Saint-Michel–Parc-Extension,Spring,Tuesday,4,0.571,14,1,2
Villeray–Saint-Michel–Parc-Extension,Spring,Tuesday,5,2.429,14,1,2
Villeray–Saint-Michel–Parc-Extension,Spring,Tuesday,6,2.125,16,1,2
Villeray–Saint-Michel–Parc-Extension,Spring,Tuesday,7,7.875,16,1,2
Villeray–Saint-Michel–Parc-Extension,Spring,Tuesday,8,11.875,16,1,2
Villeray–Saint-Michel–Parc-Extension,Spring,Tuesday,9,7.0,13,1,2
Villeray–Saint-Michel–Parc-Extension,Spring,Tuesday,10,4.923,13,1,2
Villeray–Saint-Michel–Parc-Extension,Spring,Tuesday,11,4.643,14,1,2
Villeray–Saint-Michel–Parc-Extension,Spring,Tuesday,12,9.0,13,1,2
Villeray–Saint-Michel–Parc-Extension,Spring,Tuesday,13,7.385,13,1,2
Villeray–Saint-Michel–Parc-Extension,Spring,Tuesday,14,4.923,13,1,2
Villeray–Saint-Michel–Parc-Extension,Spring,Tuesday,15,13.182,11,1,2
Villeray–Saint-Michel–Parc-Extension,Spring,Tuesday,16,14.933,15,1,2
Villeray–Saint-Michel–Parc-Extension,Spring,Tuesday,17,23.0,15,1,2
Villeray–Saint-Michel–Parc-Extension,Spring,Tuesday,18,13.4,15,1,2
Villeray–Saint-Michel–Parc-Extension,Spring,Tuesday,19,9.5,16,1,2
Villeray–Saint-Michel–Parc-Extension,Spring,Tuesday,20,6.789,19,1,2
Villeray–Saint-Michel–Parc-Extension,Spring,Tuesday,21,4.789,19,1,2
Villeray–Saint-Michel–Parc-Extension,Spring,Tuesday,22,4.353,17,1,2
Villeray–Saint-Michel–Parc-Extension,Spring,Tuesday,23,2.333,21,1,2
Villeray–Saint-Michel–Parc-Extension,Spring,Wednesday,0,0.789,19,2,2
Villeray–Saint-Michel–Parc-Extension,Spring,Wednesday,1,0.583,12,2,2
Villeray–Saint-Michel–Parc-Extension,Spring,Wednesday,2,0.0,14,2,2
Villeray–Saint-Michel–Parc-Extension,Spring,Wednesday,3,0.571,14,2,2
Villeray–Saint-Michel–Parc-Extension,Spring,Wednesday,4,0.562,16,2,2
Villeray–Saint-Michel–Parc-Extension,Spring,Wednesday,5,1.438,16,2,2
Villeray–Saint-Michel–Parc-Extension,Spring,Wednesday,6,1.5,14,2,2
Villeray–Saint-Michel–Parc-Extension,Spring,Wednesday,7,5.571,14,2,2
Villeray–Saint-Michel–Parc-Extension,Spring,Wednesday,8,7.857,14,2,2
Villeray–Saint-Michel–Parc-Extension,Spring,Wednesday,9,4.929,14,2,2
Villeray–Saint-Michel–Parc-Extension,Spring,Wednesday,10,3.643,14,2,2
Villeray–Saint-Michel–Parc-Extension,Spring,Wednesday,11,2.5,12,2,2
Villeray–Saint-Michel–Parc-Extension,Spring,Wednesday,12,1.909,11,2,2
Villeray–Saint-Michel–Parc-Extension,Spring,Wednesday,13,3.462,13,2,2
Villeray–Saint-Michel–Parc-Extension,Spring,Wednesday,14,2.2,10,2,2
Villeray–Saint-Michel–Parc-Extension,Spring,Wednesday,15,1.286,7,2,2
Villeray–Saint-Michel–Parc-Extension,Spring,Wednesday,16,4.4,10,2,2
Villeray–Saint-Michel–Parc-Extension,Spring,Wednesday,17,9.5,10,2,2
Villeray–Saint-Michel–Parc-Extension,Spring,Wednesday,18,6.923,13,2,2
Villeray–Saint-Michel–Parc-Extension,Spring,Wednesday,19,5.636,11,2,2
Villeray–Saint-Michel–Parc-Extension,Spring,Wednesday,20,4.231,13,2,2
Villeray–Saint-Michel–Parc-Extension,Spring,Wednesday,21,1.692,13,2,2
Villeray–Saint-Michel–Parc-Extension,Spring,Wednesday,22,2.308,13,2,2
Villeray–Saint-Michel–Parc-Extension,Spring,Wednesday,23,1.353,17,2,2
Villeray–Saint-Michel–Parc-Extension,Spring,Thursday,0,0.526,19,3,2
Villeray–Saint-Michel–Parc-Extension,Spring,Thursday,1,0.714,14,3,2
Villeray–Saint-Michel–Parc-Extension,Spring,Thursday,2,0.0,16,3,2
Villeray–Saint-Michel–Parc-Extension,Spring,Thursday,3,0.5,16,3,2
Villeray–Saint-Michel–Parc-Extension,Spring,Thursday,4,0.312,16,3,2
Villeray–Saint-Michel–Parc-Extension,Spring,Thursday,5,1.5,16,3,2
Villeray–Saint-Michel–Parc-Extension,Spring,Thursday,6,1.125,16,3,2
Villeray–Saint-Michel–Parc-Extension,Spring,Thursday,7,4.875,16,3,2
Villeray–Saint-Michel–Parc-Extension,Spring,Thursday,8,8.438,16,3,2
Villeray–Saint-Michel–Parc-Extension,Spring,Thursday,9,3.571,14,3,2
Villeray–Saint-Michel–Parc-Extension,Spring,Thursday,10,2.583,12,3,2
Villeray–Saint-Michel–Parc-Extension,Spring,Thursday,11,3.6,10,3,2
Villeray–Saint-Michel–Parc-Extension,Spring,Thursday,12,7.0,10,3,2
Villeray–Saint-Michel–Parc-Extension,Spring,Thursday,13,7.0,12,3,2
Villeray–Saint-Michel–Parc-Extension,Spring,Thursday,14,5.5,12,3,2
Villeray–Saint-Michel–Parc-Extension,Spring,Thursday,15,5.7,10,3,2
Villeray–Saint-Michel–Parc-Extension,Spring,Thursday,16,10.5,12,3,2
Villeray–Saint-Michel–Parc-Extension,Spring,Thursday,17,11.083,12,3,2
Villeray–Saint-Michel–Parc-Extension,Spring,Thursday,18,6.438,16,3,2
Villeray–Saint-Michel–Parc-Extension,Spring,Thursday,19,4.688,16,3,2
Villeray–Saint-Michel–Parc-Extension,Spring,Thursday,20,4.385,13,3,2
Villeray–Saint-Michel–Parc-Extension,Spring,Thursday,21,3.231,13,3,2
Villeray–Saint-Michel–Parc-Extension,Spring,Thursday,22,3.364,11,3,2
Villeray–Saint-Michel–Parc-Extension,Spring,Thursday,23,2.333,15,3,2
Villeray–Saint-Michel–Parc-Extension,Spring,Friday,0,0.667,15,4,2
Villeray–Saint-Michel–Parc-Extension,Spring,Friday,1,0.455,11,4,2
Villeray–Saint-Michel–Parc-Extension,Spring,Friday,2,0.538,13,4,2
Villeray–Saint-Michel–Parc-Extension,Spring,Friday,3,0.133,15,4,2
Villeray–Saint-Michel–Parc-Extension,Spring,Friday,4,0.867,15,4,2
Villeray–Saint-Michel–Parc-Extension,Spring,Friday,5,1.667,15,4,2
Villeray–Saint-Michel–Parc-Extension,Spring,Friday,6,1.8,15,4,2
Villeray–Saint-Michel–Parc-Extension,Spring,Friday,7,5.267,15,4,2
Villeray–Saint-Michel–Parc-Extension,Spring,Friday,8,10.2,15,4,2
Villeray–Saint-Michel–Parc-Extension,Spring,Friday,9,4.4,15,4,2
Villeray–Saint-Michel–Parc-Extension,Spring,Friday,10,4.933,15,4,2
Villeray–Saint-Michel–Parc-Extension,Spring,Friday,11,4.733,15,4,2
Villeray–Saint-Michel–Parc-Extension,Spring,Friday,12,6.8,15,4,2
Villeray–Saint-Michel–Parc-Extension,Spring,Friday,13,8.133,15,4,2
Villeray–Saint-Michel–Parc-Extension,Spring,Friday,14,6.923,13,4,2
Villeray–Saint-Michel–Parc-Extension,Spring,Friday,15,9.231,13,4,2
Villeray–Saint-Michel–Parc-Extension,Spring,Friday,16,13.0,17,4,2
Villeray–Saint-Michel–Parc-Extension,Spring,Friday,17,10.889,18,4,2
Villeray–Saint-Michel–Parc-Extension,Spring,Friday,18,7.824,17,4,2
Villeray–Saint-Michel–Parc-Extension,Spring,Friday,19,5.867,15,4,2
Villeray–Saint-Michel–Parc-Extension,Spring,Friday,20,5.385,13,4,2
Villeray–Saint-Michel–Parc-Extension,Spring,Friday,21,4.769,13,4,2
Villeray–Saint-Michel–Parc-Extension,Spring,Friday,22,5.0,13,4,2
Villeray–Saint-Michel–Parc-Extension,Spring,Friday,23,3.941,17,4,2
Villeray–Saint-Michel–Parc-Extension,Spring,Saturday,0,1.947,19,5,2
Villeray–Saint-Michel–Parc-Extension,Spring,Saturday,1,1.923,13,5,2
Villeray–Saint-Michel–Parc-Extension,Spring,Saturday,2,0.933,15,5,2
Villeray–Saint-Michel–Parc-Extension,Spring,Saturday,3,0.941,17,5,2
Villeray–Saint-Michel–Parc-Extension,Spring,Saturday,4,0.647,17,5,2
Villeray–Saint-Michel–Parc-Extension,Spring,Saturday,5,0.647,17,5,2
Villeray–Saint-Michel–Parc-Extension,Spring,Saturday,6,0.294,17,5,2
Villeray–Saint-Michel–Parc-Extension,Spring,Saturday,7,1.263,19,5,2
Villeray–Saint-Michel–Parc-Extension,Spring,Saturday,8,2.263,19,5,2
Villeray–Saint-Michel–Parc-Extension,Spring,Saturday,9,4.105,19,5,2
Villeray–Saint-Michel–Parc-Extension,Spring,Saturday,10,6.158,19,5,2
Villeray–Saint-Michel–Parc-Extension,Spring,Saturday,11,6.158,19,5,2
Villeray–Saint-Michel–Parc-Extension,Spring,Saturday,12,8.789,19,5,2
Villeray–Saint-Michel–Parc-Extension,Spring,Saturday,13,8.789,19,5,2
Villeray–Saint-Michel–Parc-Extension,Spring,Saturday,14,9.316,19,5,2
Villeray–Saint-Michel–Parc-Extension,Spring,Saturday,15,11.412,17,5,2
Villeray–Saint-Michel–Parc-Extension,Spring,Saturday,16,11.842,19,5,2
Villeray–Saint-Michel–Parc-Extension,Spring,Saturday,17,8.158,19,5,2
Villeray–Saint-Michel–Parc-Extension,Spring,Saturday,18,5.067,15,5,2
Villeray–Saint-Michel–Parc-Extension,Spring,Saturday,19,4.706,17,5,2
Villeray–Saint-Michel–Parc-Extension,Spring,Saturday,20,4.211,19,5,2
Villeray–Saint-Michel–Parc-Extension,Spring,Saturday,21,3.263,19,5,2
Villeray–Saint-Michel–Parc-Extension,Spring,Saturday,22,2.533,15,5,2
Villeray–Saint-Michel–Parc-Extension,Spring,Saturday,23,3.0,19,5,2
Villeray–Saint-Michel–Parc-Extension,Spring,Sunday,0,1.667,21,6,2
Villeray–Saint-Michel–Parc-Extension,Spring,Sunday,1,2.0,19,6,2
Villeray–Saint-Michel–Parc-Extension,Spring,Sunday,2,0.895,19,6,2
Villeray–Saint-Michel–Parc-Extension,Spring,Sunday,3,0.474,19,6,2
Villeray–Saint-Michel–Parc-Extension,Spring,Sunday,4,0.368,19,6,2
Villeray–Saint-Michel–Parc-Extension,Spring,Sunday,5,0.81,21,6,2
Villeray–Saint-Michel–Parc-Extension,Spring,Sunday,6,0.238,21,6,2
Villeray–Saint-Michel–Parc-Extension,Spring,Sunday,7,1.381,21,6,2
Villeray–Saint-Michel–Parc-Extension,Spring,Sunday,8,1.476,21,6,2
Villeray–Saint-Michel–Parc-Extension,Spring,Sunday,9,2.895,19,6,2
Villeray–Saint-Michel–Parc-Extension,Spring,Sunday,10,4.632,19,6,2
Villeray–Saint-Michel–Parc-Extension,Spring,Sunday,11,5.286,21,6,2
Villeray–Saint-Michel–Parc-Extension,Spring,Sunday,12,4.474,19,6,2
Villeray–Saint-Michel–Parc-Extension,Spring,Sunday,13,6.684,19,6,2
Villeray–Saint-Michel–Parc-Extension,Spring,Sunday,14,8.294,17,6,2
Villeray–Saint-Michel–Parc-Extension,Spring,Sunday,15,8.882,17,6,2
Villeray–Saint-Michel–Parc-Extension,Spring,Sunday,16,10.059,17,6,2
Villeray–Saint-Michel–Parc-Extension,Spring,Sunday,17,6.526,19,6,2
Villeray–Saint-Michel–Parc-Extension,Spring,Sunday,18,4.947,19,6,2
Villeray–Saint-Michel–Parc-Extension,Spring,Sunday,19,4.412,17,6,2
Villeray–Saint-Michel–Parc-Extension,Spring,Sunday,20,2.882,17,6,2
Villeray–Saint-Michel–Parc-Extension,Spring,Sunday,21,2.882,17,6,2
Villeray–Saint-Michel–Parc-Extension,Spring,Sunday,22,2.0,15,6,2
Villeray–Saint-Michel–Parc-Extension,Spring,Sunday,23,2.235,17,6,2
Ahuntsic-Cartierville,Summer,Monday,0,2.345,29,0,3
Ahuntsic-Cartierville,Summer,Monday,1,2.562,32,0,3
Ahuntsic-Cartierville,Summer,Monday,2,1.531,32,0,3
Ahuntsic-Cartierville,Summer,Monday,3,0.75,32,0,3
Ahuntsic-Cartierville,Summer,Monday,4,1.219,32,0,3
Ahuntsic-Cartierville,Summer,Monday,5,3.969,32,0,3
Ahuntsic-Cartierville,Summer,Monday,6,10.25,32,0,3
Ahuntsic-Cartierville,Summer,Monday,7,17.969,32,0,3
Ahuntsic-Cartierville,Summer,Monday,8,24.969,32,0,3
Ahuntsic-Cartierville,Summer,Monday,9,20.781,32,0,3
Ahuntsic-Cartierville,Summer,Monday,10,20.531,32,0,3
Ahuntsic-Cartierville,Summer,Monday,11,21.781,32,0,3
Ahuntsic-Cartierville,Summer,Monday,12,24.312,32,0,3
Ahuntsic-Cartierville,Summer,Monday,13,25.286,35,0,3
Ahuntsic-Cartierville,Summer,Monday,14,32.829,35,0,3
Ahuntsic-Cartierville,Summer,Monday,15,40.694,36,0,3
Ahuntsic-Cartierville,Summer,Monday,16,61.222,36,0,3
Ahuntsic-Cartierville,Summer,Monday,17,70.194,36,0,3
Ahuntsic-Cartierville,Summer,Monday,18,45.5,36,0,3
Ahuntsic-Cartierville,Summer,Monday,19,27.25,36,0,3
Ahuntsic-Cartierville,Summer,Monday,20,23.028,36,0,3
Ahuntsic-Cartierville,Summer,Monday,21,16.444,36,0,3
Ahuntsic-Cartierville,Summer,Monday,22,10.333,36,0,3
Ahuntsic-Cartierville,Summer,Monday,23,4.69,29,0,3
Ahuntsic-Cartierville,Summer,Tuesday,0,1.667,27,1,3
Ahuntsic-Cartierville,Summer,Tuesday,1,1.639,36,1,3
Ahuntsic-Cartierville,Summer,Tuesday,2,1.528,36,1,3
Ahuntsic-Cartierville,Summer,Tuesday,3,0.75,36,1,3
Ahuntsic-Cartierville,Summer,Tuesday,4,1.0,36,1,3
Ahuntsic-Cartierville,Summer,Tuesday,5,4.111,36,1,3
Ahuntsic-Cartierville,Summer,Tuesday,6,9.75,36,1,3
Ahuntsic-Cartierville,Summer,Tuesday,7,20.861,36,1,3
Ahuntsic-Cartierville,Summer,Tuesday,8,34.75,36,1,3
Ahuntsic-Cartierville,Summer,Tuesday,9,24.472,36,1,3
Ahuntsic-Cartierville,Summer,Tuesday,10,20.611,36,1,3
Ahuntsic-Cartierville,Summer,Tuesday,11,18.897,39,1,3
Ahuntsic-Cartierville,Summer,Tuesday,12,19.722,36,1,3
Ahuntsic-Cartierville,Summer,Tuesday,13,27.515,33,1,3
Ahuntsic-Cartierville,Summer,Tuesday,14,36.167,36,1,3
Ahuntsic-Cartierville,Summer,Tuesday,15,44.861,36,1,3
Ahuntsic-Cartierville,Summer,Tuesday,16,67.556,36,1,3
Ahuntsic-Cartierville,Summer,Tuesday,17,82.056,36,1,3
Ahuntsic-Cartierville,Summer,Tuesday,18,54.194,36,1,3
Ahuntsic-Cartierville,Summer,Tuesday,19,32.528,36,1,3
Ahuntsic-Cartierville,Summer,Tuesday,20,26.944,36,1,3
Ahuntsic-Cartierville,Summer,Tuesday,21,20.917,36,1,3
Ahuntsic-Cartierville,Summer,Tuesday,22,12.417,36,1,3
Ahuntsic-Cartierville,Summer,Tuesday,23,4.5,30,1,3
Ahuntsic-Cartierville,Summer,Wednesday,0,3.292,24,2,3
Ahuntsic-Cartierville,Summer,Wednesday,1,2.361,36,2,3
Ahuntsic-Cartierville,Summer,Wednesday,2,1.694,36,2,3
Ahuntsic-Cartierville,Summer,Wednesday,3,1.111,36,2,3
Ahuntsic-Cartierville,Summer,Wednesday,4,1.444,36,2,3
Ahuntsic-Cartierville,Summer,Wednesday,5,4.667,36,2,3
Ahuntsic-Cartierville,Summer,Wednesday,6,11.472,36,2,3
Ahuntsic-Cartierville,Summer,Wednesday,7,25.083,36,2,3
Ahuntsic-Cartierville,Summer,Wednesday,8,42.667,36,2,3
Ahuntsic-Cartierville,Summer,Wednesday,9,28.0,36,2,3
Ahuntsic-Cartierville,Summer,Wednesday,10,20.028,36,2,3
Ahuntsic-Cartierville,Summer,Wednesday,11,21.722,36,2,3
Ahuntsic-Cartierville,Summer,Wednesday,12,23.667,36,2,3
Ahuntsic-Cartierville,Summer,Wednesday,13,25.417,36,2,3
Ahuntsic-Cartierville,Summer,Wednesday,14,29.917,36,2,3
Ahuntsic-Cartierville,Summer,Wednesday,15,44.278,36,2,3
Ahuntsic-Cartierville,Summer,Wednesday,16,63.833,36,2,3
Ahuntsic-Cartierville,Summer,Wednesday,17,81.806,36,2,3
Ahuntsic-Cartierville,Summer,Wednesday,18,56.75,36,2,3
Ahuntsic-Cartierville,Summer,Wednesday,19,33.556,36,2,3
Ahuntsic-Cartierville,Summer,Wednesday,20,25.306,36,2,3
Ahuntsic-Cartierville,Summer,Wednesday,21,19.306,36,2,3
Ahuntsic-Cartierville,Summer,Wednesday,22,13.861,36,2,3
Ahuntsic-Cartierville,Summer,Wednesday,23,3.133,30,2,3
Ahuntsic-Cartierville,Summer,Thursday,0,2.467,30,3,3
Ahuntsic-Cartierville,Summer,Thursday,1,2.417,36,3,3
Ahuntsic-Cartierville,Summer,Thursday,2,1.333,36,3,3
Ahuntsic-Cartierville,Summer,Thursday,3,0.806,36,3,3
Ahuntsic-Cartierville,Summer,Thursday,4,1.528,36,3,3
Ahuntsic-Cartierville,Summer,Thursday,5,3.306,36,3,3
Ahuntsic-Cartierville,Summer,Thursday,6,9.833,36,3,3
Ahuntsic-Cartierville,Summer,Thursday,7,20.444,36,3,3
Ahuntsic-Cartierville,Summer,Thursday,8,28.5,36,3,3
Ahuntsic-Cartierville,Summer,Thursday,9,19.556,36,3,3
Ahuntsic-Cartierville,Summer,Thursday,10,19.306,36,3,3
Ahuntsic-Cartierville,Summer,Thursday,11,18.417,36,3,3
Ahuntsic-Cartierville,Summer,Thursday,12,21.889,36,3,3
Ahuntsic-Cartierville,Summer,Thursday,13,23.056,36,3,3
Ahuntsic-Cartierville,Summer,Thursday,14,32.889,36,3,3
Ahuntsic-Cartierville,Summer,Thursday,15,36.194,36,3,3
Ahuntsic-Cartierville,Summer,Thursday,16,56.879,33,3,3
Ahuntsic-Cartierville,Summer,Thursday,17,71.0,33,3,3
Ahuntsic-Cartierville,Summer,Thursday,18,44.909,33,3,3
Ahuntsic-Cartierville,Summer,Thursday,19,26.061,33,3,3
Ahuntsic-Cartierville,Summer,Thursday,20,18.727,33,3,3
Ahuntsic-Cartierville,Summer,Thursday,21,14.0,33,3,3
Ahuntsic-Cartierville,Summer,Thursday,22,11.667,33,3,3
Ahuntsic-Cartierville,Summer,Thursday,23,7.286,21,3,3
Ahuntsic-Cartierville,Summer,Friday,0,2.667,30,4,3
Ahuntsic-Cartierville,Summer,Friday,1,3.733,30,4,3
Ahuntsic-Cartierville,Summer,Friday,2,2.333,30,4,3
Ahuntsic-Cartierville,Summer,Friday,3,1.367,30,4,3
Ahuntsic-Cartierville,Summer,Friday,4,1.2,30,4,3
Ahuntsic-Cartierville,Summer,Friday,5,3.567,30,4,3
Ahuntsic-Cartierville,Summer,Friday,6,8.931,29,4,3
Ahuntsic-Cartierville,Summer,Friday,7,18.586,29,4,3
Ahuntsic-Cartierville,Summer,Friday,8,27.0,29,4,3
Ahuntsic-Cartierville,Summer,Friday,9,19.094,32,4,3
Ahuntsic-Cartierville,Summer,Friday,10,22.312,32,4,3
Ahuntsic-Cartierville,Summer,Friday,11,20.343,35,4,3
Ahuntsic-Cartierville,Summer,Friday,12,25.2,35,4,3
Ahuntsic-Cartierville,Summer,Friday,13,30.6,35,4,3
Ahuntsic-Cartierville,Summer,Friday,14,39.314,35,4,3
Ahuntsic-Cartierville,Summer,Friday,15,50.543,35,4,3
Ahuntsic-Cartierville,Summer,Friday,16,57.514,35,4,3
Ahuntsic-Cartierville,Summer,Friday,17,57.943,35,4,3
Ahuntsic-Cartierville,Summer,Friday,18,37.4,35,4,3
Ahuntsic-Cartierville,Summer,Friday,19,22.857,35,4,3
Ahuntsic-Cartierville,Summer,Friday,20,18.971,35,4,3
Ahuntsic-Cartierville,Summer,Friday,21,13.971,35,4,3
Ahuntsic-Cartierville,Summer,Friday,22,11.4,35,4,3
Ahuntsic-Cartierville,Summer,Friday,23,5.654,26,4,3
Ahuntsic-Cartierville,Summer,Saturday,0,4.086,35,5,3
Ahuntsic-Cartierville,Summer,Saturday,1,5.486,35,5,3
Ahuntsic-Cartierville,Summer,Saturday,2,4.543,35,5,3
Ahuntsic-Cartierville,Summer,Saturday,3,3.029,35,5,3
Ahuntsic-Cartierville,Summer,Saturday,4,1.8,35,5,3
Ahuntsic-Cartierville,Summer,Saturday,5,1.971,35,5,3
Ahuntsic-Cartierville,Summer,Saturday,6,4.514,35,5,3
Ahuntsic-Cartierville,Summer,Saturday,7,7.429,35,5,3
Ahuntsic-Cartierville,Summer,Saturday,8,11.771,35,5,3
Ahuntsic-Cartierville,Summer,Saturday,9,23.371,35,5,3
Ahuntsic-Cartierville,Summer,Saturday,10,28.6,35,5,3
Ahuntsic-Cartierville,Summer,Saturday,11,35.429,35,5,3
Ahuntsic-Cartierville,Summer,Saturday,12,37.6,35,5,3
Ahuntsic-Cartierville,Summer,Saturday,13,39.429,35,5,3
Ahuntsic-Cartierville,Summer,Saturday,14,48.171,35,5,3
Ahuntsic-Cartierville,Summer,Saturday,15,49.657,35,5,3
Ahuntsic-Cartierville,Summer,Saturday,16,44.2,35,5,3
Ahuntsic-Cartierville,Summer,Saturday,17,39.2,35,5,3
Ahuntsic-Cartierville,Summer,Saturday,18,29.029,35,5,3
Ahuntsic-Cartierville,Summer,Saturday,19,20.8,35,5,3
Ahuntsic-Cartierville,Summer,Saturday,20,16.343,35,5,3
Ahuntsic-Cartierville,Summer,Saturday,21,11.171,35,5,3
Ahuntsic-Cartierville,Summer,Saturday,22,8.629,35,5,3
Ahuntsic-Cartierville,Summer,Saturday,23,3.867,30,5,3
Ahuntsic-Cartierville,Summer,Sunday,0,3.688,32,6,3
Ahuntsic-Cartierville,Summer,Sunday,1,4.057,35,6,3
Ahuntsic-Cartierville,Summer,Sunday,2,3.686,35,6,3
Ahuntsic-Cartierville,Summer,Sunday,3,1.771,35,6,3
Ahuntsic-Cartierville,Summer,Sunday,4,1.771,35,6,3
Ahuntsic-Cartierville,Summer,Sunday,5,1.686,35,6,3
Ahuntsic-Cartierville,Summer,Sunday,6,3.0,35,6,3
Ahuntsic-Cartierville,Summer,Sunday,7,4.629,35,6,3
Ahuntsic-Cartierville,Summer,Sunday,8,9.771,35,6,3
Ahuntsic-Cartierville,Summer,Sunday,9,15.657,35,6,3
Ahuntsic-Cartierville,Summer,Sunday,10,21.6,35,6,3
Ahuntsic-Cartierville,Summer,Sunday,11,28.171,35,6,3
Ahuntsic-Cartierville,Summer,Sunday,12,31.057,35,6,3
Ahuntsic-Cartierville,Summer,Sunday,13,35.029,35,6,3
Ahuntsic-Cartierville,Summer,Sunday,14,43.2,35,6,3
Ahuntsic-Cartierville,Summer,Sunday,15,47.686,35,6,3
Ahuntsic-Cartierville,Summer,Sunday,16,41.829,35,6,3
Ahuntsic-Cartierville,Summer,Sunday,17,35.457,35,6,3
Ahuntsic-Cartierville,Summer,Sunday,18,23.771,35,6,3
Ahuntsic-Cartierville,Summer,Sunday,19,15.686,35,6,3
Ahuntsic-Cartierville,Summer,Sunday,20,12.657,35,6,3
Ahuntsic-Cartierville,Summer,Sunday,21,8.943,35,6,3
Ahuntsic-Cartierville,Summer,Sunday,22,6.4,35,6,3
Ahuntsic-Cartierville,Summer,Sunday,23,4.0,21,6,3
All Montréal,Summer,Monday,0,5.656,212,0,3
All Montréal,Summer,Monday,1,5.38,234,0,3
All Montréal,Summer,Monday,2,3.261,234,0,3
All Montréal,Summer,Monday,3,2.419,234,0,3
All Montréal,Summer,Monday,4,1.957,234,0,3
All Montréal,Summer,Monday,5,5.838,234,0,3
All Montréal,Summer,Monday,6,16.034,234,0,3
All Montréal,Summer,Monday,7,33.521,234,0,3
All Montréal,Summer,Monday,8,65.607,234,0,3
All Montréal,Summer,Monday,9,42.491,234,0,3
All Montréal,Summer,Monday,10,32.128,234,0,3
All Montréal,Summer,Monday,11,34.47,234,0,3
All Montréal,Summer,Monday,12,39.778,234,0,3
All Montréal,Summer,Monday,13,40.392,255,0,3
All Montréal,Summer,Monday,14,43.332,256,0,3
All Montréal,Summer,Monday,15,53.258,256,0,3
All Montréal,Summer,Monday,16,79.868,257,0,3
All Montréal,Summer,Monday,17,107.296,257,0,3
All Montréal,Summer,Monday,18,75.012,257,0,3
All Montréal,Summer,Monday,19,50.957,257,0,3
All Montréal,Summer,Monday,20,45.043,258,0,3
All Montréal,Summer,Monday,21,33.07,258,0,3
All Montréal,Summer,Monday,22,22.717,258,0,3
All Montréal,Summer,Monday,23,10.58,200,0,3
All Montréal,Summer,Tuesday,0,4.723,191,1,3
All Montréal,Summer,Tuesday,1,4.384,258,1,3
All Montréal,Summer,Tuesday,2,2.705,258,1,3
All Montréal,Summer,Tuesday,3,1.883,256,1,3
All Montréal,Summer,Tuesday,4,1.883,256,1,3
All Montréal,Summer,Tuesday,5,6.027,256,1,3
All Montréal,Summer,Tuesday,6,17.238,256,1,3
All Montréal,Summer,Tuesday,7,40.969,256,1,3
All Montréal,Summer,Tuesday,8,84.458,253,1,3
All Montréal,Summer,Tuesday,9,50.043,255,1,3
All Montréal,Summer,Tuesday,10,33.231,255,1,3
All Montréal,Summer,Tuesday,11,33.515,270,1,3
All Montréal,Summer,Tuesday,12,39.811,254,1,3
All Montréal,Summer,Tuesday,13,45.197,234,1,3
All Montréal,Summer,Tuesday,14,45.691,256,1,3
All Montréal,Summer,Tuesday,15,55.72,254,1,3
All Montréal,Summer,Tuesday,16,87.921,254,1,3
All Montréal,Summer,Tuesday,17,123.496,254,1,3
All Montréal,Summer,Tuesday,18,83.764,254,1,3
All Montréal,Summer,Tuesday,19,60.189,254,1,3
All Montréal,Summer,Tuesday,20,47.539,254,1,3
All Montréal,Summer,Tuesday,21,38.854,254,1,3
All Montréal,Summer,Tuesday,22,25.371,256,1,3
All Montréal,Summer,Tuesday,23,10.401,212,1,3
All Montréal,Summer,Wednesday,0,6.653,170,2,3
All Montréal,Summer,Wednesday,1,4.824,256,2,3
All Montréal,Summer,Wednesday,2,2.941,256,2,3
All Montréal,Summer,Wednesday,3,1.926,256,2,3
All Montréal,Summer,Wednesday,4,1.883,256,2,3
All Montréal,Summer,Wednesday,5,6.238,256,2,3
All Montréal,Summer,Wednesday,6,19.648,256,2,3
All Montréal,Summer,Wednesday,7,45.227,255,2,3
All Montréal,Summer,Wednesday,8,93.635,255,2,3
All Montréal,Summer,Wednesday,9,54.761,251,2,3
All Montréal,Summer,Wednesday,10,34.446,251,2,3
All Montréal,Summer,Wednesday,11,36.347,251,2,3
All Montréal,Summer,Wednesday,12,43.195,251,2,3
All Montréal,Summer,Wednesday,13,44.944,251,2,3
All Montréal,Summer,Wednesday,14,44.907,257,2,3
All Montréal,Summer,Wednesday,15,59.619,257,2,3
All Montréal,Summer,Wednesday,16,95.288,257,2,3
All Montréal,Summer,Wednesday,17,126.852,257,2,3
All Montréal,Summer,Wednesday,18,88.743,257,2,3
All Montréal,Summer,Wednesday,19,62.525,257,2,3
All Montréal,Summer,Wednesday,20,48.63,257,2,3
All Montréal,Summer,Wednesday,21,38.922,257,2,3
All Montréal,Summer,Wednesday,22,29.171,257,2,3
All Montréal,Summer,Wednesday,23,7.141,213,2,3
All Montréal,Summer,Thursday,0,5.051,214,3,3
All Montréal,Summer,Thursday,1,4.689,257,3,3
All Montréal,Summer,Thursday,2,2.789,256,3,3
All Montréal,Summer,Thursday,3,1.711,256,3,3
All Montréal,Summer,Thursday,4,1.895,256,3,3
All Montréal,Summer,Thursday,5,4.684,256,3,3
All Montréal,Summer,Thursday,6,16.613,256,3,3
All Montréal,Summer,Thursday,7,37.414,256,3,3
All Montréal,Summer,Thursday,8,78.75,256,3,3
All Montréal,Summer,Thursday,9,44.891,256,3,3
All Montréal,Summer,Thursday,10,32.148,256,3,3
All Montréal,Summer,Thursday,11,36.344,256,3,3
All Montréal,Summer,Thursday,12,43.574,256,3,3
All Montréal,Summer,Thursday,13,43.331,257,3,3
All Montréal,Summer,Thursday,14,47.163,257,3,3
All Montréal,Summer,Thursday,15,54.424,257,3,3
All Montréal,Summer,Thursday,16,86.233,236,3,3
All Montréal,Summer,Thursday,17,110.297,236,3,3
All Montréal,Summer,Thursday,18,77.822,236,3,3
All Montréal,Summer,Thursday,19,54.894,236,3,3
All Montréal,Summer,Thursday,20,44.504,236,3,3
All Montréal,Summer,Thursday,21,39.301,236,3,3
All Montréal,Summer,Thursday,22,32.669,236,3,3
All Montréal,Summer,Thursday,23,17.943,141,3,3
All Montréal,Summer,Friday,0,5.968,216,4,3
All Montréal,Summer,Friday,1,7.412,216,4,3
All Montréal,Summer,Friday,2,3.731,216,4,3
All Montréal,Summer,Friday,3,3.102,216,4,3
All Montréal,Summer,Friday,4,1.907,216,4,3
All Montréal,Summer,Friday,5,4.954,216,4,3
All Montréal,Summer,Friday,6,13.33,215,4,3
All Montréal,Summer,Friday,7,23.088,215,4,3
All Montréal,Summer,Friday,8,40.893,215,4,3
All Montréal,Summer,Friday,9,31.128,234,4,3
All Montréal,Summer,Friday,10,30.551,234,4,3
All Montréal,Summer,Friday,11,35.739,253,4,3
All Montréal,Summer,Friday,12,45.628,253,4,3
All Montréal,Summer,Friday,13,49.396,255,4,3
All Montréal,Summer,Friday,14,56.625,256,4,3
All Montréal,Summer,Friday,15,65.949,256,4,3
All Montréal,Summer,Friday,16,79.32,256,4,3
All Montréal,Summer,Friday,17,86.633,256,4,3
All Montréal,Summer,Friday,18,69.18,256,4,3
All Montréal,Summer,Friday,19,57.179,251,4,3
All Montréal,Summer,Friday,20,46.43,256,4,3
All Montréal,Summer,Friday,21,38.852,256,4,3
All Montréal,Summer,Friday,22,31.652,256,4,3
All Montréal,Summer,Friday,23,14.044,180,4,3
All Montréal,Summer,Saturday,0,9.665,251,5,3
All Montréal,Summer,Saturday,1,13.996,251,5,3
All Montréal,Summer,Saturday,2,9.406,251,5,3
All Montréal,Summer,Saturday,3,6.841,251,5,3
All Montréal,Summer,Saturday,4,3.187,251,5,3
All Montréal,Summer,Saturday,5,3.312,250,5,3
All Montréal,Summer,Saturday,6,5.82,250,5,3
All Montréal,Summer,Saturday,7,9.801,251,5,3
All Montréal,Summer,Saturday,8,16.381,247,5,3
All Montréal,Summer,Saturday,9,27.66,247,5,3
All Montréal,Summer,Saturday,10,38.091,252,5,3
All Montréal,Summer,Saturday,11,48.885,252,5,3
All Montréal,Summer,Saturday,12,54.516,256,5,3
All Montréal,Summer,Saturday,13,58.871,256,5,3
All Montréal,Summer,Saturday,14,69.168,256,5,3
All Montréal,Summer,Saturday,15,71.941,256,5,3
All Montréal,Summer,Saturday,16,70.247,255,5,3
All Montréal,Summer,Saturday,17,65.537,255,5,3
All Montréal,Summer,Saturday,18,60.576,255,5,3
All Montréal,Summer,Saturday,19,51.624,255,5,3
All Montréal,Summer,Saturday,20,42.451,255,5,3
All Montréal,Summer,Saturday,21,32.957,255,5,3
All Montréal,Summer,Saturday,22,27.69,255,5,3
All Montréal,Summer,Saturday,23,11.829,216,5,3
All Montréal,Summer,Sunday,0,8.97,233,6,3
All Montréal,Summer,Sunday,1,12.004,255,6,3
All Montréal,Summer,Sunday,2,8.831,255,6,3
All Montréal,Summer,Sunday,3,6.665,254,6,3
All Montréal,Summer,Sunday,4,3.122,255,6,3
All Montréal,Summer,Sunday,5,3.082,255,6,3
All Montréal,Summer,Sunday,6,4.51,255,6,3
All Montréal,Summer,Sunday,7,8.122,255,6,3
All Montréal,Summer,Sunday,8,13.353,255,6,3
All Montréal,Summer,Sunday,9,23.341,255,6,3
All Montréal,Summer,Sunday,10,32.533,255,6,3
All Montréal,Summer,Sunday,11,40.482,255,6,3
All Montréal,Summer,Sunday,12,47.922,255,6,3
All Montréal,Summer,Sunday,13,52.635,255,6,3
All Montréal,Summer,Sunday,14,59.808,255,6,3
All Montréal,Summer,Sunday,15,65.22,255,6,3
All Montréal,Summer,Sunday,16,64.78,255,6,3
All Montréal,Summer,Sunday,17,58.255,255,6,3
All Montréal,Summer,Sunday,18,49.561,255,6,3
All Montréal,Summer,Sunday,19,41.22,255,6,3
All Montréal,Summer,Sunday,20,33.643,255,6,3
All Montréal,Summer,Sunday,21,29.698,255,6,3
All Montréal,Summer,Sunday,22,20.537,255,6,3
All Montréal,Summer,Sunday,23,12.322,152,6,3
Le Sud-Ouest,Summer,Monday,0,2.625,48,0,3
Le Sud-Ouest,Summer,Monday,1,2.481,52,0,3
Le Sud-Ouest,Summer,Monday,2,1.365,52,0,3
Le Sud-Ouest,Summer,Monday,3,1.365,52,0,3
Le Sud-Ouest,Summer,Monday,4,1.212,52,0,3
Le Sud-Ouest,Summer,Monday,5,2.827,52,0,3
Le Sud-Ouest,Summer,Monday,6,8.115,52,0,3
Le Sud-Ouest,Summer,Monday,7,17.923,52,0,3
Le Sud-Ouest,Summer,Monday,8,37.635,52,0,3
Le Sud-Ouest,Summer,Monday,9,20.635,52,0,3
Le Sud-Ouest,Summer,Monday,10,12.75,52,0,3
Le Sud-Ouest,Summer,Monday,11,15.788,52,0,3
Le Sud-Ouest,Summer,Monday,12,20.673,52,0,3
Le Sud-Ouest,Summer,Monday,13,22.714,56,0,3
Le Sud-Ouest,Summer,Monday,14,23.839,56,0,3
Le Sud-Ouest,Summer,Monday,15,30.107,56,0,3
Le Sud-Ouest,Summer,Monday,16,39.5,56,0,3
Le Sud-Ouest,Summer,Monday,17,53.964,56,0,3
Le Sud-Ouest,Summer,Monday,18,39.804,56,0,3
Le Sud-Ouest,Summer,Monday,19,28.071,56,0,3
Le Sud-Ouest,Summer,Monday,20,25.86,57,0,3
Le Sud-Ouest,Summer,Monday,21,17.965,57,0,3
Le Sud-Ouest,Summer,Monday,22,12.0,57,0,3
Le Sud-Ouest,Summer,Monday,23,5.159,44,0,3
Le Sud-Ouest,Summer,Tuesday,0,2.605,43,1,3
Le Sud-Ouest,Summer,Tuesday,1,2.07,57,1,3
Le Sud-Ouest,Summer,Tuesday,2,1.368,57,1,3
Le Sud-Ouest,Summer,Tuesday,3,1.105,57,1,3
Le Sud-Ouest,Summer,Tuesday,4,1.053,57,1,3
Le Sud-Ouest,Summer,Tuesday,5,2.193,57,1,3
Le Sud-Ouest,Summer,Tuesday,6,8.649,57,1,3
Le Sud-Ouest,Summer,Tuesday,7,21.053,57,1,3
Le Sud-Ouest,Summer,Tuesday,8,45.509,57,1,3
Le Sud-Ouest,Summer,Tuesday,9,22.912,57,1,3
Le Sud-Ouest,Summer,Tuesday,10,12.877,57,1,3
Le Sud-Ouest,Summer,Tuesday,11,15.557,61,1,3
Le Sud-Ouest,Summer,Tuesday,12,20.632,57,1,3
Le Sud-Ouest,Summer,Tuesday,13,25.269,52,1,3
Le Sud-Ouest,Summer,Tuesday,14,25.719,57,1,3
Le Sud-Ouest,Summer,Tuesday,15,31.105,57,1,3
Le Sud-Ouest,Summer,Tuesday,16,46.719,57,1,3
Le Sud-Ouest,Summer,Tuesday,17,62.263,57,1,3
Le Sud-Ouest,Summer,Tuesday,18,44.211,57,1,3
Le Sud-Ouest,Summer,Tuesday,19,34.895,57,1,3
Le Sud-Ouest,Summer,Tuesday,20,30.228,57,1,3
Le Sud-Ouest,Summer,Tuesday,21,21.456,57,1,3
Le Sud-Ouest,Summer,Tuesday,22,13.596,57,1,3
Le Sud-Ouest,Summer,Tuesday,23,4.638,47,1,3
Le Sud-Ouest,Summer,Wednesday,0,3.105,38,2,3
Le Sud-Ouest,Summer,Wednesday,1,2.333,57,2,3
Le Sud-Ouest,Summer,Wednesday,2,1.439,57,2,3
Le Sud-Ouest,Summer,Wednesday,3,1.158,57,2,3
Le Sud-Ouest,Summer,Wednesday,4,0.825,57,2,3
Le Sud-Ouest,Summer,Wednesday,5,3.018,57,2,3
Le Sud-Ouest,Summer,Wednesday,6,9.246,57,2,3
Le Sud-Ouest,Summer,Wednesday,7,22.754,57,2,3
Le Sud-Ouest,Summer,Wednesday,8,49.228,57,2,3
Le Sud-Ouest,Summer,Wednesday,9,26.545,55,2,3
Le Sud-Ouest,Summer,Wednesday,10,15.636,55,2,3
Le Sud-Ouest,Summer,Wednesday,11,17.455,55,2,3
Le Sud-Ouest,Summer,Wednesday,12,21.455,55,2,3
Le Sud-Ouest,Summer,Wednesday,13,23.255,55,2,3
Le Sud-Ouest,Summer,Wednesday,14,23.93,57,2,3
Le Sud-Ouest,Summer,Wednesday,15,31.158,57,2,3
Le Sud-Ouest,Summer,Wednesday,16,45.772,57,2,3
Le Sud-Ouest,Summer,Wednesday,17,61.702,57,2,3
Le Sud-Ouest,Summer,Wednesday,18,44.439,57,2,3
Le Sud-Ouest,Summer,Wednesday,19,35.298,57,2,3
Le Sud-Ouest,Summer,Wednesday,20,28.86,57,2,3
Le Sud-Ouest,Summer,Wednesday,21,19.333,57,2,3
Le Sud-Ouest,Summer,Wednesday,22,14.333,57,2,3
Le Sud-Ouest,Summer,Wednesday,23,3.681,47,2,3
Le Sud-Ouest,Summer,Thursday,0,2.17,47,3,3
Le Sud-Ouest,Summer,Thursday,1,2.211,57,3,3
Le Sud-Ouest,Summer,Thursday,2,1.421,57,3,3
Le Sud-Ouest,Summer,Thursday,3,1.018,57,3,3
Le Sud-Ouest,Summer,Thursday,4,0.825,57,3,3
Le Sud-Ouest,Summer,Thursday,5,1.579,57,3,3
Le Sud-Ouest,Summer,Thursday,6,8.105,57,3,3
Le Sud-Ouest,Summer,Thursday,7,18.421,57,3,3
Le Sud-Ouest,Summer,Thursday,8,42.158,57,3,3
Le Sud-Ouest,Summer,Thursday,9,21.754,57,3,3
Le Sud-Ouest,Summer,Thursday,10,14.088,57,3,3
Le Sud-Ouest,Summer,Thursday,11,17.368,57,3,3
Le Sud-Ouest,Summer,Thursday,12,23.439,57,3,3
Le Sud-Ouest,Summer,Thursday,13,22.707,58,3,3
Le Sud-Ouest,Summer,Thursday,14,25.121,58,3,3
Le Sud-Ouest,Summer,Thursday,15,29.362,58,3,3
Le Sud-Ouest,Summer,Thursday,16,47.226,53,3,3
Le Sud-Ouest,Summer,Thursday,17,58.604,53,3,3
Le Sud-Ouest,Summer,Thursday,18,39.604,53,3,3
Le Sud-Ouest,Summer,Thursday,19,31.321,53,3,3
Le Sud-Ouest,Summer,Thursday,20,26.283,53,3,3
Le Sud-Ouest,Summer,Thursday,21,20.604,53,3,3
Le Sud-Ouest,Summer,Thursday,22,15.66,53,3,3
Le Sud-Ouest,Summer,Thursday,23,8.939,33,3,3
Le Sud-Ouest,Summer,Friday,0,3.333,48,4,3
Le Sud-Ouest,Summer,Friday,1,3.521,48,4,3
Le Sud-Ouest,Summer,Friday,2,1.833,48,4,3
Le Sud-Ouest,Summer,Friday,3,1.417,48,4,3
Le Sud-Ouest,Summer,Friday,4,0.896,48,4,3
Le Sud-Ouest,Summer,Friday,5,2.25,48,4,3
Le Sud-Ouest,Summer,Friday,6,5.854,48,4,3
Le Sud-Ouest,Summer,Friday,7,11.667,48,4,3
Le Sud-Ouest,Summer,Friday,8,22.396,48,4,3
Le Sud-Ouest,Summer,Friday,9,15.981,52,4,3
Le Sud-Ouest,Summer,Friday,10,13.077,52,4,3
Le Sud-Ouest,Summer,Friday,11,17.357,56,4,3
Le Sud-Ouest,Summer,Friday,12,23.107,56,4,3
Le Sud-Ouest,Summer,Friday,13,27.123,57,4,3
Le Sud-Ouest,Summer,Friday,14,30.702,57,4,3
Le Sud-Ouest,Summer,Friday,15,35.842,57,4,3
Le Sud-Ouest,Summer,Friday,16,44.07,57,4,3
Le Sud-Ouest,Summer,Friday,17,45.807,57,4,3
Le Sud-Ouest,Summer,Friday,18,34.333,57,4,3
Le Sud-Ouest,Summer,Friday,19,32.727,55,4,3
Le Sud-Ouest,Summer,Friday,20,26.561,57,4,3
Le Sud-Ouest,Summer,Friday,21,19.211,57,4,3
Le Sud-Ouest,Summer,Friday,22,15.702,57,4,3
Le Sud-Ouest,Summer,Friday,23,6.9,40,4,3
Le Sud-Ouest,Summer,Saturday,0,4.345,55,5,3
Le Sud-Ouest,Summer,Saturday,1,6.582,55,5,3
Le Sud-Ouest,Summer,Saturday,2,4.364,55,5,3
Le Sud-Ouest,Summer,Saturday,3,3.2,55,5,3
Le Sud-Ouest,Summer,Saturday,4,1.8,55,5,3
Le Sud-Ouest,Summer,Saturday,5,1.618,55,5,3
Le Sud-Ouest,Summer,Saturday,6,2.018,55,5,3
Le Sud-Ouest,Summer,Saturday,7,4.709,55,5,3
Le Sud-Ouest,Summer,Saturday,8,9.436,55,5,3
Le Sud-Ouest,Summer,Saturday,9,14.891,55,5,3
Le Sud-Ouest,Summer,Saturday,10,17.035,57,5,3
Le Sud-Ouest,Summer,Saturday,11,21.632,57,5,3
Le Sud-Ouest,Summer,Saturday,12,27.596,57,5,3
Le Sud-Ouest,Summer,Saturday,13,34.474,57,5,3
Le Sud-Ouest,Summer,Saturday,14,39.053,57,5,3
Le Sud-Ouest,Summer,Saturday,15,42.474,57,5,3
Le Sud-Ouest,Summer,Saturday,16,42.614,57,5,3
Le Sud-Ouest,Summer,Saturday,17,39.509,57,5,3
Le Sud-Ouest,Summer,Saturday,18,37.123,57,5,3
Le Sud-Ouest,Summer,Saturday,19,33.281,57,5,3
Le Sud-Ouest,Summer,Saturday,20,25.491,57,5,3
Le Sud-Ouest,Summer,Saturday,21,19.088,57,5,3
Le Sud-Ouest,Summer,Saturday,22,14.684,57,5,3
Le Sud-Ouest,Summer,Saturday,23,7.188,48,5,3
Le Sud-Ouest,Summer,Sunday,0,4.654,52,6,3
Le Sud-Ouest,Summer,Sunday,1,5.667,57,6,3
Le Sud-Ouest,Summer,Sunday,2,4.263,57,6,3
Le Sud-Ouest,Summer,Sunday,3,3.368,57,6,3
Le Sud-Ouest,Summer,Sunday,4,1.596,57,6,3
Le Sud-Ouest,Summer,Sunday,5,1.386,57,6,3
Le Sud-Ouest,Summer,Sunday,6,1.772,57,6,3
Le Sud-Ouest,Summer,Sunday,7,3.474,57,6,3
Le Sud-Ouest,Summer,Sunday,8,7.596,57,6,3
Le Sud-Ouest,Summer,Sunday,9,12.982,57,6,3
Le Sud-Ouest,Summer,Sunday,10,17.719,57,6,3
Le Sud-Ouest,Summer,Sunday,11,21.526,57,6,3
Le Sud-Ouest,Summer,Sunday,12,24.772,57,6,3
Le Sud-Ouest,Summer,Sunday,13,32.053,57,6,3
Le Sud-Ouest,Summer,Sunday,14,37.07,57,6,3
Le Sud-Ouest,Summer,Sunday,15,39.263,57,6,3
Le Sud-Ouest,Summer,Sunday,16,39.614,57,6,3
Le Sud-Ouest,Summer,Sunday,17,34.667,57,6,3
Le Sud-Ouest,Summer,Sunday,18,28.632,57,6,3
Le Sud-Ouest,Summer,Sunday,19,23.982,57,6,3
Le Sud-Ouest,Summer,Sunday,20,20.368,57,6,3
Le Sud-Ouest,Summer,Sunday,21,18.228,57,6,3
Le Sud-Ouest,Summer,Sunday,22,10.596,57,6,3
Le Sud-Ouest,Summer,Sunday,23,7.333,33,6,3
Mercier–Hochelaga-Maisonneuve,Summer,Monday,0,0.6,40,0,3
Mercier–Hochelaga-Maisonneuve,Summer,Monday,1,0.659,44,0,3
Mercier–Hochelaga-Maisonneuve,Summer,Monday,2,0.705,44,0,3
Mercier–Hochelaga-Maisonneuve,Summer,Monday,3,0.614,44,0,3
Mercier–Hochelaga-Maisonneuve,Summer,Monday,4,0.818,44,0,3
Mercier–Hochelaga-Maisonneuve,Summer,Monday,5,4.136,44,0,3
Mercier–Hochelaga-Maisonneuve,Summer,Monday,6,9.909,44,0,3
Mercier–Hochelaga-Maisonneuve,Summer,Monday,7,5.568,44,0,3
Mercier–Hochelaga-Maisonneuve,Summer,Monday,8,4.0,44,0,3
Mercier–Hochelaga-Maisonneuve,Summer,Monday,9,2.909,44,0,3
Mercier–Hochelaga-Maisonneuve,Summer,Monday,10,3.477,44,0,3
Mercier–Hochelaga-Maisonneuve,Summer,Monday,11,4.682,44,0,3
Mercier–Hochelaga-Maisonneuve,Summer,Monday,12,7.182,44,0,3
Mercier–Hochelaga-Maisonneuve,Summer,Monday,13,8.958,48,0,3
Mercier–Hochelaga-Maisonneuve,Summer,Monday,14,14.312,48,0,3
Mercier–Hochelaga-Maisonneuve,Summer,Monday,15,16.625,48,0,3
Mercier–Hochelaga-Maisonneuve,Summer,Monday,16,20.604,48,0,3
Mercier–Hochelaga-Maisonneuve,Summer,Monday,17,19.979,48,0,3
Mercier–Hochelaga-Maisonneuve,Summer,Monday,18,12.125,48,0,3
Mercier–Hochelaga-Maisonneuve,Summer,Monday,19,9.458,48,0,3
Mercier–Hochelaga-Maisonneuve,Summer,Monday,20,6.333,48,0,3
Mercier–Hochelaga-Maisonneuve,Summer,Monday,21,3.938,48,0,3
Mercier–Hochelaga-Maisonneuve,Summer,Monday,22,2.333,48,0,3
Mercier–Hochelaga-Maisonneuve,Summer,Monday,23,1.027,37,0,3
Mercier–Hochelaga-Maisonneuve,Summer,Tuesday,0,0.472,36,1,3
Mercier–Hochelaga-Maisonneuve,Summer,Tuesday,1,0.542,48,1,3
Mercier–Hochelaga-Maisonneuve,Summer,Tuesday,2,0.875,48,1,3
Mercier–Hochelaga-Maisonneuve,Summer,Tuesday,3,0.5,48,1,3
Mercier–Hochelaga-Maisonneuve,Summer,Tuesday,4,1.021,48,1,3
Mercier–Hochelaga-Maisonneuve,Summer,Tuesday,5,3.792,48,1,3
Mercier–Hochelaga-Maisonneuve,Summer,Tuesday,6,7.667,48,1,3
Mercier–Hochelaga-Maisonneuve,Summer,Tuesday,7,6.25,48,1,3
Mercier–Hochelaga-Maisonneuve,Summer,Tuesday,8,5.625,48,1,3
Mercier–Hochelaga-Maisonneuve,Summer,Tuesday,9,3.0,48,1,3
Mercier–Hochelaga-Maisonneuve,Summer,Tuesday,10,4.604,48,1,3
Mercier–Hochelaga-Maisonneuve,Summer,Tuesday,11,5.255,51,1,3
Mercier–Hochelaga-Maisonneuve,Summer,Tuesday,12,6.792,48,1,3
Mercier–Hochelaga-Maisonneuve,Summer,Tuesday,13,10.955,44,1,3
Mercier–Hochelaga-Maisonneuve,Summer,Tuesday,14,14.688,48,1,3
Mercier–Hochelaga-Maisonneuve,Summer,Tuesday,15,17.417,48,1,3
Mercier–Hochelaga-Maisonneuve,Summer,Tuesday,16,19.125,48,1,3
Mercier–Hochelaga-Maisonneuve,Summer,Tuesday,17,21.625,48,1,3
Mercier–Hochelaga-Maisonneuve,Summer,Tuesday,18,12.521,48,1,3
Mercier–Hochelaga-Maisonneuve,Summer,Tuesday,19,10.875,48,1,3
Mercier–Hochelaga-Maisonneuve,Summer,Tuesday,20,7.042,48,1,3
Mercier–Hochelaga-Maisonneuve,Summer,Tuesday,21,4.104,48,1,3
Mercier–Hochelaga-Maisonneuve,Summer,Tuesday,22,2.938,48,1,3
Mercier–Hochelaga-Maisonneuve,Summer,Tuesday,23,0.8,40,1,3
Mercier–Hochelaga-Maisonneuve,Summer,Wednesday,0,0.781,32,2,3
Mercier–Hochelaga-Maisonneuve,Summer,Wednesday,1,1.042,48,2,3
Mercier–Hochelaga-Maisonneuve,Summer,Wednesday,2,0.729,48,2,3
Mercier–Hochelaga-Maisonneuve,Summer,Wednesday,3,0.458,48,2,3
Mercier–Hochelaga-Maisonneuve,Summer,Wednesday,4,1.312,48,2,3
Mercier–Hochelaga-Maisonneuve,Summer,Wednesday,5,4.104,48,2,3
Mercier–Hochelaga-Maisonneuve,Summer,Wednesday,6,9.271,48,2,3
Mercier–Hochelaga-Maisonneuve,Summer,Wednesday,7,6.062,48,2,3
Mercier–Hochelaga-Maisonneuve,Summer,Wednesday,8,4.792,48,2,3
Mercier–Hochelaga-Maisonneuve,Summer,Wednesday,9,3.625,48,2,3
Mercier–Hochelaga-Maisonneuve,Summer,Wednesday,10,4.167,48,2,3
Mercier–Hochelaga-Maisonneuve,Summer,Wednesday,11,4.854,48,2,3
Mercier–Hochelaga-Maisonneuve,Summer,Wednesday,12,6.438,48,2,3
Mercier–Hochelaga-Maisonneuve,Summer,Wednesday,13,12.191,47,2,3
Mercier–Hochelaga-Maisonneuve,Summer,Wednesday,14,13.333,48,2,3
Mercier–Hochelaga-Maisonneuve,Summer,Wednesday,15,17.229,48,2,3
Mercier–Hochelaga-Maisonneuve,Summer,Wednesday,16,21.917,48,2,3
Mercier–Hochelaga-Maisonneuve,Summer,Wednesday,17,21.458,48,2,3
Mercier–Hochelaga-Maisonneuve,Summer,Wednesday,18,14.708,48,2,3
Mercier–Hochelaga-Maisonneuve,Summer,Wednesday,19,9.833,48,2,3
Mercier–Hochelaga-Maisonneuve,Summer,Wednesday,20,6.104,48,2,3
Mercier–Hochelaga-Maisonneuve,Summer,Wednesday,21,4.958,48,2,3
Mercier–Hochelaga-Maisonneuve,Summer,Wednesday,22,3.125,48,2,3
Mercier–Hochelaga-Maisonneuve,Summer,Wednesday,23,0.9,40,2,3
Mercier–Hochelaga-Maisonneuve,Summer,Thursday,0,0.775,40,3,3
Mercier–Hochelaga-Maisonneuve,Summer,Thursday,1,0.646,48,3,3
Mercier–Hochelaga-Maisonneuve,Summer,Thursday,2,0.771,48,3,3
Mercier–Hochelaga-Maisonneuve,Summer,Thursday,3,0.521,48,3,3
Mercier–Hochelaga-Maisonneuve,Summer,Thursday,4,1.062,48,3,3
Mercier–Hochelaga-Maisonneuve,Summer,Thursday,5,2.583,48,3,3
Mercier–Hochelaga-Maisonneuve,Summer,Thursday,6,7.542,48,3,3
Mercier–Hochelaga-Maisonneuve,Summer,Thursday,7,6.625,48,3,3
Mercier–Hochelaga-Maisonneuve,Summer,Thursday,8,4.812,48,3,3
Mercier–Hochelaga-Maisonneuve,Summer,Thursday,9,3.417,48,3,3
Mercier–Hochelaga-Maisonneuve,Summer,Thursday,10,3.771,48,3,3
Mercier–Hochelaga-Maisonneuve,Summer,Thursday,11,3.812,48,3,3
Mercier–Hochelaga-Maisonneuve,Summer,Thursday,12,6.604,48,3,3
Mercier–Hochelaga-Maisonneuve,Summer,Thursday,13,8.625,48,3,3
Mercier–Hochelaga-Maisonneuve,Summer,Thursday,14,14.625,48,3,3
Mercier–Hochelaga-Maisonneuve,Summer,Thursday,15,16.562,48,3,3
Mercier–Hochelaga-Maisonneuve,Summer,Thursday,16,22.182,44,3,3
Mercier–Hochelaga-Maisonneuve,Summer,Thursday,17,18.386,44,3,3
Mercier–Hochelaga-Maisonneuve,Summer,Thursday,18,12.068,44,3,3
Mercier–Hochelaga-Maisonneuve,Summer,Thursday,19,7.432,44,3,3
Mercier–Hochelaga-Maisonneuve,Summer,Thursday,20,7.727,44,3,3
Mercier–Hochelaga-Maisonneuve,Summer,Thursday,21,6.636,44,3,3
Mercier–Hochelaga-Maisonneuve,Summer,Thursday,22,3.341,44,3,3
Mercier–Hochelaga-Maisonneuve,Summer,Thursday,23,3.846,26,3,3
Mercier–Hochelaga-Maisonneuve,Summer,Friday,0,0.85,40,4,3
Mercier–Hochelaga-Maisonneuve,Summer,Friday,1,0.625,40,4,3
Mercier–Hochelaga-Maisonneuve,Summer,Friday,2,0.825,40,4,3
Mercier–Hochelaga-Maisonneuve,Summer,Friday,3,0.375,40,4,3
Mercier–Hochelaga-Maisonneuve,Summer,Friday,4,0.525,40,4,3
Mercier–Hochelaga-Maisonneuve,Summer,Friday,5,2.575,40,4,3
Mercier–Hochelaga-Maisonneuve,Summer,Friday,6,5.0,40,4,3
Mercier–Hochelaga-Maisonneuve,Summer,Friday,7,3.175,40,4,3
Mercier–Hochelaga-Maisonneuve,Summer,Friday,8,2.95,40,4,3
Mercier–Hochelaga-Maisonneuve,Summer,Friday,9,2.432,44,4,3
Mercier–Hochelaga-Maisonneuve,Summer,Friday,10,4.159,44,4,3
Mercier–Hochelaga-Maisonneuve,Summer,Friday,11,5.208,48,4,3
Mercier–Hochelaga-Maisonneuve,Summer,Friday,12,7.938,48,4,3
Mercier–Hochelaga-Maisonneuve,Summer,Friday,13,11.229,48,4,3
Mercier–Hochelaga-Maisonneuve,Summer,Friday,14,15.188,48,4,3
Mercier–Hochelaga-Maisonneuve,Summer,Friday,15,17.792,48,4,3
Mercier–Hochelaga-Maisonneuve,Summer,Friday,16,17.521,48,4,3
Mercier–Hochelaga-Maisonneuve,Summer,Friday,17,17.75,48,4,3
Mercier–Hochelaga-Maisonneuve,Summer,Friday,18,11.667,48,4,3
Mercier–Hochelaga-Maisonneuve,Summer,Friday,19,8.979,48,4,3
Mercier–Hochelaga-Maisonneuve,Summer,Friday,20,5.667,48,4,3
Mercier–Hochelaga-Maisonneuve,Summer,Friday,21,4.208,48,4,3
Mercier–Hochelaga-Maisonneuve,Summer,Friday,22,2.271,48,4,3
Mercier–Hochelaga-Maisonneuve,Summer,Friday,23,0.853,34,4,3
Mercier–Hochelaga-Maisonneuve,Summer,Saturday,0,0.854,48,5,3
Mercier–Hochelaga-Maisonneuve,Summer,Saturday,1,1.083,48,5,3
Mercier–Hochelaga-Maisonneuve,Summer,Saturday,2,1.188,48,5,3
Mercier–Hochelaga-Maisonneuve,Summer,Saturday,3,0.812,48,5,3
Mercier–Hochelaga-Maisonneuve,Summer,Saturday,4,0.875,48,5,3
Mercier–Hochelaga-Maisonneuve,Summer,Saturday,5,1.125,48,5,3
Mercier–Hochelaga-Maisonneuve,Summer,Saturday,6,3.188,48,5,3
Mercier–Hochelaga-Maisonneuve,Summer,Saturday,7,2.979,48,5,3
Mercier–Hochelaga-Maisonneuve,Summer,Saturday,8,3.136,44,5,3
Mercier–Hochelaga-Maisonneuve,Summer,Saturday,9,4.432,44,5,3
Mercier–Hochelaga-Maisonneuve,Summer,Saturday,10,7.886,44,5,3
Mercier–Hochelaga-Maisonneuve,Summer,Saturday,11,13.523,44,5,3
Mercier–Hochelaga-Maisonneuve,Summer,Saturday,12,13.229,48,5,3
Mercier–Hochelaga-Maisonneuve,Summer,Saturday,13,20.25,48,5,3
Mercier–Hochelaga-Maisonneuve,Summer,Saturday,14,24.042,48,5,3
Mercier–Hochelaga-Maisonneuve,Summer,Saturday,15,25.833,48,5,3
Mercier–Hochelaga-Maisonneuve,Summer,Saturday,16,26.312,48,5,3
Mercier–Hochelaga-Maisonneuve,Summer,Saturday,17,20.396,48,5,3
Mercier–Hochelaga-Maisonneuve,Summer,Saturday,18,12.875,48,5,3
Mercier–Hochelaga-Maisonneuve,Summer,Saturday,19,8.125,48,5,3
Mercier–Hochelaga-Maisonneuve,Summer,Saturday,20,5.083,48,5,3
Mercier–Hochelaga-Maisonneuve,Summer,Saturday,21,3.188,48,5,3
Mercier–Hochelaga-Maisonneuve,Summer,Saturday,22,2.333,48,5,3
Mercier–Hochelaga-Maisonneuve,Summer,Saturday,23,0.65,40,5,3
Mercier–Hochelaga-Maisonneuve,Summer,Sunday,0,0.773,44,6,3
Mercier–Hochelaga-Maisonneuve,Summer,Sunday,1,0.875,48,6,3
Mercier–Hochelaga-Maisonneuve,Summer,Sunday,2,0.771,48,6,3
Mercier–Hochelaga-Maisonneuve,Summer,Sunday,3,0.542,48,6,3
Mercier–Hochelaga-Maisonneuve,Summer,Sunday,4,0.688,48,6,3
Mercier–Hochelaga-Maisonneuve,Summer,Sunday,5,1.188,48,6,3
Mercier–Hochelaga-Maisonneuve,Summer,Sunday,6,2.042,48,6,3
Mercier–Hochelaga-Maisonneuve,Summer,Sunday,7,3.0,48,6,3
Mercier–Hochelaga-Maisonneuve,Summer,Sunday,8,4.125,48,6,3
Mercier–Hochelaga-Maisonneuve,Summer,Sunday,9,4.604,48,6,3
Mercier–Hochelaga-Maisonneuve,Summer,Sunday,10,7.021,48,6,3
Mercier–Hochelaga-Maisonneuve,Summer,Sunday,11,8.938,48,6,3
Mercier–Hochelaga-Maisonneuve,Summer,Sunday,12,13.354,48,6,3
Mercier–Hochelaga-Maisonneuve,Summer,Sunday,13,15.125,48,6,3
Mercier–Hochelaga-Maisonneuve,Summer,Sunday,14,19.938,48,6,3
Mercier–Hochelaga-Maisonneuve,Summer,Sunday,15,21.188,48,6,3
Mercier–Hochelaga-Maisonneuve,Summer,Sunday,16,23.208,48,6,3
Mercier–Hochelaga-Maisonneuve,Summer,Sunday,17,14.646,48,6,3
Mercier–Hochelaga-Maisonneuve,Summer,Sunday,18,12.229,48,6,3
Mercier–Hochelaga-Maisonneuve,Summer,Sunday,19,9.583,48,6,3
Mercier–Hochelaga-Maisonneuve,Summer,Sunday,20,5.854,48,6,3
Mercier–Hochelaga-Maisonneuve,Summer,Sunday,21,5.104,48,6,3
Mercier–Hochelaga-Maisonneuve,Summer,Sunday,22,2.229,48,6,3
Mercier–Hochelaga-Maisonneuve,Summer,Sunday,23,2.107,28,6,3
Rivière-des-Prairies–Pointe-aux-Trembles,Summer,Monday,0,0.167,18,0,3
Rivière-des-Prairies–Pointe-aux-Trembles,Summer,Monday,1,0.2,20,0,3
Rivière-des-Prairies–Pointe-aux-Trembles,Summer,Monday,2,0.05,20,0,3
Rivière-des-Prairies–Pointe-aux-Trembles,Summer,Monday,3,0.2,20,0,3
Rivière-des-Prairies–Pointe-aux-Trembles,Summer,Monday,4,0.8,20,0,3
Rivière-des-Prairies–Pointe-aux-Trembles,Summer,Monday,5,1.4,20,0,3
Rivière-des-Prairies–Pointe-aux-Trembles,Summer,Monday,6,3.3,20,0,3
Rivière-des-Prairies–Pointe-aux-Trembles,Summer,Monday,7,1.95,20,0,3
Rivière-des-Prairies–Pointe-aux-Trembles,Summer,Monday,8,1.45,20,0,3
Rivière-des-Prairies–Pointe-aux-Trembles,Summer,Monday,9,1.9,20,0,3
Rivière-des-Prairies–Pointe-aux-Trembles,Summer,Monday,10,3.45,20,0,3
Rivière-des-Prairies–Pointe-aux-Trembles,Summer,Monday,11,3.45,20,0,3
Rivière-des-Prairies–Pointe-aux-Trembles,Summer,Monday,12,3.3,20,0,3
Rivière-des-Prairies–Pointe-aux-Trembles,Summer,Monday,13,3.591,22,0,3
Rivière-des-Prairies–Pointe-aux-Trembles,Summer,Monday,14,4.091,22,0,3
Rivière-des-Prairies–Pointe-aux-Trembles,Summer,Monday,15,3.682,22,0,3
Rivière-des-Prairies–Pointe-aux-Trembles,Summer,Monday,16,4.909,22,0,3
Rivière-des-Prairies–Pointe-aux-Trembles,Summer,Monday,17,3.727,22,0,3
Rivière-des-Prairies–Pointe-aux-Trembles,Summer,Monday,18,3.727,22,0,3
Rivière-des-Prairies–Pointe-aux-Trembles,Summer,Monday,19,2.455,22,0,3
Rivière-des-Prairies–Pointe-aux-Trembles,Summer,Monday,20,3.182,22,0,3
Rivière-des-Prairies–Pointe-aux-Trembles,Summer,Monday,21,2.364,22,0,3
Rivière-des-Prairies–Pointe-aux-Trembles,Summer,Monday,22,1.455,22,0,3
Rivière-des-Prairies–Pointe-aux-Trembles,Summer,Monday,23,0.438,16,0,3
Rivière-des-Prairies–Pointe-aux-Trembles,Summer,Tuesday,0,0.125,16,1,3
Rivière-des-Prairies–Pointe-aux-Trembles,Summer,Tuesday,1,0.182,22,1,3
Rivière-des-Prairies–Pointe-aux-Trembles,Summer,Tuesday,2,0.136,22,1,3
Rivière-des-Prairies–Pointe-aux-Trembles,Summer,Tuesday,3,0.227,22,1,3
Rivière-des-Prairies–Pointe-aux-Trembles,Summer,Tuesday,4,0.864,22,1,3
Rivière-des-Prairies–Pointe-aux-Trembles,Summer,Tuesday,5,1.364,22,1,3
Rivière-des-Prairies–Pointe-aux-Trembles,Summer,Tuesday,6,3.182,22,1,3
Rivière-des-Prairies–Pointe-aux-Trembles,Summer,Tuesday,7,1.818,22,1,3
Rivière-des-Prairies–Pointe-aux-Trembles,Summer,Tuesday,8,2.182,22,1,3
Rivière-des-Prairies–Pointe-aux-Trembles,Summer,Tuesday,9,2.273,22,1,3
Rivière-des-Prairies–Pointe-aux-Trembles,Summer,Tuesday,10,2.545,22,1,3
Rivière-des-Prairies–Pointe-aux-Trembles,Summer,Tuesday,11,2.591,22,1,3
Rivière-des-Prairies–Pointe-aux-Trembles,Summer,Tuesday,12,3.182,22,1,3
Rivière-des-Prairies–Pointe-aux-Trembles,Summer,Tuesday,13,4.55,20,1,3
Rivière-des-Prairies–Pointe-aux-Trembles,Summer,Tuesday,14,4.091,22,1,3
Rivière-des-Prairies–Pointe-aux-Trembles,Summer,Tuesday,15,3.864,22,1,3
Rivière-des-Prairies–Pointe-aux-Trembles,Summer,Tuesday,16,4.864,22,1,3
Rivière-des-Prairies–Pointe-aux-Trembles,Summer,Tuesday,17,4.455,22,1,3
Rivière-des-Prairies–Pointe-aux-Trembles,Summer,Tuesday,18,2.682,22,1,3
Rivière-des-Prairies–Pointe-aux-Trembles,Summer,Tuesday,19,3.364,22,1,3
Rivière-des-Prairies–Pointe-aux-Trembles,Summer,Tuesday,20,2.273,22,1,3
Rivière-des-Prairies–Pointe-aux-Trembles,Summer,Tuesday,21,2.409,22,1,3
Rivière-des-Prairies–Pointe-aux-Trembles,Summer,Tuesday,22,1.136,22,1,3
Rivière-des-Prairies–Pointe-aux-Trembles,Summer,Tuesday,23,0.5,18,1,3
Rivière-des-Prairies–Pointe-aux-Trembles,Summer,Wednesday,0,0.429,14,2,3
Rivière-des-Prairies–Pointe-aux-Trembles,Summer,Wednesday,1,0.182,22,2,3
Rivière-des-Prairies–Pointe-aux-Trembles,Summer,Wednesday,2,0.273,22,2,3
Rivière-des-Prairies–Pointe-aux-Trembles,Summer,Wednesday,3,0.0,22,2,3
Rivière-des-Prairies–Pointe-aux-Trembles,Summer,Wednesday,4,0.909,22,2,3
Rivière-des-Prairies–Pointe-aux-Trembles,Summer,Wednesday,5,1.545,22,2,3
Rivière-des-Prairies–Pointe-aux-Trembles,Summer,Wednesday,6,4.045,22,2,3
Rivière-des-Prairies–Pointe-aux-Trembles,Summer,Wednesday,7,2.045,22,2,3
Rivière-des-Prairies–Pointe-aux-Trembles,Summer,Wednesday,8,1.409,22,2,3
Rivière-des-Prairies–Pointe-aux-Trembles,Summer,Wednesday,9,2.091,22,2,3
Rivière-des-Prairies–Pointe-aux-Trembles,Summer,Wednesday,10,3.318,22,2,3
Rivière-des-Prairies–Pointe-aux-Trembles,Summer,Wednesday,11,3.045,22,2,3
Rivière-des-Prairies–Pointe-aux-Trembles,Summer,Wednesday,12,2.955,22,2,3
Rivière-des-Prairies–Pointe-aux-Trembles,Summer,Wednesday,13,4.682,22,2,3
Rivière-des-Prairies–Pointe-aux-Trembles,Summer,Wednesday,14,4.091,22,2,3
Rivière-des-Prairies–Pointe-aux-Trembles,Summer,Wednesday,15,3.5,22,2,3
Rivière-des-Prairies–Pointe-aux-Trembles,Summer,Wednesday,16,4.364,22,2,3
Rivière-des-Prairies–Pointe-aux-Trembles,Summer,Wednesday,17,3.318,22,2,3
Rivière-des-Prairies–Pointe-aux-Trembles,Summer,Wednesday,18,3.864,22,2,3
Rivière-des-Prairies–Pointe-aux-Trembles,Summer,Wednesday,19,2.864,22,2,3
Rivière-des-Prairies–Pointe-aux-Trembles,Summer,Wednesday,20,2.273,22,2,3
Rivière-des-Prairies–Pointe-aux-Trembles,Summer,Wednesday,21,1.955,22,2,3
Rivière-des-Prairies–Pointe-aux-Trembles,Summer,Wednesday,22,1.273,22,2,3
Rivière-des-Prairies–Pointe-aux-Trembles,Summer,Wednesday,23,0.333,18,2,3
Rivière-des-Prairies–Pointe-aux-Trembles,Summer,Thursday,0,0.167,18,3,3
Rivière-des-Prairies–Pointe-aux-Trembles,Summer,Thursday,1,0.182,22,3,3
Rivière-des-Prairies–Pointe-aux-Trembles,Summer,Thursday,2,0.091,22,3,3
Rivière-des-Prairies–Pointe-aux-Trembles,Summer,Thursday,3,0.182,22,3,3
Rivière-des-Prairies–Pointe-aux-Trembles,Summer,Thursday,4,1.045,22,3,3
Rivière-des-Prairies–Pointe-aux-Trembles,Summer,Thursday,5,1.318,22,3,3
Rivière-des-Prairies–Pointe-aux-Trembles,Summer,Thursday,6,3.182,22,3,3
Rivière-des-Prairies–Pointe-aux-Trembles,Summer,Thursday,7,2.045,22,3,3
Rivière-des-Prairies–Pointe-aux-Trembles,Summer,Thursday,8,1.682,22,3,3
Rivière-des-Prairies–Pointe-aux-Trembles,Summer,Thursday,9,2.0,22,3,3
Rivière-des-Prairies–Pointe-aux-Trembles,Summer,Thursday,10,2.5,22,3,3
Rivière-des-Prairies–Pointe-aux-Trembles,Summer,Thursday,11,2.682,22,3,3
Rivière-des-Prairies–Pointe-aux-Trembles,Summer,Thursday,12,2.682,22,3,3
Rivière-des-Prairies–Pointe-aux-Trembles,Summer,Thursday,13,3.591,22,3,3
Rivière-des-Prairies–Pointe-aux-Trembles,Summer,Thursday,14,4.136,22,3,3
Rivière-des-Prairies–Pointe-aux-Trembles,Summer,Thursday,15,3.636,22,3,3
Rivière-des-Prairies–Pointe-aux-Trembles,Summer,Thursday,16,4.65,20,3,3
Rivière-des-Prairies–Pointe-aux-Trembles,Summer,Thursday,17,2.5,20,3,3
Rivière-des-Prairies–Pointe-aux-Trembles,Summer,Thursday,18,3.35,20,3,3
Rivière-des-Prairies–Pointe-aux-Trembles,Summer,Thursday,19,1.45,20,3,3
Rivière-des-Prairies–Pointe-aux-Trembles,Summer,Thursday,20,1.7,20,3,3
Rivière-des-Prairies–Pointe-aux-Trembles,Summer,Thursday,21,1.55,20,3,3
Rivière-des-Prairies–Pointe-aux-Trembles,Summer,Thursday,22,1.35,20,3,3
Rivière-des-Prairies–Pointe-aux-Trembles,Summer,Thursday,23,0.3,10,3,3
Rivière-des-Prairies–Pointe-aux-Trembles,Summer,Friday,0,0.15,20,4,3
Rivière-des-Prairies–Pointe-aux-Trembles,Summer,Friday,1,0.25,20,4,3
Rivière-des-Prairies–Pointe-aux-Trembles,Summer,Friday,2,0.05,20,4,3
Rivière-des-Prairies–Pointe-aux-Trembles,Summer,Friday,3,0.1,20,4,3
Rivière-des-Prairies–Pointe-aux-Trembles,Summer,Friday,4,0.5,20,4,3
Rivière-des-Prairies–Pointe-aux-Trembles,Summer,Friday,5,1.1,20,4,3
Rivière-des-Prairies–Pointe-aux-Trembles,Summer,Friday,6,2.85,20,4,3
Rivière-des-Prairies–Pointe-aux-Trembles,Summer,Friday,7,1.55,20,4,3
Rivière-des-Prairies–Pointe-aux-Trembles,Summer,Friday,8,1.45,20,4,3
Rivière-des-Prairies–Pointe-aux-Trembles,Summer,Friday,9,1.4,20,4,3
Rivière-des-Prairies–Pointe-aux-Trembles,Summer,Friday,10,2.15,20,4,3
Rivière-des-Prairies–Pointe-aux-Trembles,Summer,Friday,11,2.95,20,4,3
Rivière-des-Prairies–Pointe-aux-Trembles,Summer,Friday,12,3.45,20,4,3
Rivière-des-Prairies–Pointe-aux-Trembles,Summer,Friday,13,4.0,21,4,3
Rivière-des-Prairies–Pointe-aux-Trembles,Summer,Friday,14,4.818,22,4,3
Rivière-des-Prairies–Pointe-aux-Trembles,Summer,Friday,15,4.182,22,4,3
Rivière-des-Prairies–Pointe-aux-Trembles,Summer,Friday,16,4.364,22,4,3
Rivière-des-Prairies–Pointe-aux-Trembles,Summer,Friday,17,3.636,22,4,3
Rivière-des-Prairies–Pointe-aux-Trembles,Summer,Friday,18,3.0,22,4,3
Rivière-des-Prairies–Pointe-aux-Trembles,Summer,Friday,19,2.227,22,4,3
Rivière-des-Prairies–Pointe-aux-Trembles,Summer,Friday,20,1.864,22,4,3
Rivière-des-Prairies–Pointe-aux-Trembles,Summer,Friday,21,1.5,22,4,3
Rivière-des-Prairies–Pointe-aux-Trembles,Summer,Friday,22,1.727,22,4,3
Rivière-des-Prairies–Pointe-aux-Trembles,Summer,Friday,23,0.353,17,4,3
Rivière-des-Prairies–Pointe-aux-Trembles,Summer,Saturday,0,0.182,22,5,3
Rivière-des-Prairies–Pointe-aux-Trembles,Summer,Saturday,1,0.409,22,5,3
Rivière-des-Prairies–Pointe-aux-Trembles,Summer,Saturday,2,0.227,22,5,3
Rivière-des-Prairies–Pointe-aux-Trembles,Summer,Saturday,3,0.0,22,5,3
Rivière-des-Prairies–Pointe-aux-Trembles,Summer,Saturday,4,0.364,22,5,3
Rivière-des-Prairies–Pointe-aux-Trembles,Summer,Saturday,5,0.636,22,5,3
Rivière-des-Prairies–Pointe-aux-Trembles,Summer,Saturday,6,0.364,22,5,3
Rivière-des-Prairies–Pointe-aux-Trembles,Summer,Saturday,7,1.591,22,5,3
Rivière-des-Prairies–Pointe-aux-Trembles,Summer,Saturday,8,1.591,22,5,3
Rivière-des-Prairies–Pointe-aux-Trembles,Summer,Saturday,9,2.318,22,5,3
Rivière-des-Prairies–Pointe-aux-Trembles,Summer,Saturday,10,3.5,22,5,3
Rivière-des-Prairies–Pointe-aux-Trembles,Summer,Saturday,11,3.818,22,5,3
Rivière-des-Prairies–Pointe-aux-Trembles,Summer,Saturday,12,3.273,22,5,3
Rivière-des-Prairies–Pointe-aux-Trembles,Summer,Saturday,13,4.091,22,5,3
Rivière-des-Prairies–Pointe-aux-Trembles,Summer,Saturday,14,4.318,22,5,3
Rivière-des-Prairies–Pointe-aux-Trembles,Summer,Saturday,15,4.364,22,5,3
Rivière-des-Prairies–Pointe-aux-Trembles,Summer,Saturday,16,3.909,22,5,3
Rivière-des-Prairies–Pointe-aux-Trembles,Summer,Saturday,17,2.727,22,5,3
Rivière-des-Prairies–Pointe-aux-Trembles,Summer,Saturday,18,2.318,22,5,3
Rivière-des-Prairies–Pointe-aux-Trembles,Summer,Saturday,19,2.545,22,5,3
Rivière-des-Prairies–Pointe-aux-Trembles,Summer,Saturday,20,1.864,22,5,3
Rivière-des-Prairies–Pointe-aux-Trembles,Summer,Saturday,21,1.955,22,5,3
Rivière-des-Prairies–Pointe-aux-Trembles,Summer,Saturday,22,1.273,22,5,3
Rivière-des-Prairies–Pointe-aux-Trembles,Summer,Saturday,23,0.65,20,5,3
Rivière-des-Prairies–Pointe-aux-Trembles,Summer,Sunday,0,0.55,20,6,3
Rivière-des-Prairies–Pointe-aux-Trembles,Summer,Sunday,1,0.5,22,6,3
Rivière-des-Prairies–Pointe-aux-Trembles,Summer,Sunday,2,0.136,22,6,3
Rivière-des-Prairies–Pointe-aux-Trembles,Summer,Sunday,3,0.045,22,6,3
Rivière-des-Prairies–Pointe-aux-Trembles,Summer,Sunday,4,0.273,22,6,3
Rivière-des-Prairies–Pointe-aux-Trembles,Summer,Sunday,5,0.909,22,6,3
Rivière-des-Prairies–Pointe-aux-Trembles,Summer,Sunday,6,0.909,22,6,3
Rivière-des-Prairies–Pointe-aux-Trembles,Summer,Sunday,7,0.909,22,6,3
Rivière-des-Prairies–Pointe-aux-Trembles,Summer,Sunday,8,1.273,22,6,3
Rivière-des-Prairies–Pointe-aux-Trembles,Summer,Sunday,9,1.091,22,6,3
Rivière-des-Prairies–Pointe-aux-Trembles,Summer,Sunday,10,2.273,22,6,3
Rivière-des-Prairies–Pointe-aux-Trembles,Summer,Sunday,11,2.409,22,6,3
Rivière-des-Prairies–Pointe-aux-Trembles,Summer,Sunday,12,3.409,22,6,3
Rivière-des-Prairies–Pointe-aux-Trembles,Summer,Sunday,13,3.318,22,6,3
Rivière-des-Prairies–Pointe-aux-Trembles,Summer,Sunday,14,4.091,22,6,3
Rivière-des-Prairies–Pointe-aux-Trembles,Summer,Sunday,15,5.318,22,6,3
Rivière-des-Prairies–Pointe-aux-Trembles,Summer,Sunday,16,4.091,22,6,3
Rivière-des-Prairies–Pointe-aux-Trembles,Summer,Sunday,17,1.909,22,6,3
Rivière-des-Prairies–Pointe-aux-Trembles,Summer,Sunday,18,1.864,22,6,3
Rivière-des-Prairies–Pointe-aux-Trembles,Summer,Sunday,19,1.955,22,6,3
Rivière-des-Prairies–Pointe-aux-Trembles,Summer,Sunday,20,1.682,22,6,3
Rivière-des-Prairies–Pointe-aux-Trembles,Summer,Sunday,21,1.909,22,6,3
Rivière-des-Prairies–Pointe-aux-Trembles,Summer,Sunday,22,1.091,22,6,3
Rivière-des-Prairies–Pointe-aux-Trembles,Summer,Sunday,23,0.143,14,6,3
Ville-Marie,Summer,Monday,0,12.701,77,0,3
Ville-Marie,Summer,Monday,1,11.802,86,0,3
Ville-Marie,Summer,Monday,2,7.105,86,0,3
Ville-Marie,Summer,Monday,3,5.116,86,0,3
Ville-Marie,Summer,Monday,4,3.535,86,0,3
Ville-Marie,Summer,Monday,5,10.256,86,0,3
Ville-Marie,Summer,Monday,6,29.07,86,0,3
Ville-Marie,Summer,Monday,7,70.384,86,0,3
Ville-Marie,Summer,Monday,8,144.081,86,0,3
Ville-Marie,Summer,Monday,9,93.477,86,0,3
Ville-Marie,Summer,Monday,10,69.488,86,0,3
Ville-Marie,Summer,Monday,11,72.942,86,0,3
Ville-Marie,Summer,Monday,12,82.244,86,0,3
Ville-Marie,Summer,Monday,13,81.213,94,0,3
Ville-Marie,Summer,Monday,14,82.442,95,0,3
Ville-Marie,Summer,Monday,15,102.17,94,0,3
Ville-Marie,Summer,Monday,16,158.032,95,0,3
Ville-Marie,Summer,Monday,17,220.895,95,0,3
Ville-Marie,Summer,Monday,18,155.232,95,0,3
Ville-Marie,Summer,Monday,19,105.632,95,0,3
Ville-Marie,Summer,Monday,20,94.147,95,0,3
Ville-Marie,Summer,Monday,21,70.263,95,0,3
Ville-Marie,Summer,Monday,22,49.063,95,0,3
Ville-Marie,Summer,Monday,23,23.081,74,0,3
Ville-Marie,Summer,Tuesday,0,10.522,69,1,3
Ville-Marie,Summer,Tuesday,1,9.726,95,1,3
Ville-Marie,Summer,Tuesday,2,5.474,95,1,3
Ville-Marie,Summer,Tuesday,3,3.903,93,1,3
Ville-Marie,Summer,Tuesday,4,3.419,93,1,3
Ville-Marie,Summer,Tuesday,5,11.376,93,1,3
Ville-Marie,Summer,Tuesday,6,33.667,93,1,3
Ville-Marie,Summer,Tuesday,7,88.14,93,1,3
Ville-Marie,Summer,Tuesday,8,191.167,90,1,3
Ville-Marie,Summer,Tuesday,9,112.826,92,1,3
Ville-Marie,Summer,Tuesday,10,73.054,92,1,3
Ville-Marie,Summer,Tuesday,11,72.557,97,1,3
Ville-Marie,Summer,Tuesday,12,86.044,91,1,3
Ville-Marie,Summer,Tuesday,13,91.541,85,1,3
Ville-Marie,Summer,Tuesday,14,87.462,93,1,3
Ville-Marie,Summer,Tuesday,15,108.176,91,1,3
Ville-Marie,Summer,Tuesday,16,178.154,91,1,3
Ville-Marie,Summer,Tuesday,17,260.758,91,1,3
Ville-Marie,Summer,Tuesday,18,177.418,91,1,3
Ville-Marie,Summer,Tuesday,19,126.725,91,1,3
Ville-Marie,Summer,Tuesday,20,98.835,91,1,3
Ville-Marie,Summer,Tuesday,21,83.989,91,1,3
Ville-Marie,Summer,Tuesday,22,54.914,93,1,3
Ville-Marie,Summer,Tuesday,23,23.519,77,1,3
Ville-Marie,Summer,Wednesday,0,14.565,62,2,3
Ville-Marie,Summer,Wednesday,1,10.355,93,2,3
Ville-Marie,Summer,Wednesday,2,6.118,93,2,3
Ville-Marie,Summer,Wednesday,3,3.925,93,2,3
Ville-Marie,Summer,Wednesday,4,3.226,93,2,3
Ville-Marie,Summer,Wednesday,5,11.032,93,2,3
Ville-Marie,Summer,Wednesday,6,38.237,93,2,3
Ville-Marie,Summer,Wednesday,7,97.793,92,2,3
Ville-Marie,Summer,Wednesday,8,209.5,92,2,3
Ville-Marie,Summer,Wednesday,9,122.856,90,2,3
Ville-Marie,Summer,Wednesday,10,75.467,90,2,3
Ville-Marie,Summer,Wednesday,11,78.678,90,2,3
Ville-Marie,Summer,Wednesday,12,93.733,90,2,3
Ville-Marie,Summer,Wednesday,13,92.429,91,2,3
Ville-Marie,Summer,Wednesday,14,89.043,94,2,3
Ville-Marie,Summer,Wednesday,15,117.532,94,2,3
Ville-Marie,Summer,Wednesday,16,196.106,94,2,3
Ville-Marie,Summer,Wednesday,17,266.34,94,2,3
Ville-Marie,Summer,Wednesday,18,185.532,94,2,3
Ville-Marie,Summer,Wednesday,19,131.0,94,2,3
Ville-Marie,Summer,Wednesday,20,102.117,94,2,3
Ville-Marie,Summer,Wednesday,21,84.309,94,2,3
Ville-Marie,Summer,Wednesday,22,63.862,94,2,3
Ville-Marie,Summer,Wednesday,23,15.538,78,2,3
Ville-Marie,Summer,Thursday,0,11.025,79,3,3
Ville-Marie,Summer,Thursday,1,10.181,94,3,3
Ville-Marie,Summer,Thursday,2,5.871,93,3,3
Ville-Marie,Summer,Thursday,3,3.462,93,3,3
Ville-Marie,Summer,Thursday,4,3.323,93,3,3
Ville-Marie,Summer,Thursday,5,9.0,93,3,3
Ville-Marie,Summer,Thursday,6,32.312,93,3,3
Ville-Marie,Summer,Thursday,7,79.882,93,3,3
Ville-Marie,Summer,Thursday,8,177.022,93,3,3
Ville-Marie,Summer,Thursday,9,100.43,93,3,3
Ville-Marie,Summer,Thursday,10,69.849,93,3,3
Ville-Marie,Summer,Thursday,11,79.667,93,3,3
Ville-Marie,Summer,Thursday,12,93.065,93,3,3
Ville-Marie,Summer,Thursday,13,91.355,93,3,3
Ville-Marie,Summer,Thursday,14,93.409,93,3,3
Ville-Marie,Summer,Thursday,15,108.667,93,3,3
Ville-Marie,Summer,Thursday,16,173.279,86,3,3
Ville-Marie,Summer,Thursday,17,229.326,86,3,3
Ville-Marie,Summer,Thursday,18,164.965,86,3,3
Ville-Marie,Summer,Thursday,19,117.198,86,3,3
Ville-Marie,Summer,Thursday,20,94.395,86,3,3
Ville-Marie,Summer,Thursday,21,86.023,86,3,3
Ville-Marie,Summer,Thursday,22,73.5,86,3,3
Ville-Marie,Summer,Thursday,23,38.804,51,3,3
Ville-Marie,Summer,Friday,0,12.974,78,4,3
Ville-Marie,Summer,Friday,1,16.538,78,4,3
Ville-Marie,Summer,Friday,2,7.872,78,4,3
Ville-Marie,Summer,Friday,3,6.974,78,4,3
Ville-Marie,Summer,Friday,4,3.872,78,4,3
Ville-Marie,Summer,Friday,5,9.359,78,4,3
Ville-Marie,Summer,Friday,6,26.526,78,4,3
Ville-Marie,Summer,Friday,7,47.526,78,4,3
Ville-Marie,Summer,Friday,8,87.013,78,4,3
Ville-Marie,Summer,Friday,9,66.36,86,4,3
Ville-Marie,Summer,Friday,10,64.291,86,4,3
Ville-Marie,Summer,Friday,11,74.989,94,4,3
Ville-Marie,Summer,Friday,12,94.872,94,4,3
Ville-Marie,Summer,Friday,13,99.532,94,4,3
Ville-Marie,Summer,Friday,14,112.074,94,4,3
Ville-Marie,Summer,Friday,15,128.989,94,4,3
Ville-Marie,Summer,Friday,16,157.915,94,4,3
Ville-Marie,Summer,Friday,17,176.67,94,4,3
Ville-Marie,Summer,Friday,18,147.0,94,4,3
Ville-Marie,Summer,Friday,19,123.868,91,4,3
Ville-Marie,Summer,Friday,20,99.947,94,4,3
Ville-Marie,Summer,Friday,21,86.457,94,4,3
Ville-Marie,Summer,Friday,22,70.872,94,4,3
Ville-Marie,Summer,Friday,23,32.857,63,4,3
Ville-Marie,Summer,Saturday,0,21.967,91,5,3
Ville-Marie,Summer,Saturday,1,31.846,91,5,3
Ville-Marie,Summer,Saturday,2,20.879,91,5,3
Ville-Marie,Summer,Saturday,3,15.341,91,5,3
Ville-Marie,Summer,Saturday,4,6.462,91,5,3
Ville-Marie,Summer,Saturday,5,6.689,90,5,3
Ville-Marie,Summer,Saturday,6,11.389,90,5,3
Ville-Marie,Summer,Saturday,7,19.374,91,5,3
Ville-Marie,Summer,Saturday,8,32.33,91,5,3
Ville-Marie,Summer,Saturday,9,54.385,91,5,3
Ville-Marie,Summer,Saturday,10,76.628,94,5,3
Ville-Marie,Summer,Saturday,11,97.521,94,5,3
Ville-Marie,Summer,Saturday,12,110.213,94,5,3
Ville-Marie,Summer,Saturday,13,113.447,94,5,3
Ville-Marie,Summer,Saturday,14,133.468,94,5,3
Ville-Marie,Summer,Saturday,15,137.468,94,5,3
Ville-Marie,Summer,Saturday,16,135.355,93,5,3
Ville-Marie,Summer,Saturday,17,129.559,93,5,3
Ville-Marie,Summer,Saturday,18,125.226,93,5,3
Ville-Marie,Summer,Saturday,19,108.527,93,5,3
Ville-Marie,Summer,Saturday,20,91.559,93,5,3
Ville-Marie,Summer,Saturday,21,72.355,93,5,3
Ville-Marie,Summer,Saturday,22,62.172,93,5,3
Ville-Marie,Summer,Saturday,23,26.346,78,5,3
Ville-Marie,Summer,Sunday,0,19.824,85,6,3
Ville-Marie,Summer,Sunday,1,27.344,93,6,3
Ville-Marie,Summer,Sunday,2,19.785,93,6,3
Ville-Marie,Summer,Sunday,3,15.348,92,6,3
Ville-Marie,Summer,Sunday,4,6.495,93,6,3
Ville-Marie,Summer,Sunday,5,6.14,93,6,3
Ville-Marie,Summer,Sunday,6,8.882,93,6,3
Ville-Marie,Summer,Sunday,7,16.634,93,6,3
Ville-Marie,Summer,Sunday,8,25.849,93,6,3
Ville-Marie,Summer,Sunday,9,47.516,93,6,3
Ville-Marie,Summer,Sunday,10,66.054,93,6,3
Ville-Marie,Summer,Sunday,11,82.022,93,6,3
Ville-Marie,Summer,Sunday,12,96.828,93,6,3
Ville-Marie,Summer,Sunday,13,102.903,93,6,3
Ville-Marie,Summer,Sunday,14,113.753,93,6,3
Ville-Marie,Summer,Sunday,15,124.624,93,6,3
Ville-Marie,Summer,Sunday,16,124.656,93,6,3
Ville-Marie,Summer,Sunday,17,117.129,93,6,3
Ville-Marie,Summer,Sunday,18,102.645,93,6,3
Ville-Marie,Summer,Sunday,19,87.011,93,6,3
Ville-Marie,Summer,Sunday,20,71.581,93,6,3
Ville-Marie,Summer,Sunday,21,63.806,93,6,3
Ville-Marie,Summer,Sunday,22,46.0,93,6,3
Ville-Marie,Summer,Sunday,23,26.536,56,6,3
Ahuntsic-Cartierville,Fall,Monday,0,1.872,39,0,4
Ahuntsic-Cartierville,Fall,Monday,1,1.538,39,0,4
Ahuntsic-Cartierville,Fall,Monday,2,0.769,39,0,4
Ahuntsic-Cartierville,Fall,Monday,3,0.667,39,0,4
Ahuntsic-Cartierville,Fall,Monday,4,1.769,39,0,4
Ahuntsic-Cartierville,Fall,Monday,5,4.41,39,0,4
Ahuntsic-Cartierville,Fall,Monday,6,10.949,39,0,4
Ahuntsic-Cartierville,Fall,Monday,7,31.692,39,0,4
Ahuntsic-Cartierville,Fall,Monday,8,31.744,39,0,4
Ahuntsic-Cartierville,Fall,Monday,9,13.128,39,0,4
Ahuntsic-Cartierville,Fall,Monday,10,14.462,39,0,4
Ahuntsic-Cartierville,Fall,Monday,11,19.179,39,0,4
Ahuntsic-Cartierville,Fall,Monday,12,19.923,39,0,4
Ahuntsic-Cartierville,Fall,Monday,13,17.897,39,0,4
Ahuntsic-Cartierville,Fall,Monday,14,13.205,39,0,4
Ahuntsic-Cartierville,Fall,Monday,15,18.769,39,0,4
Ahuntsic-Cartierville,Fall,Monday,16,23.231,39,0,4
Ahuntsic-Cartierville,Fall,Monday,17,25.308,39,0,4
Ahuntsic-Cartierville,Fall,Monday,18,20.077,39,0,4
Ahuntsic-Cartierville,Fall,Monday,19,14.154,39,0,4
Ahuntsic-Cartierville,Fall,Monday,20,9.205,39,0,4
Ahuntsic-Cartierville,Fall,Monday,21,8.308,39,0,4
Ahuntsic-Cartierville,Fall,Monday,22,5.872,39,0,4
Ahuntsic-Cartierville,Fall,Monday,23,2.949,39,0,4
Ahuntsic-Cartierville,Fall,Tuesday,0,1.59,39,1,4
Ahuntsic-Cartierville,Fall,Tuesday,1,0.846,39,1,4
Ahuntsic-Cartierville,Fall,Tuesday,2,0.923,39,1,4
Ahuntsic-Cartierville,Fall,Tuesday,3,0.487,39,1,4
Ahuntsic-Cartierville,Fall,Tuesday,4,1.256,39,1,4
Ahuntsic-Cartierville,Fall,Tuesday,5,3.769,39,1,4
Ahuntsic-Cartierville,Fall,Tuesday,6,11.769,39,1,4
Ahuntsic-Cartierville,Fall,Tuesday,7,36.205,39,1,4
Ahuntsic-Cartierville,Fall,Tuesday,8,41.128,39,1,4
Ahuntsic-Cartierville,Fall,Tuesday,9,14.205,39,1,4
Ahuntsic-Cartierville,Fall,Tuesday,10,10.795,39,1,4
Ahuntsic-Cartierville,Fall,Tuesday,11,13.846,39,1,4
Ahuntsic-Cartierville,Fall,Tuesday,12,15.026,39,1,4
Ahuntsic-Cartierville,Fall,Tuesday,13,14.846,39,1,4
Ahuntsic-Cartierville,Fall,Tuesday,14,12.897,39,1,4
Ahuntsic-Cartierville,Fall,Tuesday,15,21.487,39,1,4
Ahuntsic-Cartierville,Fall,Tuesday,16,32.667,39,1,4
Ahuntsic-Cartierville,Fall,Tuesday,17,42.846,39,1,4
Ahuntsic-Cartierville,Fall,Tuesday,18,27.923,39,1,4
Ahuntsic-Cartierville,Fall,Tuesday,19,16.564,39,1,4
Ahuntsic-Cartierville,Fall,Tuesday,20,12.077,39,1,4
Ahuntsic-Cartierville,Fall,Tuesday,21,10.026,39,1,4
Ahuntsic-Cartierville,Fall,Tuesday,22,8.667,39,1,4
Ahuntsic-Cartierville,Fall,Tuesday,23,5.026,39,1,4
Ahuntsic-Cartierville,Fall,Wednesday,0,2.417,36,2,4
Ahuntsic-Cartierville,Fall,Wednesday,1,0.846,39,2,4
Ahuntsic-Cartierville,Fall,Wednesday,2,0.692,39,2,4
Ahuntsic-Cartierville,Fall,Wednesday,3,0.795,39,2,4
Ahuntsic-Cartierville,Fall,Wednesday,4,1.795,39,2,4
Ahuntsic-Cartierville,Fall,Wednesday,5,5.051,39,2,4
Ahuntsic-Cartierville,Fall,Wednesday,6,13.744,39,2,4
Ahuntsic-Cartierville,Fall,Wednesday,7,42.487,39,2,4
Ahuntsic-Cartierville,Fall,Wednesday,8,48.231,39,2,4
Ahuntsic-Cartierville,Fall,Wednesday,9,16.0,39,2,4
Ahuntsic-Cartierville,Fall,Wednesday,10,13.205,39,2,4
Ahuntsic-Cartierville,Fall,Wednesday,11,15.641,39,2,4
Ahuntsic-Cartierville,Fall,Wednesday,12,17.462,39,2,4
Ahuntsic-Cartierville,Fall,Wednesday,13,15.667,39,2,4
Ahuntsic-Cartierville,Fall,Wednesday,14,14.821,39,2,4
Ahuntsic-Cartierville,Fall,Wednesday,15,20.308,39,2,4
Ahuntsic-Cartierville,Fall,Wednesday,16,31.487,39,2,4
Ahuntsic-Cartierville,Fall,Wednesday,17,38.231,39,2,4
Ahuntsic-Cartierville,Fall,Wednesday,18,31.231,39,2,4
Ahuntsic-Cartierville,Fall,Wednesday,19,19.436,39,2,4
Ahuntsic-Cartierville,Fall,Wednesday,20,13.744,39,2,4
Ahuntsic-Cartierville,Fall,Wednesday,21,10.641,39,2,4
Ahuntsic-Cartierville,Fall,Wednesday,22,8.077,39,2,4
Ahuntsic-Cartierville,Fall,Wednesday,23,4.692,39,2,4
Ahuntsic-Cartierville,Fall,Thursday,0,2.487,39,3,4
Ahuntsic-Cartierville,Fall,Thursday,1,0.949,39,3,4
Ahuntsic-Cartierville,Fall,Thursday,2,0.41,39,3,4
Ahuntsic-Cartierville,Fall,Thursday,3,0.718,39,3,4
Ahuntsic-Cartierville,Fall,Thursday,4,1.538,39,3,4
Ahuntsic-Cartierville,Fall,Thursday,5,3.205,39,3,4
Ahuntsic-Cartierville,Fall,Thursday,6,12.282,39,3,4
Ahuntsic-Cartierville,Fall,Thursday,7,36.974,39,3,4
Ahuntsic-Cartierville,Fall,Thursday,8,34.692,39,3,4
Ahuntsic-Cartierville,Fall,Thursday,9,11.179,39,3,4
Ahuntsic-Cartierville,Fall,Thursday,10,10.718,39,3,4
Ahuntsic-Cartierville,Fall,Thursday,11,12.333,39,3,4
Ahuntsic-Cartierville,Fall,Thursday,12,13.128,39,3,4
Ahuntsic-Cartierville,Fall,Thursday,13,11.205,39,3,4
Ahuntsic-Cartierville,Fall,Thursday,14,11.59,39,3,4
Ahuntsic-Cartierville,Fall,Thursday,15,18.333,39,3,4
Ahuntsic-Cartierville,Fall,Thursday,16,25.974,39,3,4
Ahuntsic-Cartierville,Fall,Thursday,17,28.949,39,3,4
Ahuntsic-Cartierville,Fall,Thursday,18,22.821,39,3,4
Ahuntsic-Cartierville,Fall,Thursday,19,14.333,39,3,4
Ahuntsic-Cartierville,Fall,Thursday,20,10.744,39,3,4
Ahuntsic-Cartierville,Fall,Thursday,21,9.154,39,3,4
Ahuntsic-Cartierville,Fall,Thursday,22,7.436,39,3,4
Ahuntsic-Cartierville,Fall,Thursday,23,4.59,39,3,4
Ahuntsic-Cartierville,Fall,Friday,0,2.513,39,4,4
Ahuntsic-Cartierville,Fall,Friday,1,1.538,39,4,4
Ahuntsic-Cartierville,Fall,Friday,2,0.949,39,4,4
Ahuntsic-Cartierville,Fall,Friday,3,0.974,39,4,4
Ahuntsic-Cartierville,Fall,Friday,4,1.538,39,4,4
Ahuntsic-Cartierville,Fall,Friday,5,4.0,39,4,4
Ahuntsic-Cartierville,Fall,Friday,6,9.487,39,4,4
Ahuntsic-Cartierville,Fall,Friday,7,27.923,39,4,4
Ahuntsic-Cartierville,Fall,Friday,8,26.821,39,4,4
Ahuntsic-Cartierville,Fall,Friday,9,14.744,39,4,4
Ahuntsic-Cartierville,Fall,Friday,10,13.487,39,4,4
Ahuntsic-Cartierville,Fall,Friday,11,14.846,39,4,4
Ahuntsic-Cartierville,Fall,Friday,12,17.641,39,4,4
Ahuntsic-Cartierville,Fall,Friday,13,16.179,39,4,4
Ahuntsic-Cartierville,Fall,Friday,14,14.564,39,4,4
Ahuntsic-Cartierville,Fall,Friday,15,19.051,39,4,4
Ahuntsic-Cartierville,Fall,Friday,16,20.205,39,4,4
Ahuntsic-Cartierville,Fall,Friday,17,25.846,39,4,4
Ahuntsic-Cartierville,Fall,Friday,18,21.0,39,4,4
Ahuntsic-Cartierville,Fall,Friday,19,15.59,39,4,4
Ahuntsic-Cartierville,Fall,Friday,20,11.359,39,4,4
Ahuntsic-Cartierville,Fall,Friday,21,10.513,39,4,4
Ahuntsic-Cartierville,Fall,Friday,22,9.205,39,4,4
Ahuntsic-Cartierville,Fall,Friday,23,7.615,39,4,4
Ahuntsic-Cartierville,Fall,Saturday,0,4.744,39,5,4
Ahuntsic-Cartierville,Fall,Saturday,1,4.795,39,5,4
Ahuntsic-Cartierville,Fall,Saturday,2,2.846,39,5,4
Ahuntsic-Cartierville,Fall,Saturday,3,2.026,39,5,4
Ahuntsic-Cartierville,Fall,Saturday,4,1.641,39,5,4
Ahuntsic-Cartierville,Fall,Saturday,5,1.615,39,5,4
Ahuntsic-Cartierville,Fall,Saturday,6,2.769,39,5,4
Ahuntsic-Cartierville,Fall,Saturday,7,5.872,39,5,4
Ahuntsic-Cartierville,Fall,Saturday,8,9.538,39,5,4
Ahuntsic-Cartierville,Fall,Saturday,9,11.385,39,5,4
Ahuntsic-Cartierville,Fall,Saturday,10,17.692,39,5,4
Ahuntsic-Cartierville,Fall,Saturday,11,17.462,39,5,4
Ahuntsic-Cartierville,Fall,Saturday,12,18.692,39,5,4
Ahuntsic-Cartierville,Fall,Saturday,13,16.769,39,5,4
Ahuntsic-Cartierville,Fall,Saturday,14,16.769,39,5,4
Ahuntsic-Cartierville,Fall,Saturday,15,16.846,39,5,4
Ahuntsic-Cartierville,Fall,Saturday,16,16.051,39,5,4
Ahuntsic-Cartierville,Fall,Saturday,17,15.667,39,5,4
Ahuntsic-Cartierville,Fall,Saturday,18,14.0,39,5,4
Ahuntsic-Cartierville,Fall,Saturday,19,11.385,39,5,4
Ahuntsic-Cartierville,Fall,Saturday,20,8.051,39,5,4
Ahuntsic-Cartierville,Fall,Saturday,21,6.923,39,5,4
Ahuntsic-Cartierville,Fall,Saturday,22,7.077,39,5,4
Ahuntsic-Cartierville,Fall,Saturday,23,5.0,39,5,4
Ahuntsic-Cartierville,Fall,Sunday,0,4.769,39,6,4
Ahuntsic-Cartierville,Fall,Sunday,1,3.641,39,6,4
Ahuntsic-Cartierville,Fall,Sunday,2,2.641,39,6,4
Ahuntsic-Cartierville,Fall,Sunday,3,1.821,39,6,4
Ahuntsic-Cartierville,Fall,Sunday,4,1.103,39,6,4
Ahuntsic-Cartierville,Fall,Sunday,5,1.256,39,6,4
Ahuntsic-Cartierville,Fall,Sunday,6,2.359,39,6,4
Ahuntsic-Cartierville,Fall,Sunday,7,5.385,39,6,4
Ahuntsic-Cartierville,Fall,Sunday,8,8.41,39,6,4
Ahuntsic-Cartierville,Fall,Sunday,9,10.923,39,6,4
Ahuntsic-Cartierville,Fall,Sunday,10,18.538,39,6,4
Ahuntsic-Cartierville,Fall,Sunday,11,22.359,39,6,4
Ahuntsic-Cartierville,Fall,Sunday,12,22.282,39,6,4
Ahuntsic-Cartierville,Fall,Sunday,13,21.718,39,6,4
Ahuntsic-Cartierville,Fall,Sunday,14,23.308,39,6,4
Ahuntsic-Cartierville,Fall,Sunday,15,20.282,39,6,4
Ahuntsic-Cartierville,Fall,Sunday,16,18.103,39,6,4
Ahuntsic-Cartierville,Fall,Sunday,17,16.897,39,6,4
Ahuntsic-Cartierville,Fall,Sunday,18,14.051,39,6,4
Ahuntsic-Cartierville,Fall,Sunday,19,9.385,39,6,4
Ahuntsic-Cartierville,Fall,Sunday,20,7.128,39,6,4
Ahuntsic-Cartierville,Fall,Sunday,21,5.308,39,6,4
Ahuntsic-Cartierville,Fall,Sunday,22,4.795,39,6,4
Ahuntsic-Cartierville,Fall,Sunday,23,3.051,39,6,4
All Montréal,Fall,Monday,0,2.794,354,0,4
All Montréal,Fall,Monday,1,2.333,354,0,4
All Montréal,Fall,Monday,2,1.517,354,0,4
All Montréal,Fall,Monday,3,0.963,354,0,4
All Montréal,Fall,Monday,4,1.376,354,0,4
All Montréal,Fall,Monday,5,4.706,354,0,4
All Montréal,Fall,Monday,6,10.02,354,0,4
All Montréal,Fall,Monday,7,23.121,354,0,4
All Montréal,Fall,Monday,8,44.593,354,0,4
All Montréal,Fall,Monday,9,27.54,352,0,4
All Montréal,Fall,Monday,10,22.946,353,0,4
All Montréal,Fall,Monday,11,25.966,352,0,4
All Montréal,Fall,Monday,12,31.27,352,0,4
All Montréal,Fall,Monday,13,31.408,353,0,4
All Montréal,Fall,Monday,14,29.043,352,0,4
All Montréal,Fall,Monday,15,32.48,354,0,4
All Montréal,Fall,Monday,16,46.59,354,0,4
All Montréal,Fall,Monday,17,54.893,354,0,4
All Montréal,Fall,Monday,18,37.782,354,0,4
All Montréal,Fall,Monday,19,24.655,354,0,4
All Montréal,Fall,Monday,20,16.782,354,0,4
All Montréal,Fall,Monday,21,14.218,354,0,4
All Montréal,Fall,Monday,22,9.605,352,0,4
All Montréal,Fall,Monday,23,5.331,350,0,4
All Montréal,Fall,Tuesday,0,2.806,350,1,4
All Montréal,Fall,Tuesday,1,1.579,349,1,4
All Montréal,Fall,Tuesday,2,1.077,349,1,4
All Montréal,Fall,Tuesday,3,0.791,350,1,4
All Montréal,Fall,Tuesday,4,1.031,350,1,4
All Montréal,Fall,Tuesday,5,4.634,350,1,4
All Montréal,Fall,Tuesday,6,12.526,350,1,4
All Montréal,Fall,Tuesday,7,29.606,350,1,4
All Montréal,Fall,Tuesday,8,65.168,351,1,4
All Montréal,Fall,Tuesday,9,34.533,351,1,4
All Montréal,Fall,Tuesday,10,20.549,350,1,4
All Montréal,Fall,Tuesday,11,24.202,352,1,4
All Montréal,Fall,Tuesday,12,28.025,353,1,4
All Montréal,Fall,Tuesday,13,31.192,354,1,4
All Montréal,Fall,Tuesday,14,30.136,359,1,4
All Montréal,Fall,Tuesday,15,38.694,360,1,4
All Montréal,Fall,Tuesday,16,60.6,360,1,4
All Montréal,Fall,Tuesday,17,77.49,361,1,4
All Montréal,Fall,Tuesday,18,49.59,361,1,4
All Montréal,Fall,Tuesday,19,31.086,360,1,4
All Montréal,Fall,Tuesday,20,22.047,360,1,4
All Montréal,Fall,Tuesday,21,18.014,361,1,4
All Montréal,Fall,Tuesday,22,13.056,360,1,4
All Montréal,Fall,Tuesday,23,8.13,361,1,4
All Montréal,Fall,Wednesday,0,3.531,339,2,4
All Montréal,Fall,Wednesday,1,1.936,361,2,4
All Montréal,Fall,Wednesday,2,1.244,360,2,4
All Montréal,Fall,Wednesday,3,0.9,360,2,4
All Montréal,Fall,Wednesday,4,1.297,360,2,4
All Montréal,Fall,Wednesday,5,5.097,360,2,4
All Montréal,Fall,Wednesday,6,13.844,360,2,4
All Montréal,Fall,Wednesday,7,34.653,360,2,4
All Montréal,Fall,Wednesday,8,68.964,358,2,4
All Montréal,Fall,Wednesday,9,37.88,358,2,4
All Montréal,Fall,Wednesday,10,24.298,356,2,4
All Montréal,Fall,Wednesday,11,25.715,355,2,4
All Montréal,Fall,Wednesday,12,31.451,357,2,4
All Montréal,Fall,Wednesday,13,32.573,358,2,4
All Montréal,Fall,Wednesday,14,31.201,358,2,4
All Montréal,Fall,Wednesday,15,37.469,358,2,4
All Montréal,Fall,Wednesday,16,57.607,359,2,4
All Montréal,Fall,Wednesday,17,74.37,362,2,4
All Montréal,Fall,Wednesday,18,49.182,362,2,4
All Montréal,Fall,Wednesday,19,32.776,362,2,4
All Montréal,Fall,Wednesday,20,22.014,362,2,4
All Montréal,Fall,Wednesday,21,17.751,362,2,4
All Montréal,Fall,Wednesday,22,13.271,361,2,4
All Montréal,Fall,Wednesday,23,7.708,360,2,4
All Montréal,Fall,Thursday,0,4.053,360,3,4
All Montréal,Fall,Thursday,1,2.236,360,3,4
All Montréal,Fall,Thursday,2,1.431,360,3,4
All Montréal,Fall,Thursday,3,1.017,360,3,4
All Montréal,Fall,Thursday,4,1.175,360,3,4
All Montréal,Fall,Thursday,5,4.303,360,3,4
All Montréal,Fall,Thursday,6,11.792,361,3,4
All Montréal,Fall,Thursday,7,29.263,361,3,4
All Montréal,Fall,Thursday,8,57.46,361,3,4
All Montréal,Fall,Thursday,9,31.156,360,3,4
All Montréal,Fall,Thursday,10,20.406,360,3,4
All Montréal,Fall,Thursday,11,22.914,360,3,4
All Montréal,Fall,Thursday,12,27.56,359,3,4
All Montréal,Fall,Thursday,13,28.783,359,3,4
All Montréal,Fall,Thursday,14,27.858,360,3,4
All Montréal,Fall,Thursday,15,33.972,360,3,4
All Montréal,Fall,Thursday,16,49.58,367,3,4
All Montréal,Fall,Thursday,17,61.011,367,3,4
All Montréal,Fall,Thursday,18,37.924,368,3,4
All Montréal,Fall,Thursday,19,25.546,368,3,4
All Montréal,Fall,Thursday,20,18.772,368,3,4
All Montréal,Fall,Thursday,21,15.872,368,3,4
All Montréal,Fall,Thursday,22,11.847,366,3,4
All Montréal,Fall,Thursday,23,8.399,366,3,4
All Montréal,Fall,Friday,0,4.606,368,4,4
All Montréal,Fall,Friday,1,3.095,368,4,4
All Montréal,Fall,Friday,2,1.905,367,4,4
All Montréal,Fall,Friday,3,1.553,367,4,4
All Montréal,Fall,Friday,4,1.243,367,4,4
All Montréal,Fall,Friday,5,4.48,367,4,4
All Montréal,Fall,Friday,6,9.25,368,4,4
All Montréal,Fall,Friday,7,20.136,368,4,4
All Montréal,Fall,Friday,8,34.636,368,4,4
All Montréal,Fall,Friday,9,24.66,368,4,4
All Montréal,Fall,Friday,10,20.402,368,4,4
All Montréal,Fall,Friday,11,23.0,368,4,4
All Montréal,Fall,Friday,12,29.978,367,4,4
All Montréal,Fall,Friday,13,30.508,366,4,4
All Montréal,Fall,Friday,14,31.215,367,4,4
All Montréal,Fall,Friday,15,33.466,367,4,4
All Montréal,Fall,Friday,16,40.624,367,4,4
All Montréal,Fall,Friday,17,45.965,367,4,4
All Montréal,Fall,Friday,18,35.281,367,4,4
All Montréal,Fall,Friday,19,25.921,367,4,4
All Montréal,Fall,Friday,20,19.027,367,4,4
All Montréal,Fall,Friday,21,14.422,367,4,4
All Montréal,Fall,Friday,22,13.209,368,4,4
All Montréal,Fall,Friday,23,10.774,368,4,4
All Montréal,Fall,Saturday,0,6.796,368,5,4
All Montréal,Fall,Saturday,1,6.617,368,5,4
All Montréal,Fall,Saturday,2,4.601,368,5,4
All Montréal,Fall,Saturday,3,4.071,368,5,4
All Montréal,Fall,Saturday,4,2.005,368,5,4
All Montréal,Fall,Saturday,5,2.215,368,5,4
All Montréal,Fall,Saturday,6,3.399,368,5,4
All Montréal,Fall,Saturday,7,6.245,368,5,4
All Montréal,Fall,Saturday,8,10.136,369,5,4
All Montréal,Fall,Saturday,9,16.106,369,5,4
All Montréal,Fall,Saturday,10,20.932,369,5,4
All Montréal,Fall,Saturday,11,25.786,369,5,4
All Montréal,Fall,Saturday,12,31.295,369,5,4
All Montréal,Fall,Saturday,13,34.165,369,5,4
All Montréal,Fall,Saturday,14,36.301,369,5,4
All Montréal,Fall,Saturday,15,37.173,369,5,4
All Montréal,Fall,Saturday,16,35.618,369,5,4
All Montréal,Fall,Saturday,17,33.434,369,5,4
All Montréal,Fall,Saturday,18,28.791,369,5,4
All Montréal,Fall,Saturday,19,22.734,369,5,4
All Montréal,Fall,Saturday,20,16.764,369,5,4
All Montréal,Fall,Saturday,21,14.542,369,5,4
All Montréal,Fall,Saturday,22,12.534,369,5,4
All Montréal,Fall,Saturday,23,9.593,369,5,4
All Montréal,Fall,Sunday,0,7.587,368,6,4
All Montréal,Fall,Sunday,1,5.578,367,6,4
All Montréal,Fall,Sunday,2,4.44,366,6,4
All Montréal,Fall,Sunday,3,3.216,366,6,4
All Montréal,Fall,Sunday,4,1.579,366,6,4
All Montréal,Fall,Sunday,5,1.847,366,6,4
All Montréal,Fall,Sunday,6,2.675,366,6,4
All Montréal,Fall,Sunday,7,4.777,367,6,4
All Montréal,Fall,Sunday,8,7.937,367,6,4
All Montréal,Fall,Sunday,9,13.163,367,6,4
All Montréal,Fall,Sunday,10,20.417,367,6,4
All Montréal,Fall,Sunday,11,25.698,367,6,4
All Montréal,Fall,Sunday,12,30.599,367,6,4
All Montréal,Fall,Sunday,13,34.367,368,6,4
All Montréal,Fall,Sunday,14,36.878,368,6,4
All Montréal,Fall,Sunday,15,35.883,368,6,4
All Montréal,Fall,Sunday,16,33.391,368,6,4
All Montréal,Fall,Sunday,17,29.076,368,6,4
All Montréal,Fall,Sunday,18,23.402,368,6,4
All Montréal,Fall,Sunday,19,17.005,368,6,4
All Montréal,Fall,Sunday,20,11.921,368,6,4
All Montréal,Fall,Sunday,21,9.128,368,6,4
All Montréal,Fall,Sunday,22,7.823,367,6,4
All Montréal,Fall,Sunday,23,5.217,368,6,4
Côte-des-Neiges–Notre-Dame-de-Grâce,Fall,Monday,0,0.5,14,0,4
Côte-des-Neiges–Notre-Dame-de-Grâce,Fall,Monday,1,0.357,14,0,4
Côte-des-Neiges–Notre-Dame-de-Grâce,Fall,Monday,2,0.714,14,0,4
Côte-des-Neiges–Notre-Dame-de-Grâce,Fall,Monday,3,0.286,14,0,4
Côte-des-Neiges–Notre-Dame-de-Grâce,Fall,Monday,4,0.143,14,0,4
Côte-des-Neiges–Notre-Dame-de-Grâce,Fall,Monday,5,1.429,14,0,4
Côte-des-Neiges–Notre-Dame-de-Grâce,Fall,Monday,6,2.071,14,0,4
Côte-des-Neiges–Notre-Dame-de-Grâce,Fall,Monday,7,9.214,14,0,4
Côte-des-Neiges–Notre-Dame-de-Grâce,Fall,Monday,8,11.857,14,0,4
Côte-des-Neiges–Notre-Dame-de-Grâce,Fall,Monday,9,7.857,14,0,4
Côte-des-Neiges–Notre-Dame-de-Grâce,Fall,Monday,10,7.714,14,0,4
Côte-des-Neiges–Notre-Dame-de-Grâce,Fall,Monday,11,7.929,14,0,4
Côte-des-Neiges–Notre-Dame-de-Grâce,Fall,Monday,12,10.429,14,0,4
Côte-des-Neiges–Notre-Dame-de-Grâce,Fall,Monday,13,10.143,14,0,4
Côte-des-Neiges–Notre-Dame-de-Grâce,Fall,Monday,14,8.714,14,0,4
Côte-des-Neiges–Notre-Dame-de-Grâce,Fall,Monday,15,13.286,14,0,4
Côte-des-Neiges–Notre-Dame-de-Grâce,Fall,Monday,16,15.143,14,0,4
Côte-des-Neiges–Notre-Dame-de-Grâce,Fall,Monday,17,15.143,14,0,4
Côte-des-Neiges–Notre-Dame-de-Grâce,Fall,Monday,18,11.571,14,0,4
Côte-des-Neiges–Notre-Dame-de-Grâce,Fall,Monday,19,6.214,14,0,4
Côte-des-Neiges–Notre-Dame-de-Grâce,Fall,Monday,20,3.571,14,0,4
Côte-des-Neiges–Notre-Dame-de-Grâce,Fall,Monday,21,3.071,14,0,4
Côte-des-Neiges–Notre-Dame-de-Grâce,Fall,Monday,22,1.929,14,0,4
Côte-des-Neiges–Notre-Dame-de-Grâce,Fall,Monday,23,1.357,14,0,4
Côte-des-Neiges–Notre-Dame-de-Grâce,Fall,Tuesday,0,0.571,14,1,4
Côte-des-Neiges–Notre-Dame-de-Grâce,Fall,Tuesday,1,0.714,14,1,4
Côte-des-Neiges–Notre-Dame-de-Grâce,Fall,Tuesday,2,0.0,14,1,4
Côte-des-Neiges–Notre-Dame-de-Grâce,Fall,Tuesday,3,0.0,14,1,4
Côte-des-Neiges–Notre-Dame-de-Grâce,Fall,Tuesday,4,0.143,14,1,4
Côte-des-Neiges–Notre-Dame-de-Grâce,Fall,Tuesday,5,1.071,14,1,4
Côte-des-Neiges–Notre-Dame-de-Grâce,Fall,Tuesday,6,2.714,14,1,4
Côte-des-Neiges–Notre-Dame-de-Grâce,Fall,Tuesday,7,10.714,14,1,4
Côte-des-Neiges–Notre-Dame-de-Grâce,Fall,Tuesday,8,17.286,14,1,4
Côte-des-Neiges–Notre-Dame-de-Grâce,Fall,Tuesday,9,9.0,14,1,4
Côte-des-Neiges–Notre-Dame-de-Grâce,Fall,Tuesday,10,6.692,13,1,4
Côte-des-Neiges–Notre-Dame-de-Grâce,Fall,Tuesday,11,6.462,13,1,4
Côte-des-Neiges–Notre-Dame-de-Grâce,Fall,Tuesday,12,9.286,14,1,4
Côte-des-Neiges–Notre-Dame-de-Grâce,Fall,Tuesday,13,7.143,14,1,4
Côte-des-Neiges–Notre-Dame-de-Grâce,Fall,Tuesday,14,10.067,15,1,4
Côte-des-Neiges–Notre-Dame-de-Grâce,Fall,Tuesday,15,13.8,15,1,4
Côte-des-Neiges–Notre-Dame-de-Grâce,Fall,Tuesday,16,22.667,15,1,4
Côte-des-Neiges–Notre-Dame-de-Grâce,Fall,Tuesday,17,18.562,16,1,4
Côte-des-Neiges–Notre-Dame-de-Grâce,Fall,Tuesday,18,14.312,16,1,4
Côte-des-Neiges–Notre-Dame-de-Grâce,Fall,Tuesday,19,8.133,15,1,4
Côte-des-Neiges–Notre-Dame-de-Grâce,Fall,Tuesday,20,5.133,15,1,4
Côte-des-Neiges–Notre-Dame-de-Grâce,Fall,Tuesday,21,4.0,16,1,4
Côte-des-Neiges–Notre-Dame-de-Grâce,Fall,Tuesday,22,2.533,15,1,4
Côte-des-Neiges–Notre-Dame-de-Grâce,Fall,Tuesday,23,1.5,16,1,4
Côte-des-Neiges–Notre-Dame-de-Grâce,Fall,Wednesday,0,0.938,16,2,4
Côte-des-Neiges–Notre-Dame-de-Grâce,Fall,Wednesday,1,0.5,16,2,4
Côte-des-Neiges–Notre-Dame-de-Grâce,Fall,Wednesday,2,0.125,16,2,4
Côte-des-Neiges–Notre-Dame-de-Grâce,Fall,Wednesday,3,0.375,16,2,4
Côte-des-Neiges–Notre-Dame-de-Grâce,Fall,Wednesday,4,0.438,16,2,4
Côte-des-Neiges–Notre-Dame-de-Grâce,Fall,Wednesday,5,1.188,16,2,4
Côte-des-Neiges–Notre-Dame-de-Grâce,Fall,Wednesday,6,2.875,16,2,4
Côte-des-Neiges–Notre-Dame-de-Grâce,Fall,Wednesday,7,8.375,16,2,4
Côte-des-Neiges–Notre-Dame-de-Grâce,Fall,Wednesday,8,15.571,14,2,4
Côte-des-Neiges–Notre-Dame-de-Grâce,Fall,Wednesday,9,9.786,14,2,4
Côte-des-Neiges–Notre-Dame-de-Grâce,Fall,Wednesday,10,6.786,14,2,4
Côte-des-Neiges–Notre-Dame-de-Grâce,Fall,Wednesday,11,6.357,14,2,4
Côte-des-Neiges–Notre-Dame-de-Grâce,Fall,Wednesday,12,8.571,14,2,4
Côte-des-Neiges–Notre-Dame-de-Grâce,Fall,Wednesday,13,6.533,15,2,4
Côte-des-Neiges–Notre-Dame-de-Grâce,Fall,Wednesday,14,9.133,15,2,4
Côte-des-Neiges–Notre-Dame-de-Grâce,Fall,Wednesday,15,9.533,15,2,4
Côte-des-Neiges–Notre-Dame-de-Grâce,Fall,Wednesday,16,15.467,15,2,4
Côte-des-Neiges–Notre-Dame-de-Grâce,Fall,Wednesday,17,18.067,15,2,4
Côte-des-Neiges–Notre-Dame-de-Grâce,Fall,Wednesday,18,14.333,15,2,4
Côte-des-Neiges–Notre-Dame-de-Grâce,Fall,Wednesday,19,8.667,15,2,4
Côte-des-Neiges–Notre-Dame-de-Grâce,Fall,Wednesday,20,5.067,15,2,4
Côte-des-Neiges–Notre-Dame-de-Grâce,Fall,Wednesday,21,4.2,15,2,4
Côte-des-Neiges–Notre-Dame-de-Grâce,Fall,Wednesday,22,2.4,15,2,4
Côte-des-Neiges–Notre-Dame-de-Grâce,Fall,Wednesday,23,1.667,15,2,4
Côte-des-Neiges–Notre-Dame-de-Grâce,Fall,Thursday,0,0.8,15,3,4
Côte-des-Neiges–Notre-Dame-de-Grâce,Fall,Thursday,1,0.4,15,3,4
Côte-des-Neiges–Notre-Dame-de-Grâce,Fall,Thursday,2,0.4,15,3,4
Côte-des-Neiges–Notre-Dame-de-Grâce,Fall,Thursday,3,0.467,15,3,4
Côte-des-Neiges–Notre-Dame-de-Grâce,Fall,Thursday,4,0.2,15,3,4
Côte-des-Neiges–Notre-Dame-de-Grâce,Fall,Thursday,5,0.933,15,3,4
Côte-des-Neiges–Notre-Dame-de-Grâce,Fall,Thursday,6,2.6,15,3,4
Côte-des-Neiges–Notre-Dame-de-Grâce,Fall,Thursday,7,10.467,15,3,4
Côte-des-Neiges–Notre-Dame-de-Grâce,Fall,Thursday,8,16.533,15,3,4
Côte-des-Neiges–Notre-Dame-de-Grâce,Fall,Thursday,9,8.533,15,3,4
Côte-des-Neiges–Notre-Dame-de-Grâce,Fall,Thursday,10,6.933,15,3,4
Côte-des-Neiges–Notre-Dame-de-Grâce,Fall,Thursday,11,6.4,15,3,4
Côte-des-Neiges–Notre-Dame-de-Grâce,Fall,Thursday,12,9.2,15,3,4
Côte-des-Neiges–Notre-Dame-de-Grâce,Fall,Thursday,13,9.133,15,3,4
Côte-des-Neiges–Notre-Dame-de-Grâce,Fall,Thursday,14,8.333,15,3,4
Côte-des-Neiges–Notre-Dame-de-Grâce,Fall,Thursday,15,11.867,15,3,4
Côte-des-Neiges–Notre-Dame-de-Grâce,Fall,Thursday,16,14.588,17,3,4
Côte-des-Neiges–Notre-Dame-de-Grâce,Fall,Thursday,17,15.647,17,3,4
Côte-des-Neiges–Notre-Dame-de-Grâce,Fall,Thursday,18,12.059,17,3,4
Côte-des-Neiges–Notre-Dame-de-Grâce,Fall,Thursday,19,8.294,17,3,4
Côte-des-Neiges–Notre-Dame-de-Grâce,Fall,Thursday,20,5.882,17,3,4
Côte-des-Neiges–Notre-Dame-de-Grâce,Fall,Thursday,21,3.882,17,3,4
Côte-des-Neiges–Notre-Dame-de-Grâce,Fall,Thursday,22,3.0,17,3,4
Côte-des-Neiges–Notre-Dame-de-Grâce,Fall,Thursday,23,1.941,17,3,4
Côte-des-Neiges–Notre-Dame-de-Grâce,Fall,Friday,0,1.353,17,4,4
Côte-des-Neiges–Notre-Dame-de-Grâce,Fall,Friday,1,0.941,17,4,4
Côte-des-Neiges–Notre-Dame-de-Grâce,Fall,Friday,2,0.412,17,4,4
Côte-des-Neiges–Notre-Dame-de-Grâce,Fall,Friday,3,0.647,17,4,4
Côte-des-Neiges–Notre-Dame-de-Grâce,Fall,Friday,4,0.471,17,4,4
Côte-des-Neiges–Notre-Dame-de-Grâce,Fall,Friday,5,1.294,17,4,4
Côte-des-Neiges–Notre-Dame-de-Grâce,Fall,Friday,6,2.471,17,4,4
Côte-des-Neiges–Notre-Dame-de-Grâce,Fall,Friday,7,6.941,17,4,4
Côte-des-Neiges–Notre-Dame-de-Grâce,Fall,Friday,8,10.647,17,4,4
Côte-des-Neiges–Notre-Dame-de-Grâce,Fall,Friday,9,7.235,17,4,4
Côte-des-Neiges–Notre-Dame-de-Grâce,Fall,Friday,10,6.824,17,4,4
Côte-des-Neiges–Notre-Dame-de-Grâce,Fall,Friday,11,7.588,17,4,4
Côte-des-Neiges–Notre-Dame-de-Grâce,Fall,Friday,12,8.471,17,4,4
Côte-des-Neiges–Notre-Dame-de-Grâce,Fall,Friday,13,7.882,17,4,4
Côte-des-Neiges–Notre-Dame-de-Grâce,Fall,Friday,14,9.235,17,4,4
Côte-des-Neiges–Notre-Dame-de-Grâce,Fall,Friday,15,11.353,17,4,4
Côte-des-Neiges–Notre-Dame-de-Grâce,Fall,Friday,16,13.706,17,4,4
Côte-des-Neiges–Notre-Dame-de-Grâce,Fall,Friday,17,12.529,17,4,4
Côte-des-Neiges–Notre-Dame-de-Grâce,Fall,Friday,18,10.471,17,4,4
Côte-des-Neiges–Notre-Dame-de-Grâce,Fall,Friday,19,5.529,17,4,4
Côte-des-Neiges–Notre-Dame-de-Grâce,Fall,Friday,20,4.118,17,4,4
Côte-des-Neiges–Notre-Dame-de-Grâce,Fall,Friday,21,3.118,17,4,4
Côte-des-Neiges–Notre-Dame-de-Grâce,Fall,Friday,22,2.941,17,4,4
Côte-des-Neiges–Notre-Dame-de-Grâce,Fall,Friday,23,2.118,17,4,4
Côte-des-Neiges–Notre-Dame-de-Grâce,Fall,Saturday,0,1.235,17,5,4
Côte-des-Neiges–Notre-Dame-de-Grâce,Fall,Saturday,1,1.529,17,5,4
Côte-des-Neiges–Notre-Dame-de-Grâce,Fall,Saturday,2,1.118,17,5,4
Côte-des-Neiges–Notre-Dame-de-Grâce,Fall,Saturday,3,0.412,17,5,4
Côte-des-Neiges–Notre-Dame-de-Grâce,Fall,Saturday,4,0.588,17,5,4
Côte-des-Neiges–Notre-Dame-de-Grâce,Fall,Saturday,5,1.059,17,5,4
Côte-des-Neiges–Notre-Dame-de-Grâce,Fall,Saturday,6,1.353,17,5,4
Côte-des-Neiges–Notre-Dame-de-Grâce,Fall,Saturday,7,2.059,17,5,4
Côte-des-Neiges–Notre-Dame-de-Grâce,Fall,Saturday,8,4.176,17,5,4
Côte-des-Neiges–Notre-Dame-de-Grâce,Fall,Saturday,9,7.588,17,5,4
Côte-des-Neiges–Notre-Dame-de-Grâce,Fall,Saturday,10,7.941,17,5,4
Côte-des-Neiges–Notre-Dame-de-Grâce,Fall,Saturday,11,9.294,17,5,4
Côte-des-Neiges–Notre-Dame-de-Grâce,Fall,Saturday,12,12.647,17,5,4
Côte-des-Neiges–Notre-Dame-de-Grâce,Fall,Saturday,13,12.471,17,5,4
Côte-des-Neiges–Notre-Dame-de-Grâce,Fall,Saturday,14,13.353,17,5,4
Côte-des-Neiges–Notre-Dame-de-Grâce,Fall,Saturday,15,11.059,17,5,4
Côte-des-Neiges–Notre-Dame-de-Grâce,Fall,Saturday,16,10.353,17,5,4
Côte-des-Neiges–Notre-Dame-de-Grâce,Fall,Saturday,17,8.941,17,5,4
Côte-des-Neiges–Notre-Dame-de-Grâce,Fall,Saturday,18,8.647,17,5,4
Côte-des-Neiges–Notre-Dame-de-Grâce,Fall,Saturday,19,6.412,17,5,4
Côte-des-Neiges–Notre-Dame-de-Grâce,Fall,Saturday,20,5.235,17,5,4
Côte-des-Neiges–Notre-Dame-de-Grâce,Fall,Saturday,21,3.118,17,5,4
Côte-des-Neiges–Notre-Dame-de-Grâce,Fall,Saturday,22,3.235,17,5,4
Côte-des-Neiges–Notre-Dame-de-Grâce,Fall,Saturday,23,2.0,17,5,4
Côte-des-Neiges–Notre-Dame-de-Grâce,Fall,Sunday,0,1.647,17,6,4
Côte-des-Neiges–Notre-Dame-de-Grâce,Fall,Sunday,1,1.529,17,6,4
Côte-des-Neiges–Notre-Dame-de-Grâce,Fall,Sunday,2,0.647,17,6,4
Côte-des-Neiges–Notre-Dame-de-Grâce,Fall,Sunday,3,0.647,17,6,4
Côte-des-Neiges–Notre-Dame-de-Grâce,Fall,Sunday,4,0.176,17,6,4
Côte-des-Neiges–Notre-Dame-de-Grâce,Fall,Sunday,5,0.294,17,6,4
Côte-des-Neiges–Notre-Dame-de-Grâce,Fall,Sunday,6,0.882,17,6,4
Côte-des-Neiges–Notre-Dame-de-Grâce,Fall,Sunday,7,1.824,17,6,4
Côte-des-Neiges–Notre-Dame-de-Grâce,Fall,Sunday,8,2.941,17,6,4
Côte-des-Neiges–Notre-Dame-de-Grâce,Fall,Sunday,9,4.294,17,6,4
Côte-des-Neiges–Notre-Dame-de-Grâce,Fall,Sunday,10,6.0,17,6,4
Côte-des-Neiges–Notre-Dame-de-Grâce,Fall,Sunday,11,7.353,17,6,4
Côte-des-Neiges–Notre-Dame-de-Grâce,Fall,Sunday,12,7.176,17,6,4
Côte-des-Neiges–Notre-Dame-de-Grâce,Fall,Sunday,13,9.588,17,6,4
Côte-des-Neiges–Notre-Dame-de-Grâce,Fall,Sunday,14,9.294,17,6,4
Côte-des-Neiges–Notre-Dame-de-Grâce,Fall,Sunday,15,7.353,17,6,4
Côte-des-Neiges–Notre-Dame-de-Grâce,Fall,Sunday,16,7.882,17,6,4
Côte-des-Neiges–Notre-Dame-de-Grâce,Fall,Sunday,17,6.118,17,6,4
Côte-des-Neiges–Notre-Dame-de-Grâce,Fall,Sunday,18,4.941,17,6,4
Côte-des-Neiges–Notre-Dame-de-Grâce,Fall,Sunday,19,4.765,17,6,4
Côte-des-Neiges–Notre-Dame-de-Grâce,Fall,Sunday,20,2.235,17,6,4
Côte-des-Neiges–Notre-Dame-de-Grâce,Fall,Sunday,21,2.235,17,6,4
Côte-des-Neiges–Notre-Dame-de-Grâce,Fall,Sunday,22,1.353,17,6,4
Côte-des-Neiges–Notre-Dame-de-Grâce,Fall,Sunday,23,0.647,17,6,4
Lachine,Fall,Monday,0,0.167,6,0,4
Lachine,Fall,Monday,1,0.167,6,0,4
Lachine,Fall,Monday,2,0.0,6,0,4
Lachine,Fall,Monday,3,0.0,6,0,4
Lachine,Fall,Monday,4,0.167,6,0,4
Lachine,Fall,Monday,5,0.667,6,0,4
Lachine,Fall,Monday,6,1.333,6,0,4
Lachine,Fall,Monday,7,0.833,6,0,4
Lachine,Fall,Monday,8,1.167,6,0,4
Lachine,Fall,Monday,9,2.167,6,0,4
Lachine,Fall,Monday,10,3.833,6,0,4
Lachine,Fall,Monday,11,3.0,6,0,4
Lachine,Fall,Monday,12,5.5,6,0,4
Lachine,Fall,Monday,13,3.333,6,0,4
Lachine,Fall,Monday,14,3.833,6,0,4
Lachine,Fall,Monday,15,7.167,6,0,4
Lachine,Fall,Monday,16,6.833,6,0,4
Lachine,Fall,Monday,17,4.667,6,0,4
Lachine,Fall,Monday,18,2.0,6,0,4
Lachine,Fall,Monday,19,1.5,6,0,4
Lachine,Fall,Monday,20,0.667,6,0,4
Lachine,Fall,Monday,21,1.0,6,0,4
Lachine,Fall,Monday,22,0.5,6,0,4
Lachine,Fall,Monday,23,0.0,6,0,4
Lachine,Fall,Tuesday,0,0.0,6,1,4
Lachine,Fall,Tuesday,1,0.167,6,1,4
Lachine,Fall,Tuesday,2,0.167,6,1,4
Lachine,Fall,Tuesday,3,0.0,6,1,4
Lachine,Fall,Tuesday,4,0.333,6,1,4
Lachine,Fall,Tuesday,5,0.667,6,1,4
Lachine,Fall,Tuesday,6,1.833,6,1,4
Lachine,Fall,Tuesday,7,1.333,6,1,4
Lachine,Fall,Tuesday,8,2.333,6,1,4
Lachine,Fall,Tuesday,9,3.0,6,1,4
Lachine,Fall,Tuesday,10,2.333,6,1,4
Lachine,Fall,Tuesday,11,4.5,6,1,4
Lachine,Fall,Tuesday,12,4.667,6,1,4
Lachine,Fall,Tuesday,13,4.333,6,1,4
Lachine,Fall,Tuesday,14,4.0,6,1,4
Lachine,Fall,Tuesday,15,3.667,6,1,4
Lachine,Fall,Tuesday,16,4.5,6,1,4
Lachine,Fall,Tuesday,17,7.0,6,1,4
Lachine,Fall,Tuesday,18,2.667,6,1,4
Lachine,Fall,Tuesday,19,2.5,6,1,4
Lachine,Fall,Tuesday,20,1.5,6,1,4
Lachine,Fall,Tuesday,21,1.167,6,1,4
Lachine,Fall,Tuesday,22,0.333,6,1,4
Lachine,Fall,Tuesday,23,0.167,6,1,4
Lachine,Fall,Wednesday,0,0.167,6,2,4
Lachine,Fall,Wednesday,1,0.0,6,2,4
Lachine,Fall,Wednesday,2,0.167,6,2,4
Lachine,Fall,Wednesday,3,0.0,6,2,4
Lachine,Fall,Wednesday,4,0.0,6,2,4
Lachine,Fall,Wednesday,5,0.667,6,2,4
Lachine,Fall,Wednesday,6,1.5,6,2,4
Lachine,Fall,Wednesday,7,1.5,6,2,4
Lachine,Fall,Wednesday,8,1.667,6,2,4
Lachine,Fall,Wednesday,9,2.833,6,2,4
Lachine,Fall,Wednesday,10,3.0,6,2,4
Lachine,Fall,Wednesday,11,2.0,6,2,4
Lachine,Fall,Wednesday,12,3.333,6,2,4
Lachine,Fall,Wednesday,13,3.0,6,2,4
Lachine,Fall,Wednesday,14,3.0,6,2,4
Lachine,Fall,Wednesday,15,4.667,6,2,4
Lachine,Fall,Wednesday,16,5.0,6,2,4
Lachine,Fall,Wednesday,17,6.833,6,2,4
Lachine,Fall,Wednesday,18,3.833,6,2,4
Lachine,Fall,Wednesday,19,1.167,6,2,4
Lachine,Fall,Wednesday,20,1.333,6,2,4
Lachine,Fall,Wednesday,21,0.5,6,2,4
Lachine,Fall,Wednesday,22,0.333,6,2,4
Lachine,Fall,Wednesday,23,0.167,6,2,4
Lachine,Fall,Thursday,0,0.167,6,3,4
Lachine,Fall,Thursday,1,0.0,6,3,4
Lachine,Fall,Thursday,2,0.333,6,3,4
Lachine,Fall,Thursday,3,0.0,6,3,4
Lachine,Fall,Thursday,4,0.167,6,3,4
Lachine,Fall,Thursday,5,0.667,6,3,4
Lachine,Fall,Thursday,6,2.333,6,3,4
Lachine,Fall,Thursday,7,1.667,6,3,4
Lachine,Fall,Thursday,8,2.667,6,3,4
Lachine,Fall,Thursday,9,3.333,6,3,4
Lachine,Fall,Thursday,10,3.333,6,3,4
Lachine,Fall,Thursday,11,2.667,6,3,4
Lachine,Fall,Thursday,12,3.833,6,3,4
Lachine,Fall,Thursday,13,5.333,6,3,4
Lachine,Fall,Thursday,14,5.333,6,3,4
Lachine,Fall,Thursday,15,6.667,6,3,4
Lachine,Fall,Thursday,16,4.0,7,3,4
Lachine,Fall,Thursday,17,6.143,7,3,4
Lachine,Fall,Thursday,18,3.143,7,3,4
Lachine,Fall,Thursday,19,2.143,7,3,4
Lachine,Fall,Thursday,20,1.571,7,3,4
Lachine,Fall,Thursday,21,1.714,7,3,4
Lachine,Fall,Thursday,22,0.286,7,3,4
Lachine,Fall,Thursday,23,0.0,7,3,4
Lachine,Fall,Friday,0,0.143,7,4,4
Lachine,Fall,Friday,1,0.0,7,4,4
Lachine,Fall,Friday,2,0.143,7,4,4
Lachine,Fall,Friday,3,0.143,7,4,4
Lachine,Fall,Friday,4,0.143,7,4,4
Lachine,Fall,Friday,5,0.429,7,4,4
Lachine,Fall,Friday,6,2.429,7,4,4
Lachine,Fall,Friday,7,1.429,7,4,4
Lachine,Fall,Friday,8,1.857,7,4,4
Lachine,Fall,Friday,9,2.714,7,4,4
Lachine,Fall,Friday,10,1.0,7,4,4
Lachine,Fall,Friday,11,4.714,7,4,4
Lachine,Fall,Friday,12,4.0,7,4,4
Lachine,Fall,Friday,13,5.143,7,4,4
Lachine,Fall,Friday,14,5.857,7,4,4
Lachine,Fall,Friday,15,5.714,7,4,4
Lachine,Fall,Friday,16,6.571,7,4,4
Lachine,Fall,Friday,17,6.143,7,4,4
Lachine,Fall,Friday,18,5.143,7,4,4
Lachine,Fall,Friday,19,3.429,7,4,4
Lachine,Fall,Friday,20,2.286,7,4,4
Lachine,Fall,Friday,21,2.286,7,4,4
Lachine,Fall,Friday,22,0.714,7,4,4
Lachine,Fall,Friday,23,0.714,7,4,4
Lachine,Fall,Saturday,0,0.143,7,5,4
Lachine,Fall,Saturday,1,0.0,7,5,4
Lachine,Fall,Saturday,2,0.143,7,5,4
Lachine,Fall,Saturday,3,0.0,7,5,4
Lachine,Fall,Saturday,4,0.143,7,5,4
Lachine,Fall,Saturday,5,0.0,7,5,4
Lachine,Fall,Saturday,6,0.286,7,5,4
Lachine,Fall,Saturday,7,1.143,7,5,4
Lachine,Fall,Saturday,8,3.857,7,5,4
Lachine,Fall,Saturday,9,3.571,7,5,4
Lachine,Fall,Saturday,10,3.857,7,5,4
Lachine,Fall,Saturday,11,3.714,7,5,4
Lachine,Fall,Saturday,12,6.857,7,5,4
Lachine,Fall,Saturday,13,5.571,7,5,4
Lachine,Fall,Saturday,14,5.857,7,5,4
Lachine,Fall,Saturday,15,6.429,7,5,4
Lachine,Fall,Saturday,16,6.286,7,5,4
Lachine,Fall,Saturday,17,4.714,7,5,4
Lachine,Fall,Saturday,18,3.0,7,5,4
Lachine,Fall,Saturday,19,2.0,7,5,4
Lachine,Fall,Saturday,20,1.571,7,5,4
Lachine,Fall,Saturday,21,1.0,7,5,4
Lachine,Fall,Saturday,22,0.571,7,5,4
Lachine,Fall,Saturday,23,0.286,7,5,4
Lachine,Fall,Sunday,0,0.286,7,6,4
Lachine,Fall,Sunday,1,0.143,7,6,4
Lachine,Fall,Sunday,2,0.286,7,6,4
Lachine,Fall,Sunday,3,0.0,7,6,4
Lachine,Fall,Sunday,4,0.143,7,6,4
Lachine,Fall,Sunday,5,0.0,7,6,4
Lachine,Fall,Sunday,6,0.429,7,6,4
Lachine,Fall,Sunday,7,0.571,7,6,4
Lachine,Fall,Sunday,8,1.143,7,6,4
Lachine,Fall,Sunday,9,3.143,7,6,4
Lachine,Fall,Sunday,10,2.143,7,6,4
Lachine,Fall,Sunday,11,3.857,7,6,4
Lachine,Fall,Sunday,12,4.857,7,6,4
Lachine,Fall,Sunday,13,6.143,7,6,4
Lachine,Fall,Sunday,14,3.0,7,6,4
Lachine,Fall,Sunday,15,5.286,7,6,4
Lachine,Fall,Sunday,16,4.571,7,6,4
Lachine,Fall,Sunday,17,3.857,7,6,4
Lachine,Fall,Sunday,18,2.429,7,6,4
Lachine,Fall,Sunday,19,1.571,7,6,4
Lachine,Fall,Sunday,20,1.714,7,6,4
Lachine,Fall,Sunday,21,0.429,7,6,4
Lachine,Fall,Sunday,22,0.571,7,6,4
Lachine,Fall,Sunday,23,0.0,7,6,4
Le Plateau-Mont-Royal,Fall,Monday,0,14.25,4,0,4
Le Plateau-Mont-Royal,Fall,Monday,1,6.75,4,0,4
Le Plateau-Mont-Royal,Fall,Monday,2,3.75,4,0,4
Le Plateau-Mont-Royal,Fall,Monday,3,3.75,4,0,4
Le Plateau-Mont-Royal,Fall,Monday,4,4.25,4,0,4
Le Plateau-Mont-Royal,Fall,Monday,5,11.75,4,0,4
Le Plateau-Mont-Royal,Fall,Monday,6,33.5,4,0,4
Le Plateau-Mont-Royal,Fall,Monday,7,81.5,4,0,4
Le Plateau-Mont-Royal,Fall,Monday,8,162.75,4,0,4
Le Plateau-Mont-Royal,Fall,Monday,9,97.75,4,0,4
Le Plateau-Mont-Royal,Fall,Monday,10,80.25,4,0,4
Le Plateau-Mont-Royal,Fall,Monday,11,93.5,4,0,4
Le Plateau-Mont-Royal,Fall,Monday,12,110.0,4,0,4
Le Plateau-Mont-Royal,Fall,Monday,13,99.25,4,0,4
Le Plateau-Mont-Royal,Fall,Monday,14,85.5,4,0,4
Le Plateau-Mont-Royal,Fall,Monday,15,83.25,4,0,4
Le Plateau-Mont-Royal,Fall,Monday,16,113.25,4,0,4
Le Plateau-Mont-Royal,Fall,Monday,17,160.0,4,0,4
Le Plateau-Mont-Royal,Fall,Monday,18,122.0,4,0,4
Le Plateau-Mont-Royal,Fall,Monday,19,79.0,4,0,4
Le Plateau-Mont-Royal,Fall,Monday,20,63.75,4,0,4
Le Plateau-Mont-Royal,Fall,Monday,21,55.0,4,0,4
Le Plateau-Mont-Royal,Fall,Monday,22,34.75,4,0,4
Le Plateau-Mont-Royal,Fall,Monday,23,21.25,4,0,4
Le Plateau-Mont-Royal,Fall,Tuesday,0,8.5,4,1,4
Le Plateau-Mont-Royal,Fall,Tuesday,1,3.5,4,1,4
Le Plateau-Mont-Royal,Fall,Tuesday,2,2.75,4,1,4
Le Plateau-Mont-Royal,Fall,Tuesday,3,2.5,4,1,4
Le Plateau-Mont-Royal,Fall,Tuesday,4,4.0,4,1,4
Le Plateau-Mont-Royal,Fall,Tuesday,5,10.75,4,1,4
Le Plateau-Mont-Royal,Fall,Tuesday,6,35.5,4,1,4
Le Plateau-Mont-Royal,Fall,Tuesday,7,101.75,4,1,4
Le Plateau-Mont-Royal,Fall,Tuesday,8,162.0,4,1,4
Le Plateau-Mont-Royal,Fall,Tuesday,9,93.25,4,1,4
Le Plateau-Mont-Royal,Fall,Tuesday,10,73.25,4,1,4
Le Plateau-Mont-Royal,Fall,Tuesday,11,88.5,4,1,4
Le Plateau-Mont-Royal,Fall,Tuesday,12,94.25,4,1,4
Le Plateau-Mont-Royal,Fall,Tuesday,13,105.5,4,1,4
Le Plateau-Mont-Royal,Fall,Tuesday,14,72.8,5,1,4
Le Plateau-Mont-Royal,Fall,Tuesday,15,128.2,5,1,4
Le Plateau-Mont-Royal,Fall,Tuesday,16,169.6,5,1,4
Le Plateau-Mont-Royal,Fall,Tuesday,17,182.4,5,1,4
Le Plateau-Mont-Royal,Fall,Tuesday,18,173.0,5,1,4
Le Plateau-Mont-Royal,Fall,Tuesday,19,117.2,5,1,4
Le Plateau-Mont-Royal,Fall,Tuesday,20,94.0,5,1,4
Le Plateau-Mont-Royal,Fall,Tuesday,21,85.6,5,1,4
Le Plateau-Mont-Royal,Fall,Tuesday,22,72.4,5,1,4
Le Plateau-Mont-Royal,Fall,Tuesday,23,41.0,5,1,4
Le Plateau-Mont-Royal,Fall,Wednesday,0,20.8,5,2,4
Le Plateau-Mont-Royal,Fall,Wednesday,1,5.0,5,2,4
Le Plateau-Mont-Royal,Fall,Wednesday,2,2.8,5,2,4
Le Plateau-Mont-Royal,Fall,Wednesday,3,1.6,5,2,4
Le Plateau-Mont-Royal,Fall,Wednesday,4,3.6,5,2,4
Le Plateau-Mont-Royal,Fall,Wednesday,5,11.6,5,2,4
Le Plateau-Mont-Royal,Fall,Wednesday,6,33.6,5,2,4
Le Plateau-Mont-Royal,Fall,Wednesday,7,82.4,5,2,4
Le Plateau-Mont-Royal,Fall,Wednesday,8,124.6,5,2,4
Le Plateau-Mont-Royal,Fall,Wednesday,9,85.2,5,2,4
Le Plateau-Mont-Royal,Fall,Wednesday,10,61.8,5,2,4
Le Plateau-Mont-Royal,Fall,Wednesday,11,58.4,5,2,4
Le Plateau-Mont-Royal,Fall,Wednesday,12,68.2,5,2,4
Le Plateau-Mont-Royal,Fall,Wednesday,13,62.4,5,2,4
Le Plateau-Mont-Royal,Fall,Wednesday,14,53.4,5,2,4
Le Plateau-Mont-Royal,Fall,Wednesday,15,107.2,5,2,4
Le Plateau-Mont-Royal,Fall,Wednesday,16,151.8,5,2,4
Le Plateau-Mont-Royal,Fall,Wednesday,17,182.4,5,2,4
Le Plateau-Mont-Royal,Fall,Wednesday,18,166.4,5,2,4
Le Plateau-Mont-Royal,Fall,Wednesday,19,106.4,5,2,4
Le Plateau-Mont-Royal,Fall,Wednesday,20,82.0,5,2,4
Le Plateau-Mont-Royal,Fall,Wednesday,21,69.2,5,2,4
Le Plateau-Mont-Royal,Fall,Wednesday,22,60.8,5,2,4
Le Plateau-Mont-Royal,Fall,Wednesday,23,43.8,5,2,4
Le Plateau-Mont-Royal,Fall,Thursday,0,21.6,5,3,4
Le Plateau-Mont-Royal,Fall,Thursday,1,11.8,5,3,4
Le Plateau-Mont-Royal,Fall,Thursday,2,8.2,5,3,4
Le Plateau-Mont-Royal,Fall,Thursday,3,3.0,5,3,4
Le Plateau-Mont-Royal,Fall,Thursday,4,3.8,5,3,4
Le Plateau-Mont-Royal,Fall,Thursday,5,12.2,5,3,4
Le Plateau-Mont-Royal,Fall,Thursday,6,45.2,5,3,4
Le Plateau-Mont-Royal,Fall,Thursday,7,117.0,5,3,4
Le Plateau-Mont-Royal,Fall,Thursday,8,212.8,5,3,4
Le Plateau-Mont-Royal,Fall,Thursday,9,109.2,5,3,4
Le Plateau-Mont-Royal,Fall,Thursday,10,87.0,4,3,4
Le Plateau-Mont-Royal,Fall,Thursday,11,99.5,4,3,4
Le Plateau-Mont-Royal,Fall,Thursday,12,100.0,4,3,4
Le Plateau-Mont-Royal,Fall,Thursday,13,108.0,4,3,4
Le Plateau-Mont-Royal,Fall,Thursday,14,91.25,4,3,4
Le Plateau-Mont-Royal,Fall,Thursday,15,107.5,4,3,4
Le Plateau-Mont-Royal,Fall,Thursday,16,156.5,4,3,4
Le Plateau-Mont-Royal,Fall,Thursday,17,195.75,4,3,4
Le Plateau-Mont-Royal,Fall,Thursday,18,130.4,5,3,4
Le Plateau-Mont-Royal,Fall,Thursday,19,117.4,5,3,4
Le Plateau-Mont-Royal,Fall,Thursday,20,93.6,5,3,4
Le Plateau-Mont-Royal,Fall,Thursday,21,72.8,5,3,4
Le Plateau-Mont-Royal,Fall,Thursday,22,61.4,5,3,4
Le Plateau-Mont-Royal,Fall,Thursday,23,45.0,5,3,4
Le Plateau-Mont-Royal,Fall,Friday,0,28.6,5,4,4
Le Plateau-Mont-Royal,Fall,Friday,1,16.8,5,4,4
Le Plateau-Mont-Royal,Fall,Friday,2,10.8,5,4,4
Le Plateau-Mont-Royal,Fall,Friday,3,5.8,5,4,4
Le Plateau-Mont-Royal,Fall,Friday,4,4.4,5,4,4
Le Plateau-Mont-Royal,Fall,Friday,5,10.8,5,4,4
Le Plateau-Mont-Royal,Fall,Friday,6,33.0,5,4,4
Le Plateau-Mont-Royal,Fall,Friday,7,72.6,5,4,4
Le Plateau-Mont-Royal,Fall,Friday,8,121.8,5,4,4
Le Plateau-Mont-Royal,Fall,Friday,9,79.4,5,4,4
Le Plateau-Mont-Royal,Fall,Friday,10,62.8,5,4,4
Le Plateau-Mont-Royal,Fall,Friday,11,73.2,5,4,4
Le Plateau-Mont-Royal,Fall,Friday,12,77.8,5,4,4
Le Plateau-Mont-Royal,Fall,Friday,13,85.2,5,4,4
Le Plateau-Mont-Royal,Fall,Friday,14,82.8,5,4,4
Le Plateau-Mont-Royal,Fall,Friday,15,92.4,5,4,4
Le Plateau-Mont-Royal,Fall,Friday,16,112.6,5,4,4
Le Plateau-Mont-Royal,Fall,Friday,17,121.4,5,4,4
Le Plateau-Mont-Royal,Fall,Friday,18,101.2,5,4,4
Le Plateau-Mont-Royal,Fall,Friday,19,85.0,5,4,4
Le Plateau-Mont-Royal,Fall,Friday,20,61.6,5,4,4
Le Plateau-Mont-Royal,Fall,Friday,21,47.4,5,4,4
Le Plateau-Mont-Royal,Fall,Friday,22,50.6,5,4,4
Le Plateau-Mont-Royal,Fall,Friday,23,48.8,5,4,4
Le Plateau-Mont-Royal,Fall,Saturday,0,44.0,5,5,4
Le Plateau-Mont-Royal,Fall,Saturday,1,39.0,5,5,4
Le Plateau-Mont-Royal,Fall,Saturday,2,30.4,5,5,4
Le Plateau-Mont-Royal,Fall,Saturday,3,23.2,5,5,4
Le Plateau-Mont-Royal,Fall,Saturday,4,12.2,5,5,4
Le Plateau-Mont-Royal,Fall,Saturday,5,7.6,5,5,4
Le Plateau-Mont-Royal,Fall,Saturday,6,11.0,5,5,4
Le Plateau-Mont-Royal,Fall,Saturday,7,25.2,5,5,4
Le Plateau-Mont-Royal,Fall,Saturday,8,48.8,5,5,4
Le Plateau-Mont-Royal,Fall,Saturday,9,83.4,5,5,4
Le Plateau-Mont-Royal,Fall,Saturday,10,115.0,5,5,4
Le Plateau-Mont-Royal,Fall,Saturday,11,123.8,5,5,4
Le Plateau-Mont-Royal,Fall,Saturday,12,142.2,5,5,4
Le Plateau-Mont-Royal,Fall,Saturday,13,164.8,5,5,4
Le Plateau-Mont-Royal,Fall,Saturday,14,154.2,5,5,4
Le Plateau-Mont-Royal,Fall,Saturday,15,148.8,5,5,4
Le Plateau-Mont-Royal,Fall,Saturday,16,137.8,5,5,4
Le Plateau-Mont-Royal,Fall,Saturday,17,145.8,5,5,4
Le Plateau-Mont-Royal,Fall,Saturday,18,133.8,5,5,4
Le Plateau-Mont-Royal,Fall,Saturday,19,116.2,5,5,4
Le Plateau-Mont-Royal,Fall,Saturday,20,89.8,5,5,4
Le Plateau-Mont-Royal,Fall,Saturday,21,66.6,5,5,4
Le Plateau-Mont-Royal,Fall,Saturday,22,65.8,5,5,4
Le Plateau-Mont-Royal,Fall,Saturday,23,58.6,5,5,4
Le Plateau-Mont-Royal,Fall,Sunday,0,54.4,5,6,4
Le Plateau-Mont-Royal,Fall,Sunday,1,30.6,5,6,4
Le Plateau-Mont-Royal,Fall,Sunday,2,21.4,5,6,4
Le Plateau-Mont-Royal,Fall,Sunday,3,15.4,5,6,4
Le Plateau-Mont-Royal,Fall,Sunday,4,5.8,5,6,4
Le Plateau-Mont-Royal,Fall,Sunday,5,4.0,5,6,4
Le Plateau-Mont-Royal,Fall,Sunday,6,8.6,5,6,4
Le Plateau-Mont-Royal,Fall,Sunday,7,13.2,5,6,4
Le Plateau-Mont-Royal,Fall,Sunday,8,25.8,5,6,4
Le Plateau-Mont-Royal,Fall,Sunday,9,47.0,5,6,4
Le Plateau-Mont-Royal,Fall,Sunday,10,68.2,5,6,4
Le Plateau-Mont-Royal,Fall,Sunday,11,80.4,5,6,4
Le Plateau-Mont-Royal,Fall,Sunday,12,87.8,5,6,4
Le Plateau-Mont-Royal,Fall,Sunday,13,94.8,5,6,4
Le Plateau-Mont-Royal,Fall,Sunday,14,92.2,5,6,4
Le Plateau-Mont-Royal,Fall,Sunday,15,79.4,5,6,4
Le Plateau-Mont-Royal,Fall,Sunday,16,88.0,5,6,4
Le Plateau-Mont-Royal,Fall,Sunday,17,77.2,5,6,4
Le Plateau-Mont-Royal,Fall,Sunday,18,60.4,5,6,4
Le Plateau-Mont-Royal,Fall,Sunday,19,48.6,5,6,4
Le Plateau-Mont-Royal,Fall,Sunday,20,36.6,5,6,4
Le Plateau-Mont-Royal,Fall,Sunday,21,33.2,5,6,4
Le Plateau-Mont-Royal,Fall,Sunday,22,25.4,5,6,4
Le Plateau-Mont-Royal,Fall,Sunday,23,20.6,5,6,4
Le Sud-Ouest,Fall,Monday,0,1.987,77,0,4
Le Sud-Ouest,Fall,Monday,1,1.688,77,0,4
Le Sud-Ouest,Fall,Monday,2,1.052,77,0,4
Le Sud-Ouest,Fall,Monday,3,0.675,77,0,4
Le Sud-Ouest,Fall,Monday,4,0.831,77,0,4
Le Sud-Ouest,Fall,Monday,5,3.091,77,0,4
Le Sud-Ouest,Fall,Monday,6,7.117,77,0,4
Le Sud-Ouest,Fall,Monday,7,14.234,77,0,4
Le Sud-Ouest,Fall,Monday,8,30.896,77,0,4
Le Sud-Ouest,Fall,Monday,9,16.558,77,0,4
Le Sud-Ouest,Fall,Monday,10,11.779,77,0,4
Le Sud-Ouest,Fall,Monday,11,15.857,77,0,4
Le Sud-Ouest,Fall,Monday,12,21.688,77,0,4
Le Sud-Ouest,Fall,Monday,13,22.247,77,0,4
Le Sud-Ouest,Fall,Monday,14,20.156,77,0,4
Le Sud-Ouest,Fall,Monday,15,24.195,77,0,4
Le Sud-Ouest,Fall,Monday,16,33.247,77,0,4
Le Sud-Ouest,Fall,Monday,17,38.883,77,0,4
Le Sud-Ouest,Fall,Monday,18,27.208,77,0,4
Le Sud-Ouest,Fall,Monday,19,18.403,77,0,4
Le Sud-Ouest,Fall,Monday,20,11.857,77,0,4
Le Sud-Ouest,Fall,Monday,21,9.481,77,0,4
Le Sud-Ouest,Fall,Monday,22,6.805,77,0,4
Le Sud-Ouest,Fall,Monday,23,3.455,77,0,4
Le Sud-Ouest,Fall,Tuesday,0,1.896,77,1,4
Le Sud-Ouest,Fall,Tuesday,1,0.818,77,1,4
Le Sud-Ouest,Fall,Tuesday,2,0.935,77,1,4
Le Sud-Ouest,Fall,Tuesday,3,0.792,77,1,4
Le Sud-Ouest,Fall,Tuesday,4,0.701,77,1,4
Le Sud-Ouest,Fall,Tuesday,5,2.403,77,1,4
Le Sud-Ouest,Fall,Tuesday,6,7.961,77,1,4
Le Sud-Ouest,Fall,Tuesday,7,16.571,77,1,4
Le Sud-Ouest,Fall,Tuesday,8,39.571,77,1,4
Le Sud-Ouest,Fall,Tuesday,9,18.805,77,1,4
Le Sud-Ouest,Fall,Tuesday,10,10.221,77,1,4
Le Sud-Ouest,Fall,Tuesday,11,14.26,77,1,4
Le Sud-Ouest,Fall,Tuesday,12,18.065,77,1,4
Le Sud-Ouest,Fall,Tuesday,13,20.26,77,1,4
Le Sud-Ouest,Fall,Tuesday,14,20.494,77,1,4
Le Sud-Ouest,Fall,Tuesday,15,26.87,77,1,4
Le Sud-Ouest,Fall,Tuesday,16,38.675,77,1,4
Le Sud-Ouest,Fall,Tuesday,17,46.364,77,1,4
Le Sud-Ouest,Fall,Tuesday,18,31.494,77,1,4
Le Sud-Ouest,Fall,Tuesday,19,20.909,77,1,4
Le Sud-Ouest,Fall,Tuesday,20,13.909,77,1,4
Le Sud-Ouest,Fall,Tuesday,21,10.532,77,1,4
Le Sud-Ouest,Fall,Tuesday,22,8.026,77,1,4
Le Sud-Ouest,Fall,Tuesday,23,4.948,77,1,4
Le Sud-Ouest,Fall,Wednesday,0,1.847,72,2,4
Le Sud-Ouest,Fall,Wednesday,1,1.247,77,2,4
Le Sud-Ouest,Fall,Wednesday,2,0.675,77,2,4
Le Sud-Ouest,Fall,Wednesday,3,0.545,77,2,4
Le Sud-Ouest,Fall,Wednesday,4,0.883,77,2,4
Le Sud-Ouest,Fall,Wednesday,5,2.74,77,2,4
Le Sud-Ouest,Fall,Wednesday,6,8.156,77,2,4
Le Sud-Ouest,Fall,Wednesday,7,19.143,77,2,4
Le Sud-Ouest,Fall,Wednesday,8,40.364,77,2,4
Le Sud-Ouest,Fall,Wednesday,9,18.156,77,2,4
Le Sud-Ouest,Fall,Wednesday,10,11.48,75,2,4
Le Sud-Ouest,Fall,Wednesday,11,12.8,75,2,4
Le Sud-Ouest,Fall,Wednesday,12,17.182,77,2,4
Le Sud-Ouest,Fall,Wednesday,13,19.74,77,2,4
Le Sud-Ouest,Fall,Wednesday,14,19.662,77,2,4
Le Sud-Ouest,Fall,Wednesday,15,24.026,77,2,4
Le Sud-Ouest,Fall,Wednesday,16,36.104,77,2,4
Le Sud-Ouest,Fall,Wednesday,17,47.0,80,2,4
Le Sud-Ouest,Fall,Wednesday,18,32.138,80,2,4
Le Sud-Ouest,Fall,Wednesday,19,23.3,80,2,4
Le Sud-Ouest,Fall,Wednesday,20,14.6,80,2,4
Le Sud-Ouest,Fall,Wednesday,21,11.375,80,2,4
Le Sud-Ouest,Fall,Wednesday,22,8.312,80,2,4
Le Sud-Ouest,Fall,Wednesday,23,4.9,80,2,4
Le Sud-Ouest,Fall,Thursday,0,2.525,80,3,4
Le Sud-Ouest,Fall,Thursday,1,1.462,80,3,4
Le Sud-Ouest,Fall,Thursday,2,0.662,80,3,4
Le Sud-Ouest,Fall,Thursday,3,0.912,80,3,4
Le Sud-Ouest,Fall,Thursday,4,0.825,80,3,4
Le Sud-Ouest,Fall,Thursday,5,2.375,80,3,4
Le Sud-Ouest,Fall,Thursday,6,7.112,80,3,4
Le Sud-Ouest,Fall,Thursday,7,17.175,80,3,4
Le Sud-Ouest,Fall,Thursday,8,36.175,80,3,4
Le Sud-Ouest,Fall,Thursday,9,18.862,80,3,4
Le Sud-Ouest,Fall,Thursday,10,9.075,80,3,4
Le Sud-Ouest,Fall,Thursday,11,13.575,80,3,4
Le Sud-Ouest,Fall,Thursday,12,18.025,80,3,4
Le Sud-Ouest,Fall,Thursday,13,19.125,80,3,4
Le Sud-Ouest,Fall,Thursday,14,18.55,80,3,4
Le Sud-Ouest,Fall,Thursday,15,23.475,80,3,4
Le Sud-Ouest,Fall,Thursday,16,33.75,80,3,4
Le Sud-Ouest,Fall,Thursday,17,41.138,80,3,4
Le Sud-Ouest,Fall,Thursday,18,26.675,80,3,4
Le Sud-Ouest,Fall,Thursday,19,18.912,80,3,4
Le Sud-Ouest,Fall,Thursday,20,12.712,80,3,4
Le Sud-Ouest,Fall,Thursday,21,9.8,80,3,4
Le Sud-Ouest,Fall,Thursday,22,7.4,80,3,4
Le Sud-Ouest,Fall,Thursday,23,5.512,80,3,4
Le Sud-Ouest,Fall,Friday,0,3.35,80,4,4
Le Sud-Ouest,Fall,Friday,1,2.225,80,4,4
Le Sud-Ouest,Fall,Friday,2,1.262,80,4,4
Le Sud-Ouest,Fall,Friday,3,1.138,80,4,4
Le Sud-Ouest,Fall,Friday,4,0.85,80,4,4
Le Sud-Ouest,Fall,Friday,5,2.512,80,4,4
Le Sud-Ouest,Fall,Friday,6,5.888,80,4,4
Le Sud-Ouest,Fall,Friday,7,11.6,80,4,4
Le Sud-Ouest,Fall,Friday,8,21.712,80,4,4
Le Sud-Ouest,Fall,Friday,9,14.162,80,4,4
Le Sud-Ouest,Fall,Friday,10,10.9,80,4,4
Le Sud-Ouest,Fall,Friday,11,13.8,80,4,4
Le Sud-Ouest,Fall,Friday,12,19.4,80,4,4
Le Sud-Ouest,Fall,Friday,13,20.775,80,4,4
Le Sud-Ouest,Fall,Friday,14,22.138,80,4,4
Le Sud-Ouest,Fall,Friday,15,24.638,80,4,4
Le Sud-Ouest,Fall,Friday,16,29.088,80,4,4
Le Sud-Ouest,Fall,Friday,17,32.162,80,4,4
Le Sud-Ouest,Fall,Friday,18,25.888,80,4,4
Le Sud-Ouest,Fall,Friday,19,19.875,80,4,4
Le Sud-Ouest,Fall,Friday,20,14.638,80,4,4
Le Sud-Ouest,Fall,Friday,21,10.15,80,4,4
Le Sud-Ouest,Fall,Friday,22,8.775,80,4,4
Le Sud-Ouest,Fall,Friday,23,6.775,80,4,4
Le Sud-Ouest,Fall,Saturday,0,4.075,80,5,4
Le Sud-Ouest,Fall,Saturday,1,3.888,80,5,4
Le Sud-Ouest,Fall,Saturday,2,2.8,80,5,4
Le Sud-Ouest,Fall,Saturday,3,3.1,80,5,4
Le Sud-Ouest,Fall,Saturday,4,1.312,80,5,4
Le Sud-Ouest,Fall,Saturday,5,1.338,80,5,4
Le Sud-Ouest,Fall,Saturday,6,2.312,80,5,4
Le Sud-Ouest,Fall,Saturday,7,4.488,80,5,4
Le Sud-Ouest,Fall,Saturday,8,7.296,81,5,4
Le Sud-Ouest,Fall,Saturday,9,11.272,81,5,4
Le Sud-Ouest,Fall,Saturday,10,14.543,81,5,4
Le Sud-Ouest,Fall,Saturday,11,19.358,81,5,4
Le Sud-Ouest,Fall,Saturday,12,24.58,81,5,4
Le Sud-Ouest,Fall,Saturday,13,26.765,81,5,4
Le Sud-Ouest,Fall,Saturday,14,30.494,81,5,4
Le Sud-Ouest,Fall,Saturday,15,32.778,81,5,4
Le Sud-Ouest,Fall,Saturday,16,30.494,81,5,4
Le Sud-Ouest,Fall,Saturday,17,26.247,81,5,4
Le Sud-Ouest,Fall,Saturday,18,21.617,81,5,4
Le Sud-Ouest,Fall,Saturday,19,17.247,81,5,4
Le Sud-Ouest,Fall,Saturday,20,12.123,81,5,4
Le Sud-Ouest,Fall,Saturday,21,11.086,81,5,4
Le Sud-Ouest,Fall,Saturday,22,8.346,81,5,4
Le Sud-Ouest,Fall,Saturday,23,6.802,81,5,4
Le Sud-Ouest,Fall,Sunday,0,4.889,81,6,4
Le Sud-Ouest,Fall,Sunday,1,3.588,80,6,4
Le Sud-Ouest,Fall,Sunday,2,2.862,80,6,4
Le Sud-Ouest,Fall,Sunday,3,2.075,80,6,4
Le Sud-Ouest,Fall,Sunday,4,1.112,80,6,4
Le Sud-Ouest,Fall,Sunday,5,1.288,80,6,4
Le Sud-Ouest,Fall,Sunday,6,1.988,80,6,4
Le Sud-Ouest,Fall,Sunday,7,3.525,80,6,4
Le Sud-Ouest,Fall,Sunday,8,5.9,80,6,4
Le Sud-Ouest,Fall,Sunday,9,9.675,80,6,4
Le Sud-Ouest,Fall,Sunday,10,13.475,80,6,4
Le Sud-Ouest,Fall,Sunday,11,18.375,80,6,4
Le Sud-Ouest,Fall,Sunday,12,23.262,80,6,4
Le Sud-Ouest,Fall,Sunday,13,26.25,80,6,4
Le Sud-Ouest,Fall,Sunday,14,29.788,80,6,4
Le Sud-Ouest,Fall,Sunday,15,29.1,80,6,4
Le Sud-Ouest,Fall,Sunday,16,28.075,80,6,4
Le Sud-Ouest,Fall,Sunday,17,22.688,80,6,4
Le Sud-Ouest,Fall,Sunday,18,18.75,80,6,4
Le Sud-Ouest,Fall,Sunday,19,13.625,80,6,4
Le Sud-Ouest,Fall,Sunday,20,9.138,80,6,4
Le Sud-Ouest,Fall,Sunday,21,6.4,80,6,4
Le Sud-Ouest,Fall,Sunday,22,6.228,79,6,4
Le Sud-Ouest,Fall,Sunday,23,4.062,80,6,4
Mercier–Hochelaga-Maisonneuve,Fall,Monday,0,0.615,52,0,4
Mercier–Hochelaga-Maisonneuve,Fall,Monday,1,0.712,52,0,4
Mercier–Hochelaga-Maisonneuve,Fall,Monday,2,0.538,52,0,4
Mercier–Hochelaga-Maisonneuve,Fall,Monday,3,0.385,52,0,4
Mercier–Hochelaga-Maisonneuve,Fall,Monday,4,1.019,52,0,4
Mercier–Hochelaga-Maisonneuve,Fall,Monday,5,5.385,52,0,4
Mercier–Hochelaga-Maisonneuve,Fall,Monday,6,8.596,52,0,4
Mercier–Hochelaga-Maisonneuve,Fall,Monday,7,9.577,52,0,4
Mercier–Hochelaga-Maisonneuve,Fall,Monday,8,11.596,52,0,4
Mercier–Hochelaga-Maisonneuve,Fall,Monday,9,9.692,52,0,4
Mercier–Hochelaga-Maisonneuve,Fall,Monday,10,8.808,52,0,4
Mercier–Hochelaga-Maisonneuve,Fall,Monday,11,7.769,52,0,4
Mercier–Hochelaga-Maisonneuve,Fall,Monday,12,8.731,52,0,4
Mercier–Hochelaga-Maisonneuve,Fall,Monday,13,10.904,52,0,4
Mercier–Hochelaga-Maisonneuve,Fall,Monday,14,12.808,52,0,4
Mercier–Hochelaga-Maisonneuve,Fall,Monday,15,12.481,52,0,4
Mercier–Hochelaga-Maisonneuve,Fall,Monday,16,13.981,52,0,4
Mercier–Hochelaga-Maisonneuve,Fall,Monday,17,11.327,52,0,4
Mercier–Hochelaga-Maisonneuve,Fall,Monday,18,8.365,52,0,4
Mercier–Hochelaga-Maisonneuve,Fall,Monday,19,4.808,52,0,4
Mercier–Hochelaga-Maisonneuve,Fall,Monday,20,3.038,52,0,4
Mercier–Hochelaga-Maisonneuve,Fall,Monday,21,3.346,52,0,4
Mercier–Hochelaga-Maisonneuve,Fall,Monday,22,2.519,52,0,4
Mercier–Hochelaga-Maisonneuve,Fall,Monday,23,1.265,49,0,4
Mercier–Hochelaga-Maisonneuve,Fall,Tuesday,0,1.061,49,1,4
Mercier–Hochelaga-Maisonneuve,Fall,Tuesday,1,0.833,48,1,4
Mercier–Hochelaga-Maisonneuve,Fall,Tuesday,2,0.396,48,1,4
Mercier–Hochelaga-Maisonneuve,Fall,Tuesday,3,0.327,49,1,4
Mercier–Hochelaga-Maisonneuve,Fall,Tuesday,4,1.102,49,1,4
Mercier–Hochelaga-Maisonneuve,Fall,Tuesday,5,4.898,49,1,4
Mercier–Hochelaga-Maisonneuve,Fall,Tuesday,6,9.429,49,1,4
Mercier–Hochelaga-Maisonneuve,Fall,Tuesday,7,10.714,49,1,4
Mercier–Hochelaga-Maisonneuve,Fall,Tuesday,8,8.796,49,1,4
Mercier–Hochelaga-Maisonneuve,Fall,Tuesday,9,6.061,49,1,4
Mercier–Hochelaga-Maisonneuve,Fall,Tuesday,10,5.327,49,1,4
Mercier–Hochelaga-Maisonneuve,Fall,Tuesday,11,4.135,52,1,4
Mercier–Hochelaga-Maisonneuve,Fall,Tuesday,12,5.635,52,1,4
Mercier–Hochelaga-Maisonneuve,Fall,Tuesday,13,8.327,52,1,4
Mercier–Hochelaga-Maisonneuve,Fall,Tuesday,14,9.808,52,1,4
Mercier–Hochelaga-Maisonneuve,Fall,Tuesday,15,11.635,52,1,4
Mercier–Hochelaga-Maisonneuve,Fall,Tuesday,16,16.538,52,1,4
Mercier–Hochelaga-Maisonneuve,Fall,Tuesday,17,13.0,52,1,4
Mercier–Hochelaga-Maisonneuve,Fall,Tuesday,18,9.327,52,1,4
Mercier–Hochelaga-Maisonneuve,Fall,Tuesday,19,6.038,52,1,4
Mercier–Hochelaga-Maisonneuve,Fall,Tuesday,20,2.942,52,1,4
Mercier–Hochelaga-Maisonneuve,Fall,Tuesday,21,2.654,52,1,4
Mercier–Hochelaga-Maisonneuve,Fall,Tuesday,22,1.962,52,1,4
Mercier–Hochelaga-Maisonneuve,Fall,Tuesday,23,1.5,52,1,4
Mercier–Hochelaga-Maisonneuve,Fall,Wednesday,0,0.854,48,2,4
Mercier–Hochelaga-Maisonneuve,Fall,Wednesday,1,0.596,52,2,4
Mercier–Hochelaga-Maisonneuve,Fall,Wednesday,2,0.673,52,2,4
Mercier–Hochelaga-Maisonneuve,Fall,Wednesday,3,0.538,52,2,4
Mercier–Hochelaga-Maisonneuve,Fall,Wednesday,4,1.0,52,2,4
Mercier–Hochelaga-Maisonneuve,Fall,Wednesday,5,4.635,52,2,4
Mercier–Hochelaga-Maisonneuve,Fall,Wednesday,6,10.904,52,2,4
Mercier–Hochelaga-Maisonneuve,Fall,Wednesday,7,14.173,52,2,4
Mercier–Hochelaga-Maisonneuve,Fall,Wednesday,8,14.923,52,2,4
Mercier–Hochelaga-Maisonneuve,Fall,Wednesday,9,11.558,52,2,4
Mercier–Hochelaga-Maisonneuve,Fall,Wednesday,10,8.288,52,2,4
Mercier–Hochelaga-Maisonneuve,Fall,Wednesday,11,5.673,52,2,4
Mercier–Hochelaga-Maisonneuve,Fall,Wednesday,12,5.731,52,2,4
Mercier–Hochelaga-Maisonneuve,Fall,Wednesday,13,9.019,52,2,4
Mercier–Hochelaga-Maisonneuve,Fall,Wednesday,14,11.269,52,2,4
Mercier–Hochelaga-Maisonneuve,Fall,Wednesday,15,12.212,52,2,4
Mercier–Hochelaga-Maisonneuve,Fall,Wednesday,16,14.5,52,2,4
Mercier–Hochelaga-Maisonneuve,Fall,Wednesday,17,11.462,52,2,4
Mercier–Hochelaga-Maisonneuve,Fall,Wednesday,18,7.365,52,2,4
Mercier–Hochelaga-Maisonneuve,Fall,Wednesday,19,4.25,52,2,4
Mercier–Hochelaga-Maisonneuve,Fall,Wednesday,20,3.0,52,2,4
Mercier–Hochelaga-Maisonneuve,Fall,Wednesday,21,3.212,52,2,4
Mercier–Hochelaga-Maisonneuve,Fall,Wednesday,22,2.577,52,2,4
Mercier–Hochelaga-Maisonneuve,Fall,Wednesday,23,1.346,52,2,4
Mercier–Hochelaga-Maisonneuve,Fall,Thursday,0,1.654,52,3,4
Mercier–Hochelaga-Maisonneuve,Fall,Thursday,1,0.615,52,3,4
Mercier–Hochelaga-Maisonneuve,Fall,Thursday,2,0.904,52,3,4
Mercier–Hochelaga-Maisonneuve,Fall,Thursday,3,0.442,52,3,4
Mercier–Hochelaga-Maisonneuve,Fall,Thursday,4,0.904,52,3,4
Mercier–Hochelaga-Maisonneuve,Fall,Thursday,5,4.327,52,3,4
Mercier–Hochelaga-Maisonneuve,Fall,Thursday,6,9.0,52,3,4
Mercier–Hochelaga-Maisonneuve,Fall,Thursday,7,11.365,52,3,4
Mercier–Hochelaga-Maisonneuve,Fall,Thursday,8,11.25,52,3,4
Mercier–Hochelaga-Maisonneuve,Fall,Thursday,9,7.731,52,3,4
Mercier–Hochelaga-Maisonneuve,Fall,Thursday,10,9.25,52,3,4
Mercier–Hochelaga-Maisonneuve,Fall,Thursday,11,5.212,52,3,4
Mercier–Hochelaga-Maisonneuve,Fall,Thursday,12,6.519,52,3,4
Mercier–Hochelaga-Maisonneuve,Fall,Thursday,13,7.981,52,3,4
Mercier–Hochelaga-Maisonneuve,Fall,Thursday,14,10.346,52,3,4
Mercier–Hochelaga-Maisonneuve,Fall,Thursday,15,12.654,52,3,4
Mercier–Hochelaga-Maisonneuve,Fall,Thursday,16,11.846,52,3,4
Mercier–Hochelaga-Maisonneuve,Fall,Thursday,17,8.192,52,3,4
Mercier–Hochelaga-Maisonneuve,Fall,Thursday,18,5.173,52,3,4
Mercier–Hochelaga-Maisonneuve,Fall,Thursday,19,3.577,52,3,4
Mercier–Hochelaga-Maisonneuve,Fall,Thursday,20,2.462,52,3,4
Mercier–Hochelaga-Maisonneuve,Fall,Thursday,21,2.885,52,3,4
Mercier–Hochelaga-Maisonneuve,Fall,Thursday,22,2.231,52,3,4
Mercier–Hochelaga-Maisonneuve,Fall,Thursday,23,1.615,52,3,4
Mercier–Hochelaga-Maisonneuve,Fall,Friday,0,1.269,52,4,4
Mercier–Hochelaga-Maisonneuve,Fall,Friday,1,0.519,52,4,4
Mercier–Hochelaga-Maisonneuve,Fall,Friday,2,0.731,52,4,4
Mercier–Hochelaga-Maisonneuve,Fall,Friday,3,0.346,52,4,4
Mercier–Hochelaga-Maisonneuve,Fall,Friday,4,0.75,52,4,4
Mercier–Hochelaga-Maisonneuve,Fall,Friday,5,5.346,52,4,4
Mercier–Hochelaga-Maisonneuve,Fall,Friday,6,9.385,52,4,4
Mercier–Hochelaga-Maisonneuve,Fall,Friday,7,9.538,52,4,4
Mercier–Hochelaga-Maisonneuve,Fall,Friday,8,9.846,52,4,4
Mercier–Hochelaga-Maisonneuve,Fall,Friday,9,8.25,52,4,4
Mercier–Hochelaga-Maisonneuve,Fall,Friday,10,10.154,52,4,4
Mercier–Hochelaga-Maisonneuve,Fall,Friday,11,6.327,52,4,4
Mercier–Hochelaga-Maisonneuve,Fall,Friday,12,6.0,52,4,4
Mercier–Hochelaga-Maisonneuve,Fall,Friday,13,10.346,52,4,4
Mercier–Hochelaga-Maisonneuve,Fall,Friday,14,11.308,52,4,4
Mercier–Hochelaga-Maisonneuve,Fall,Friday,15,10.481,52,4,4
Mercier–Hochelaga-Maisonneuve,Fall,Friday,16,10.288,52,4,4
Mercier–Hochelaga-Maisonneuve,Fall,Friday,17,10.269,52,4,4
Mercier–Hochelaga-Maisonneuve,Fall,Friday,18,7.865,52,4,4
Mercier–Hochelaga-Maisonneuve,Fall,Friday,19,4.808,52,4,4
Mercier–Hochelaga-Maisonneuve,Fall,Friday,20,2.673,52,4,4
Mercier–Hochelaga-Maisonneuve,Fall,Friday,21,2.538,52,4,4
Mercier–Hochelaga-Maisonneuve,Fall,Friday,22,2.596,52,4,4
Mercier–Hochelaga-Maisonneuve,Fall,Friday,23,1.596,52,4,4
Mercier–Hochelaga-Maisonneuve,Fall,Saturday,0,1.154,52,5,4
Mercier–Hochelaga-Maisonneuve,Fall,Saturday,1,0.846,52,5,4
Mercier–Hochelaga-Maisonneuve,Fall,Saturday,2,0.577,52,5,4
Mercier–Hochelaga-Maisonneuve,Fall,Saturday,3,0.635,52,5,4
Mercier–Hochelaga-Maisonneuve,Fall,Saturday,4,0.673,52,5,4
Mercier–Hochelaga-Maisonneuve,Fall,Saturday,5,1.038,52,5,4
Mercier–Hochelaga-Maisonneuve,Fall,Saturday,6,2.288,52,5,4
Mercier–Hochelaga-Maisonneuve,Fall,Saturday,7,3.923,52,5,4
Mercier–Hochelaga-Maisonneuve,Fall,Saturday,8,3.692,52,5,4
Mercier–Hochelaga-Maisonneuve,Fall,Saturday,9,5.731,52,5,4
Mercier–Hochelaga-Maisonneuve,Fall,Saturday,10,4.577,52,5,4
Mercier–Hochelaga-Maisonneuve,Fall,Saturday,11,5.173,52,5,4
Mercier–Hochelaga-Maisonneuve,Fall,Saturday,12,5.788,52,5,4
Mercier–Hochelaga-Maisonneuve,Fall,Saturday,13,10.0,52,5,4
Mercier–Hochelaga-Maisonneuve,Fall,Saturday,14,15.942,52,5,4
Mercier–Hochelaga-Maisonneuve,Fall,Saturday,15,12.308,52,5,4
Mercier–Hochelaga-Maisonneuve,Fall,Saturday,16,11.673,52,5,4
Mercier–Hochelaga-Maisonneuve,Fall,Saturday,17,8.346,52,5,4
Mercier–Hochelaga-Maisonneuve,Fall,Saturday,18,7.327,52,5,4
Mercier–Hochelaga-Maisonneuve,Fall,Saturday,19,4.519,52,5,4
Mercier–Hochelaga-Maisonneuve,Fall,Saturday,20,2.519,52,5,4
Mercier–Hochelaga-Maisonneuve,Fall,Saturday,21,2.385,52,5,4
Mercier–Hochelaga-Maisonneuve,Fall,Saturday,22,2.192,52,5,4
Mercier–Hochelaga-Maisonneuve,Fall,Saturday,23,1.404,52,5,4
Mercier–Hochelaga-Maisonneuve,Fall,Sunday,0,1.118,51,6,4
Mercier–Hochelaga-Maisonneuve,Fall,Sunday,1,0.529,51,6,4
Mercier–Hochelaga-Maisonneuve,Fall,Sunday,2,0.608,51,6,4
Mercier–Hochelaga-Maisonneuve,Fall,Sunday,3,0.706,51,6,4
Mercier–Hochelaga-Maisonneuve,Fall,Sunday,4,0.843,51,6,4
Mercier–Hochelaga-Maisonneuve,Fall,Sunday,5,1.373,51,6,4
Mercier–Hochelaga-Maisonneuve,Fall,Sunday,6,1.706,51,6,4
Mercier–Hochelaga-Maisonneuve,Fall,Sunday,7,3.115,52,6,4
Mercier–Hochelaga-Maisonneuve,Fall,Sunday,8,3.442,52,6,4
Mercier–Hochelaga-Maisonneuve,Fall,Sunday,9,5.481,52,6,4
Mercier–Hochelaga-Maisonneuve,Fall,Sunday,10,5.288,52,6,4
Mercier–Hochelaga-Maisonneuve,Fall,Sunday,11,5.077,52,6,4
Mercier–Hochelaga-Maisonneuve,Fall,Sunday,12,7.096,52,6,4
Mercier–Hochelaga-Maisonneuve,Fall,Sunday,13,13.096,52,6,4
Mercier–Hochelaga-Maisonneuve,Fall,Sunday,14,19.038,52,6,4
Mercier–Hochelaga-Maisonneuve,Fall,Sunday,15,18.442,52,6,4
Mercier–Hochelaga-Maisonneuve,Fall,Sunday,16,14.462,52,6,4
Mercier–Hochelaga-Maisonneuve,Fall,Sunday,17,8.75,52,6,4
Mercier–Hochelaga-Maisonneuve,Fall,Sunday,18,7.346,52,6,4
Mercier–Hochelaga-Maisonneuve,Fall,Sunday,19,4.827,52,6,4
Mercier–Hochelaga-Maisonneuve,Fall,Sunday,20,2.615,52,6,4
Mercier–Hochelaga-Maisonneuve,Fall,Sunday,21,3.058,52,6,4
Mercier–Hochelaga-Maisonneuve,Fall,Sunday,22,1.654,52,6,4
Mercier–Hochelaga-Maisonneuve,Fall,Sunday,23,1.096,52,6,4
Montréal-Nord,Fall,Monday,0,0.0,7,0,4
Montréal-Nord,Fall,Monday,1,0.143,7,0,4
Montréal-Nord,Fall,Monday,2,0.0,7,0,4
Montréal-Nord,Fall,Monday,3,0.0,7,0,4
Montréal-Nord,Fall,Monday,4,0.0,7,0,4
Montréal-Nord,Fall,Monday,5,0.714,7,0,4
Montréal-Nord,Fall,Monday,6,0.571,7,0,4
Montréal-Nord,Fall,Monday,7,1.857,7,0,4
Montréal-Nord,Fall,Monday,8,1.429,7,0,4
Montréal-Nord,Fall,Monday,9,0.143,7,0,4
Montréal-Nord,Fall,Monday,10,1.0,7,0,4
Montréal-Nord,Fall,Monday,11,0.714,7,0,4
Montréal-Nord,Fall,Monday,12,1.857,7,0,4
Montréal-Nord,Fall,Monday,13,1.286,7,0,4
Montréal-Nord,Fall,Monday,14,1.429,7,0,4
Montréal-Nord,Fall,Monday,15,2.143,7,0,4
Montréal-Nord,Fall,Monday,16,2.286,7,0,4
Montréal-Nord,Fall,Monday,17,1.0,7,0,4
Montréal-Nord,Fall,Monday,18,0.857,7,0,4
Montréal-Nord,Fall,Monday,19,0.286,7,0,4
Montréal-Nord,Fall,Monday,20,0.571,7,0,4
Montréal-Nord,Fall,Monday,21,0.0,7,0,4
Montréal-Nord,Fall,Monday,22,0.429,7,0,4
Montréal-Nord,Fall,Monday,23,0.0,7,0,4
Montréal-Nord,Fall,Tuesday,0,0.0,7,1,4
Montréal-Nord,Fall,Tuesday,1,0.143,7,1,4
Montréal-Nord,Fall,Tuesday,2,0.0,7,1,4
Montréal-Nord,Fall,Tuesday,3,0.429,7,1,4
Montréal-Nord,Fall,Tuesday,4,0.143,7,1,4
Montréal-Nord,Fall,Tuesday,5,0.429,7,1,4
Montréal-Nord,Fall,Tuesday,6,1.857,7,1,4
Montréal-Nord,Fall,Tuesday,7,0.714,7,1,4
Montréal-Nord,Fall,Tuesday,8,1.857,7,1,4
Montréal-Nord,Fall,Tuesday,9,1.571,7,1,4
Montréal-Nord,Fall,Tuesday,10,1.429,7,1,4
Montréal-Nord,Fall,Tuesday,11,1.857,7,1,4
Montréal-Nord,Fall,Tuesday,12,1.0,7,1,4
Montréal-Nord,Fall,Tuesday,13,1.125,8,1,4
Montréal-Nord,Fall,Tuesday,14,2.0,9,1,4
Montréal-Nord,Fall,Tuesday,15,3.333,9,1,4
Montréal-Nord,Fall,Tuesday,16,2.556,9,1,4
Montréal-Nord,Fall,Tuesday,17,2.444,9,1,4
Montréal-Nord,Fall,Tuesday,18,2.333,9,1,4
Montréal-Nord,Fall,Tuesday,19,1.0,9,1,4
Montréal-Nord,Fall,Tuesday,20,1.111,9,1,4
Montréal-Nord,Fall,Tuesday,21,0.222,9,1,4
Montréal-Nord,Fall,Tuesday,22,0.222,9,1,4
Montréal-Nord,Fall,Tuesday,23,0.0,9,1,4
Montréal-Nord,Fall,Wednesday,0,0.667,9,2,4
Montréal-Nord,Fall,Wednesday,1,0.222,9,2,4
Montréal-Nord,Fall,Wednesday,2,0.111,9,2,4
Montréal-Nord,Fall,Wednesday,3,0.111,9,2,4
Montréal-Nord,Fall,Wednesday,4,0.0,9,2,4
Montréal-Nord,Fall,Wednesday,5,0.333,9,2,4
Montréal-Nord,Fall,Wednesday,6,0.778,9,2,4
Montréal-Nord,Fall,Wednesday,7,2.556,9,2,4
Montréal-Nord,Fall,Wednesday,8,1.111,9,2,4
Montréal-Nord,Fall,Wednesday,9,0.667,9,2,4
Montréal-Nord,Fall,Wednesday,10,0.889,9,2,4
Montréal-Nord,Fall,Wednesday,11,0.75,8,2,4
Montréal-Nord,Fall,Wednesday,12,1.125,8,2,4
Montréal-Nord,Fall,Wednesday,13,0.625,8,2,4
Montréal-Nord,Fall,Wednesday,14,1.625,8,2,4
Montréal-Nord,Fall,Wednesday,15,2.875,8,2,4
Montréal-Nord,Fall,Wednesday,16,2.375,8,2,4
Montréal-Nord,Fall,Wednesday,17,1.625,8,2,4
Montréal-Nord,Fall,Wednesday,18,0.875,8,2,4
Montréal-Nord,Fall,Wednesday,19,0.875,8,2,4
Montréal-Nord,Fall,Wednesday,20,0.5,8,2,4
Montréal-Nord,Fall,Wednesday,21,0.875,8,2,4
Montréal-Nord,Fall,Wednesday,22,0.375,8,2,4
Montréal-Nord,Fall,Wednesday,23,0.0,8,2,4
Montréal-Nord,Fall,Thursday,0,0.0,8,3,4
Montréal-Nord,Fall,Thursday,1,0.0,8,3,4
Montréal-Nord,Fall,Thursday,2,0.125,8,3,4
Montréal-Nord,Fall,Thursday,3,0.25,8,3,4
Montréal-Nord,Fall,Thursday,4,0.0,8,3,4
Montréal-Nord,Fall,Thursday,5,0.375,8,3,4
Montréal-Nord,Fall,Thursday,6,1.625,8,3,4
Montréal-Nord,Fall,Thursday,7,2.5,8,3,4
Montréal-Nord,Fall,Thursday,8,1.375,8,3,4
Montréal-Nord,Fall,Thursday,9,1.25,8,3,4
Montréal-Nord,Fall,Thursday,10,2.125,8,3,4
Montréal-Nord,Fall,Thursday,11,1.875,8,3,4
Montréal-Nord,Fall,Thursday,12,1.75,8,3,4
Montréal-Nord,Fall,Thursday,13,2.0,8,3,4
Montréal-Nord,Fall,Thursday,14,1.0,8,3,4
Montréal-Nord,Fall,Thursday,15,3.875,8,3,4
Montréal-Nord,Fall,Thursday,16,2.0,8,3,4
Montréal-Nord,Fall,Thursday,17,2.0,8,3,4
Montréal-Nord,Fall,Thursday,18,2.75,8,3,4
Montréal-Nord,Fall,Thursday,19,0.875,8,3,4
Montréal-Nord,Fall,Thursday,20,0.875,8,3,4
Montréal-Nord,Fall,Thursday,21,0.25,8,3,4
Montréal-Nord,Fall,Thursday,22,0.375,8,3,4
Montréal-Nord,Fall,Thursday,23,0.125,8,3,4
Montréal-Nord,Fall,Friday,0,0.25,8,4,4
Montréal-Nord,Fall,Friday,1,0.125,8,4,4
Montréal-Nord,Fall,Friday,2,0.0,8,4,4
Montréal-Nord,Fall,Friday,3,0.0,8,4,4
Montréal-Nord,Fall,Friday,4,0.25,8,4,4
Montréal-Nord,Fall,Friday,5,0.375,8,4,4
Montréal-Nord,Fall,Friday,6,0.625,8,4,4
Montréal-Nord,Fall,Friday,7,1.25,8,4,4
Montréal-Nord,Fall,Friday,8,0.875,8,4,4
Montréal-Nord,Fall,Friday,9,0.75,8,4,4
Montréal-Nord,Fall,Friday,10,1.0,8,4,4
Montréal-Nord,Fall,Friday,11,0.875,8,4,4
Montréal-Nord,Fall,Friday,12,1.375,8,4,4
Montréal-Nord,Fall,Friday,13,3.375,8,4,4
Montréal-Nord,Fall,Friday,14,2.5,8,4,4
Montréal-Nord,Fall,Friday,15,2.625,8,4,4
Montréal-Nord,Fall,Friday,16,2.125,8,4,4
Montréal-Nord,Fall,Friday,17,1.625,8,4,4
Montréal-Nord,Fall,Friday,18,1.625,8,4,4
Montréal-Nord,Fall,Friday,19,0.75,8,4,4
Montréal-Nord,Fall,Friday,20,1.0,8,4,4
Montréal-Nord,Fall,Friday,21,0.75,8,4,4
Montréal-Nord,Fall,Friday,22,0.5,8,4,4
Montréal-Nord,Fall,Friday,23,0.0,8,4,4
Montréal-Nord,Fall,Saturday,0,0.25,8,5,4
Montréal-Nord,Fall,Saturday,1,0.0,8,5,4
Montréal-Nord,Fall,Saturday,2,0.0,8,5,4
Montréal-Nord,Fall,Saturday,3,0.0,8,5,4
Montréal-Nord,Fall,Saturday,4,0.125,8,5,4
Montréal-Nord,Fall,Saturday,5,0.25,8,5,4
Montréal-Nord,Fall,Saturday,6,0.625,8,5,4
Montréal-Nord,Fall,Saturday,7,0.75,8,5,4
Montréal-Nord,Fall,Saturday,8,1.5,8,5,4
Montréal-Nord,Fall,Saturday,9,1.875,8,5,4
Montréal-Nord,Fall,Saturday,10,1.0,8,5,4
Montréal-Nord,Fall,Saturday,11,2.25,8,5,4
Montréal-Nord,Fall,Saturday,12,2.0,8,5,4
Montréal-Nord,Fall,Saturday,13,1.75,8,5,4
Montréal-Nord,Fall,Saturday,14,2.5,8,5,4
Montréal-Nord,Fall,Saturday,15,1.625,8,5,4
Montréal-Nord,Fall,Saturday,16,2.375,8,5,4
Montréal-Nord,Fall,Saturday,17,1.125,8,5,4
Montréal-Nord,Fall,Saturday,18,1.0,8,5,4
Montréal-Nord,Fall,Saturday,19,0.875,8,5,4
Montréal-Nord,Fall,Saturday,20,1.0,8,5,4
Montréal-Nord,Fall,Saturday,21,0.125,8,5,4
Montréal-Nord,Fall,Saturday,22,0.0,8,5,4
Montréal-Nord,Fall,Saturday,23,0.375,8,5,4
Montréal-Nord,Fall,Sunday,0,0.25,8,6,4
Montréal-Nord,Fall,Sunday,1,0.125,8,6,4
Montréal-Nord,Fall,Sunday,2,0.0,8,6,4
Montréal-Nord,Fall,Sunday,3,0.125,8,6,4
Montréal-Nord,Fall,Sunday,4,0.0,8,6,4
Montréal-Nord,Fall,Sunday,5,0.0,8,6,4
Montréal-Nord,Fall,Sunday,6,0.75,8,6,4
Montréal-Nord,Fall,Sunday,7,0.25,8,6,4
Montréal-Nord,Fall,Sunday,8,0.875,8,6,4
Montréal-Nord,Fall,Sunday,9,0.625,8,6,4
Montréal-Nord,Fall,Sunday,10,0.625,8,6,4
Montréal-Nord,Fall,Sunday,11,1.875,8,6,4
Montréal-Nord,Fall,Sunday,12,0.875,8,6,4
Montréal-Nord,Fall,Sunday,13,0.875,8,6,4
Montréal-Nord,Fall,Sunday,14,1.625,8,6,4
Montréal-Nord,Fall,Sunday,15,1.5,8,6,4
Montréal-Nord,Fall,Sunday,16,1.0,8,6,4
Montréal-Nord,Fall,Sunday,17,0.625,8,6,4
Montréal-Nord,Fall,Sunday,18,1.5,8,6,4
Montréal-Nord,Fall,Sunday,19,0.625,8,6,4
Montréal-Nord,Fall,Sunday,20,0.25,8,6,4
Montréal-Nord,Fall,Sunday,21,0.125,8,6,4
Montréal-Nord,Fall,Sunday,22,0.5,8,6,4
Montréal-Nord,Fall,Sunday,23,0.25,8,6,4
Rivière-des-Prairies–Pointe-aux-Trembles,Fall,Monday,0,0.091,22,0,4
Rivière-des-Prairies–Pointe-aux-Trembles,Fall,Monday,1,0.136,22,0,4
Rivière-des-Prairies–Pointe-aux-Trembles,Fall,Monday,2,0.182,22,0,4
Rivière-des-Prairies–Pointe-aux-Trembles,Fall,Monday,3,0.318,22,0,4
Rivière-des-Prairies–Pointe-aux-Trembles,Fall,Monday,4,0.682,22,0,4
Rivière-des-Prairies–Pointe-aux-Trembles,Fall,Monday,5,0.955,22,0,4
Rivière-des-Prairies–Pointe-aux-Trembles,Fall,Monday,6,1.773,22,0,4
Rivière-des-Prairies–Pointe-aux-Trembles,Fall,Monday,7,1.591,22,0,4
Rivière-des-Prairies–Pointe-aux-Trembles,Fall,Monday,8,1.909,22,0,4
Rivière-des-Prairies–Pointe-aux-Trembles,Fall,Monday,9,1.409,22,0,4
Rivière-des-Prairies–Pointe-aux-Trembles,Fall,Monday,10,2.0,22,0,4
Rivière-des-Prairies–Pointe-aux-Trembles,Fall,Monday,11,2.636,22,0,4
Rivière-des-Prairies–Pointe-aux-Trembles,Fall,Monday,12,2.8,20,0,4
Rivière-des-Prairies–Pointe-aux-Trembles,Fall,Monday,13,3.0,20,0,4
Rivière-des-Prairies–Pointe-aux-Trembles,Fall,Monday,14,2.7,20,0,4
Rivière-des-Prairies–Pointe-aux-Trembles,Fall,Monday,15,2.591,22,0,4
Rivière-des-Prairies–Pointe-aux-Trembles,Fall,Monday,16,2.818,22,0,4
Rivière-des-Prairies–Pointe-aux-Trembles,Fall,Monday,17,2.682,22,0,4
Rivière-des-Prairies–Pointe-aux-Trembles,Fall,Monday,18,1.227,22,0,4
Rivière-des-Prairies–Pointe-aux-Trembles,Fall,Monday,19,1.227,22,0,4
Rivière-des-Prairies–Pointe-aux-Trembles,Fall,Monday,20,0.909,22,0,4
Rivière-des-Prairies–Pointe-aux-Trembles,Fall,Monday,21,0.864,22,0,4
Rivière-des-Prairies–Pointe-aux-Trembles,Fall,Monday,22,0.35,20,0,4
Rivière-des-Prairies–Pointe-aux-Trembles,Fall,Monday,23,0.35,20,0,4
Rivière-des-Prairies–Pointe-aux-Trembles,Fall,Tuesday,0,0.2,20,1,4
Rivière-des-Prairies–Pointe-aux-Trembles,Fall,Tuesday,1,0.1,20,1,4
Rivière-des-Prairies–Pointe-aux-Trembles,Fall,Tuesday,2,0.1,20,1,4
Rivière-des-Prairies–Pointe-aux-Trembles,Fall,Tuesday,3,0.05,20,1,4
Rivière-des-Prairies–Pointe-aux-Trembles,Fall,Tuesday,4,0.75,20,1,4
Rivière-des-Prairies–Pointe-aux-Trembles,Fall,Tuesday,5,1.55,20,1,4
Rivière-des-Prairies–Pointe-aux-Trembles,Fall,Tuesday,6,2.3,20,1,4
Rivière-des-Prairies–Pointe-aux-Trembles,Fall,Tuesday,7,2.15,20,1,4
Rivière-des-Prairies–Pointe-aux-Trembles,Fall,Tuesday,8,1.3,20,1,4
Rivière-des-Prairies–Pointe-aux-Trembles,Fall,Tuesday,9,1.6,20,1,4
Rivière-des-Prairies–Pointe-aux-Trembles,Fall,Tuesday,10,1.8,20,1,4
Rivière-des-Prairies–Pointe-aux-Trembles,Fall,Tuesday,11,2.3,20,1,4
Rivière-des-Prairies–Pointe-aux-Trembles,Fall,Tuesday,12,2.5,20,1,4
Rivière-des-Prairies–Pointe-aux-Trembles,Fall,Tuesday,13,2.8,20,1,4
Rivière-des-Prairies–Pointe-aux-Trembles,Fall,Tuesday,14,2.85,20,1,4
Rivière-des-Prairies–Pointe-aux-Trembles,Fall,Tuesday,15,2.55,20,1,4
Rivière-des-Prairies–Pointe-aux-Trembles,Fall,Tuesday,16,3.0,20,1,4
Rivière-des-Prairies–Pointe-aux-Trembles,Fall,Tuesday,17,2.75,20,1,4
Rivière-des-Prairies–Pointe-aux-Trembles,Fall,Tuesday,18,1.6,20,1,4
Rivière-des-Prairies–Pointe-aux-Trembles,Fall,Tuesday,19,1.3,20,1,4
Rivière-des-Prairies–Pointe-aux-Trembles,Fall,Tuesday,20,1.4,20,1,4
Rivière-des-Prairies–Pointe-aux-Trembles,Fall,Tuesday,21,0.65,20,1,4
Rivière-des-Prairies–Pointe-aux-Trembles,Fall,Tuesday,22,0.35,20,1,4
Rivière-des-Prairies–Pointe-aux-Trembles,Fall,Tuesday,23,0.55,20,1,4
Rivière-des-Prairies–Pointe-aux-Trembles,Fall,Wednesday,0,0.111,18,2,4
Rivière-des-Prairies–Pointe-aux-Trembles,Fall,Wednesday,1,0.15,20,2,4
Rivière-des-Prairies–Pointe-aux-Trembles,Fall,Wednesday,2,0.1,20,2,4
Rivière-des-Prairies–Pointe-aux-Trembles,Fall,Wednesday,3,0.1,20,2,4
Rivière-des-Prairies–Pointe-aux-Trembles,Fall,Wednesday,4,0.8,20,2,4
Rivière-des-Prairies–Pointe-aux-Trembles,Fall,Wednesday,5,1.5,20,2,4
Rivière-des-Prairies–Pointe-aux-Trembles,Fall,Wednesday,6,3.0,20,2,4
Rivière-des-Prairies–Pointe-aux-Trembles,Fall,Wednesday,7,2.35,20,2,4
Rivière-des-Prairies–Pointe-aux-Trembles,Fall,Wednesday,8,2.2,20,2,4
Rivière-des-Prairies–Pointe-aux-Trembles,Fall,Wednesday,9,1.65,20,2,4
Rivière-des-Prairies–Pointe-aux-Trembles,Fall,Wednesday,10,1.8,20,2,4
Rivière-des-Prairies–Pointe-aux-Trembles,Fall,Wednesday,11,2.6,20,2,4
Rivière-des-Prairies–Pointe-aux-Trembles,Fall,Wednesday,12,3.1,20,2,4
Rivière-des-Prairies–Pointe-aux-Trembles,Fall,Wednesday,13,2.65,20,2,4
Rivière-des-Prairies–Pointe-aux-Trembles,Fall,Wednesday,14,3.05,20,2,4
Rivière-des-Prairies–Pointe-aux-Trembles,Fall,Wednesday,15,3.4,20,2,4
Rivière-des-Prairies–Pointe-aux-Trembles,Fall,Wednesday,16,2.9,20,2,4
Rivière-des-Prairies–Pointe-aux-Trembles,Fall,Wednesday,17,2.65,20,2,4
Rivière-des-Prairies–Pointe-aux-Trembles,Fall,Wednesday,18,2.85,20,2,4
Rivière-des-Prairies–Pointe-aux-Trembles,Fall,Wednesday,19,1.45,20,2,4
Rivière-des-Prairies–Pointe-aux-Trembles,Fall,Wednesday,20,0.9,20,2,4
Rivière-des-Prairies–Pointe-aux-Trembles,Fall,Wednesday,21,1.45,20,2,4
Rivière-des-Prairies–Pointe-aux-Trembles,Fall,Wednesday,22,0.65,20,2,4
Rivière-des-Prairies–Pointe-aux-Trembles,Fall,Wednesday,23,0.0,20,2,4
Rivière-des-Prairies–Pointe-aux-Trembles,Fall,Thursday,0,0.2,20,3,4
Rivière-des-Prairies–Pointe-aux-Trembles,Fall,Thursday,1,0.15,20,3,4
Rivière-des-Prairies–Pointe-aux-Trembles,Fall,Thursday,2,0.1,20,3,4
Rivière-des-Prairies–Pointe-aux-Trembles,Fall,Thursday,3,0.05,20,3,4
Rivière-des-Prairies–Pointe-aux-Trembles,Fall,Thursday,4,0.75,20,3,4
Rivière-des-Prairies–Pointe-aux-Trembles,Fall,Thursday,5,1.4,20,3,4
Rivière-des-Prairies–Pointe-aux-Trembles,Fall,Thursday,6,2.0,20,3,4
Rivière-des-Prairies–Pointe-aux-Trembles,Fall,Thursday,7,2.5,20,3,4
Rivière-des-Prairies–Pointe-aux-Trembles,Fall,Thursday,8,2.05,20,3,4
Rivière-des-Prairies–Pointe-aux-Trembles,Fall,Thursday,9,1.25,20,3,4
Rivière-des-Prairies–Pointe-aux-Trembles,Fall,Thursday,10,1.6,20,3,4
Rivière-des-Prairies–Pointe-aux-Trembles,Fall,Thursday,11,2.5,20,3,4
Rivière-des-Prairies–Pointe-aux-Trembles,Fall,Thursday,12,2.0,20,3,4
Rivière-des-Prairies–Pointe-aux-Trembles,Fall,Thursday,13,2.4,20,3,4
Rivière-des-Prairies–Pointe-aux-Trembles,Fall,Thursday,14,2.65,20,3,4
Rivière-des-Prairies–Pointe-aux-Trembles,Fall,Thursday,15,2.65,20,3,4
Rivière-des-Prairies–Pointe-aux-Trembles,Fall,Thursday,16,2.15,20,3,4
Rivière-des-Prairies–Pointe-aux-Trembles,Fall,Thursday,17,1.75,20,3,4
Rivière-des-Prairies–Pointe-aux-Trembles,Fall,Thursday,18,1.65,20,3,4
Rivière-des-Prairies–Pointe-aux-Trembles,Fall,Thursday,19,1.15,20,3,4
Rivière-des-Prairies–Pointe-aux-Trembles,Fall,Thursday,20,0.95,20,3,4
Rivière-des-Prairies–Pointe-aux-Trembles,Fall,Thursday,21,0.65,20,3,4
Rivière-des-Prairies–Pointe-aux-Trembles,Fall,Thursday,22,0.833,18,3,4
Rivière-des-Prairies–Pointe-aux-Trembles,Fall,Thursday,23,0.611,18,3,4
Rivière-des-Prairies–Pointe-aux-Trembles,Fall,Friday,0,0.05,20,4,4
Rivière-des-Prairies–Pointe-aux-Trembles,Fall,Friday,1,0.15,20,4,4
Rivière-des-Prairies–Pointe-aux-Trembles,Fall,Friday,2,0.1,20,4,4
Rivière-des-Prairies–Pointe-aux-Trembles,Fall,Friday,3,0.15,20,4,4
Rivière-des-Prairies–Pointe-aux-Trembles,Fall,Friday,4,0.55,20,4,4
Rivière-des-Prairies–Pointe-aux-Trembles,Fall,Friday,5,1.4,20,4,4
Rivière-des-Prairies–Pointe-aux-Trembles,Fall,Friday,6,2.45,20,4,4
Rivière-des-Prairies–Pointe-aux-Trembles,Fall,Friday,7,2.2,20,4,4
Rivière-des-Prairies–Pointe-aux-Trembles,Fall,Friday,8,1.5,20,4,4
Rivière-des-Prairies–Pointe-aux-Trembles,Fall,Friday,9,1.65,20,4,4
Rivière-des-Prairies–Pointe-aux-Trembles,Fall,Friday,10,1.6,20,4,4
Rivière-des-Prairies–Pointe-aux-Trembles,Fall,Friday,11,1.75,20,4,4
Rivière-des-Prairies–Pointe-aux-Trembles,Fall,Friday,12,2.75,20,4,4
Rivière-des-Prairies–Pointe-aux-Trembles,Fall,Friday,13,2.55,20,4,4
Rivière-des-Prairies–Pointe-aux-Trembles,Fall,Friday,14,3.45,20,4,4
Rivière-des-Prairies–Pointe-aux-Trembles,Fall,Friday,15,3.8,20,4,4
Rivière-des-Prairies–Pointe-aux-Trembles,Fall,Friday,16,2.65,20,4,4
Rivière-des-Prairies–Pointe-aux-Trembles,Fall,Friday,17,1.6,20,4,4
Rivière-des-Prairies–Pointe-aux-Trembles,Fall,Friday,18,1.55,20,4,4
Rivière-des-Prairies–Pointe-aux-Trembles,Fall,Friday,19,0.95,20,4,4
Rivière-des-Prairies–Pointe-aux-Trembles,Fall,Friday,20,0.65,20,4,4
Rivière-des-Prairies–Pointe-aux-Trembles,Fall,Friday,21,0.65,20,4,4
Rivière-des-Prairies–Pointe-aux-Trembles,Fall,Friday,22,0.75,20,4,4
Rivière-des-Prairies–Pointe-aux-Trembles,Fall,Friday,23,0.45,20,4,4
Rivière-des-Prairies–Pointe-aux-Trembles,Fall,Saturday,0,0.25,20,5,4
Rivière-des-Prairies–Pointe-aux-Trembles,Fall,Saturday,1,0.2,20,5,4
Rivière-des-Prairies–Pointe-aux-Trembles,Fall,Saturday,2,0.1,20,5,4
Rivière-des-Prairies–Pointe-aux-Trembles,Fall,Saturday,3,0.15,20,5,4
Rivière-des-Prairies–Pointe-aux-Trembles,Fall,Saturday,4,0.3,20,5,4
Rivière-des-Prairies–Pointe-aux-Trembles,Fall,Saturday,5,0.9,20,5,4
Rivière-des-Prairies–Pointe-aux-Trembles,Fall,Saturday,6,0.4,20,5,4
Rivière-des-Prairies–Pointe-aux-Trembles,Fall,Saturday,7,0.75,20,5,4
Rivière-des-Prairies–Pointe-aux-Trembles,Fall,Saturday,8,0.85,20,5,4
Rivière-des-Prairies–Pointe-aux-Trembles,Fall,Saturday,9,0.9,20,5,4
Rivière-des-Prairies–Pointe-aux-Trembles,Fall,Saturday,10,2.0,20,5,4
Rivière-des-Prairies–Pointe-aux-Trembles,Fall,Saturday,11,2.25,20,5,4
Rivière-des-Prairies–Pointe-aux-Trembles,Fall,Saturday,12,2.85,20,5,4
Rivière-des-Prairies–Pointe-aux-Trembles,Fall,Saturday,13,3.2,20,5,4
Rivière-des-Prairies–Pointe-aux-Trembles,Fall,Saturday,14,2.9,20,5,4
Rivière-des-Prairies–Pointe-aux-Trembles,Fall,Saturday,15,3.65,20,5,4
Rivière-des-Prairies–Pointe-aux-Trembles,Fall,Saturday,16,1.6,20,5,4
Rivière-des-Prairies–Pointe-aux-Trembles,Fall,Saturday,17,1.85,20,5,4
Rivière-des-Prairies–Pointe-aux-Trembles,Fall,Saturday,18,1.15,20,5,4
Rivière-des-Prairies–Pointe-aux-Trembles,Fall,Saturday,19,0.65,20,5,4
Rivière-des-Prairies–Pointe-aux-Trembles,Fall,Saturday,20,0.5,20,5,4
Rivière-des-Prairies–Pointe-aux-Trembles,Fall,Saturday,21,0.75,20,5,4
Rivière-des-Prairies–Pointe-aux-Trembles,Fall,Saturday,22,0.85,20,5,4
Rivière-des-Prairies–Pointe-aux-Trembles,Fall,Saturday,23,0.4,20,5,4
Rivière-des-Prairies–Pointe-aux-Trembles,Fall,Sunday,0,0.35,20,6,4
Rivière-des-Prairies–Pointe-aux-Trembles,Fall,Sunday,1,0.05,20,6,4
Rivière-des-Prairies–Pointe-aux-Trembles,Fall,Sunday,2,0.2,20,6,4
Rivière-des-Prairies–Pointe-aux-Trembles,Fall,Sunday,3,0.25,20,6,4
Rivière-des-Prairies–Pointe-aux-Trembles,Fall,Sunday,4,0.2,20,6,4
Rivière-des-Prairies–Pointe-aux-Trembles,Fall,Sunday,5,0.6,20,6,4
Rivière-des-Prairies–Pointe-aux-Trembles,Fall,Sunday,6,0.65,20,6,4
Rivière-des-Prairies–Pointe-aux-Trembles,Fall,Sunday,7,0.55,20,6,4
Rivière-des-Prairies–Pointe-aux-Trembles,Fall,Sunday,8,0.8,20,6,4
Rivière-des-Prairies–Pointe-aux-Trembles,Fall,Sunday,9,1.9,20,6,4
Rivière-des-Prairies–Pointe-aux-Trembles,Fall,Sunday,10,2.4,20,6,4
Rivière-des-Prairies–Pointe-aux-Trembles,Fall,Sunday,11,2.45,20,6,4
Rivière-des-Prairies–Pointe-aux-Trembles,Fall,Sunday,12,2.45,20,6,4
Rivière-des-Prairies–Pointe-aux-Trembles,Fall,Sunday,13,3.2,20,6,4
Rivière-des-Prairies–Pointe-aux-Trembles,Fall,Sunday,14,3.85,20,6,4
Rivière-des-Prairies–Pointe-aux-Trembles,Fall,Sunday,15,3.8,20,6,4
Rivière-des-Prairies–Pointe-aux-Trembles,Fall,Sunday,16,2.05,20,6,4
Rivière-des-Prairies–Pointe-aux-Trembles,Fall,Sunday,17,1.6,20,6,4
Rivière-des-Prairies–Pointe-aux-Trembles,Fall,Sunday,18,1.6,20,6,4
Rivière-des-Prairies–Pointe-aux-Trembles,Fall,Sunday,19,0.9,20,6,4
Rivière-des-Prairies–Pointe-aux-Trembles,Fall,Sunday,20,0.75,20,6,4
Rivière-des-Prairies–Pointe-aux-Trembles,Fall,Sunday,21,0.85,20,6,4
Rivière-des-Prairies–Pointe-aux-Trembles,Fall,Sunday,22,0.45,20,6,4
Rivière-des-Prairies–Pointe-aux-Trembles,Fall,Sunday,23,0.25,20,6,4
Rosemont–La Petite-Patrie,Fall,Monday,0,2.455,11,0,4
Rosemont–La Petite-Patrie,Fall,Monday,1,2.091,11,0,4
Rosemont–La Petite-Patrie,Fall,Monday,2,1.545,11,0,4
Rosemont–La Petite-Patrie,Fall,Monday,3,0.636,11,0,4
Rosemont–La Petite-Patrie,Fall,Monday,4,2.455,11,0,4
Rosemont–La Petite-Patrie,Fall,Monday,5,3.273,11,0,4
Rosemont–La Petite-Patrie,Fall,Monday,6,8.636,11,0,4
Rosemont–La Petite-Patrie,Fall,Monday,7,25.455,11,0,4
Rosemont–La Petite-Patrie,Fall,Monday,8,41.636,11,0,4
Rosemont–La Petite-Patrie,Fall,Monday,9,23.818,11,0,4
Rosemont–La Petite-Patrie,Fall,Monday,10,21.273,11,0,4
Rosemont–La Petite-Patrie,Fall,Monday,11,21.818,11,0,4
Rosemont–La Petite-Patrie,Fall,Monday,12,21.364,11,0,4
Rosemont–La Petite-Patrie,Fall,Monday,13,23.091,11,0,4
Rosemont–La Petite-Patrie,Fall,Monday,14,20.909,11,0,4
Rosemont–La Petite-Patrie,Fall,Monday,15,24.273,11,0,4
Rosemont–La Petite-Patrie,Fall,Monday,16,34.727,11,0,4
Rosemont–La Petite-Patrie,Fall,Monday,17,39.727,11,0,4
Rosemont–La Petite-Patrie,Fall,Monday,18,27.909,11,0,4
Rosemont–La Petite-Patrie,Fall,Monday,19,18.636,11,0,4
Rosemont–La Petite-Patrie,Fall,Monday,20,13.182,11,0,4
Rosemont–La Petite-Patrie,Fall,Monday,21,10.273,11,0,4
Rosemont–La Petite-Patrie,Fall,Monday,22,10.455,11,0,4
Rosemont–La Petite-Patrie,Fall,Monday,23,4.636,11,0,4
Rosemont–La Petite-Patrie,Fall,Tuesday,0,2.364,11,1,4
Rosemont–La Petite-Patrie,Fall,Tuesday,1,0.818,11,1,4
Rosemont–La Petite-Patrie,Fall,Tuesday,2,1.364,11,1,4
Rosemont–La Petite-Patrie,Fall,Tuesday,3,0.818,11,1,4
Rosemont–La Petite-Patrie,Fall,Tuesday,4,2.182,11,1,4
Rosemont–La Petite-Patrie,Fall,Tuesday,5,4.182,11,1,4
Rosemont–La Petite-Patrie,Fall,Tuesday,6,8.636,11,1,4
Rosemont–La Petite-Patrie,Fall,Tuesday,7,29.636,11,1,4
Rosemont–La Petite-Patrie,Fall,Tuesday,8,53.0,11,1,4
Rosemont–La Petite-Patrie,Fall,Tuesday,9,26.909,11,1,4
Rosemont–La Petite-Patrie,Fall,Tuesday,10,17.0,11,1,4
Rosemont–La Petite-Patrie,Fall,Tuesday,11,17.091,11,1,4
Rosemont–La Petite-Patrie,Fall,Tuesday,12,21.455,11,1,4
Rosemont–La Petite-Patrie,Fall,Tuesday,13,23.091,11,1,4
Rosemont–La Petite-Patrie,Fall,Tuesday,14,21.455,11,1,4
Rosemont–La Petite-Patrie,Fall,Tuesday,15,35.182,11,1,4
Rosemont–La Petite-Patrie,Fall,Tuesday,16,48.455,11,1,4
Rosemont–La Petite-Patrie,Fall,Tuesday,17,66.273,11,1,4
Rosemont–La Petite-Patrie,Fall,Tuesday,18,42.727,11,1,4
Rosemont–La Petite-Patrie,Fall,Tuesday,19,25.273,11,1,4
Rosemont–La Petite-Patrie,Fall,Tuesday,20,18.909,11,1,4
Rosemont–La Petite-Patrie,Fall,Tuesday,21,18.636,11,1,4
Rosemont–La Petite-Patrie,Fall,Tuesday,22,15.909,11,1,4
Rosemont–La Petite-Patrie,Fall,Tuesday,23,7.455,11,1,4
Rosemont–La Petite-Patrie,Fall,Wednesday,0,4.636,11,2,4
Rosemont–La Petite-Patrie,Fall,Wednesday,1,2.545,11,2,4
Rosemont–La Petite-Patrie,Fall,Wednesday,2,1.727,11,2,4
Rosemont–La Petite-Patrie,Fall,Wednesday,3,0.818,11,2,4
Rosemont–La Petite-Patrie,Fall,Wednesday,4,1.636,11,2,4
Rosemont–La Petite-Patrie,Fall,Wednesday,5,3.455,11,2,4
Rosemont–La Petite-Patrie,Fall,Wednesday,6,8.727,11,2,4
Rosemont–La Petite-Patrie,Fall,Wednesday,7,29.0,11,2,4
Rosemont–La Petite-Patrie,Fall,Wednesday,8,45.818,11,2,4
Rosemont–La Petite-Patrie,Fall,Wednesday,9,29.0,11,2,4
Rosemont–La Petite-Patrie,Fall,Wednesday,10,19.909,11,2,4
Rosemont–La Petite-Patrie,Fall,Wednesday,11,18.636,11,2,4
Rosemont–La Petite-Patrie,Fall,Wednesday,12,22.727,11,2,4
Rosemont–La Petite-Patrie,Fall,Wednesday,13,22.636,11,2,4
Rosemont–La Petite-Patrie,Fall,Wednesday,14,18.909,11,2,4
Rosemont–La Petite-Patrie,Fall,Wednesday,15,29.727,11,2,4
Rosemont–La Petite-Patrie,Fall,Wednesday,16,39.25,12,2,4
Rosemont–La Petite-Patrie,Fall,Wednesday,17,48.167,12,2,4
Rosemont–La Petite-Patrie,Fall,Wednesday,18,35.167,12,2,4
Rosemont–La Petite-Patrie,Fall,Wednesday,19,23.333,12,2,4
Rosemont–La Petite-Patrie,Fall,Wednesday,20,21.333,12,2,4
Rosemont–La Petite-Patrie,Fall,Wednesday,21,16.417,12,2,4
Rosemont–La Petite-Patrie,Fall,Wednesday,22,12.25,12,2,4
Rosemont–La Petite-Patrie,Fall,Wednesday,23,7.417,12,2,4
Rosemont–La Petite-Patrie,Fall,Thursday,0,4.5,12,3,4
Rosemont–La Petite-Patrie,Fall,Thursday,1,2.333,12,3,4
Rosemont–La Petite-Patrie,Fall,Thursday,2,1.583,12,3,4
Rosemont–La Petite-Patrie,Fall,Thursday,3,1.417,12,3,4
Rosemont–La Petite-Patrie,Fall,Thursday,4,1.583,12,3,4
Rosemont–La Petite-Patrie,Fall,Thursday,5,4.083,12,3,4
Rosemont–La Petite-Patrie,Fall,Thursday,6,7.5,12,3,4
Rosemont–La Petite-Patrie,Fall,Thursday,7,24.583,12,3,4
Rosemont–La Petite-Patrie,Fall,Thursday,8,43.333,12,3,4
Rosemont–La Petite-Patrie,Fall,Thursday,9,18.417,12,3,4
Rosemont–La Petite-Patrie,Fall,Thursday,10,15.917,12,3,4
Rosemont–La Petite-Patrie,Fall,Thursday,11,17.667,12,3,4
Rosemont–La Petite-Patrie,Fall,Thursday,12,18.833,12,3,4
Rosemont–La Petite-Patrie,Fall,Thursday,13,25.25,12,3,4
Rosemont–La Petite-Patrie,Fall,Thursday,14,21.583,12,3,4
Rosemont–La Petite-Patrie,Fall,Thursday,15,24.667,12,3,4
Rosemont–La Petite-Patrie,Fall,Thursday,16,35.769,13,3,4
Rosemont–La Petite-Patrie,Fall,Thursday,17,47.308,13,3,4
Rosemont–La Petite-Patrie,Fall,Thursday,18,27.231,13,3,4
Rosemont–La Petite-Patrie,Fall,Thursday,19,20.769,13,3,4
Rosemont–La Petite-Patrie,Fall,Thursday,20,13.615,13,3,4
Rosemont–La Petite-Patrie,Fall,Thursday,21,15.154,13,3,4
Rosemont–La Petite-Patrie,Fall,Thursday,22,14.538,13,3,4
Rosemont–La Petite-Patrie,Fall,Thursday,23,9.231,13,3,4
Rosemont–La Petite-Patrie,Fall,Friday,0,5.385,13,4,4
Rosemont–La Petite-Patrie,Fall,Friday,1,3.308,13,4,4
Rosemont–La Petite-Patrie,Fall,Friday,2,1.923,13,4,4
Rosemont–La Petite-Patrie,Fall,Friday,3,1.077,13,4,4
Rosemont–La Petite-Patrie,Fall,Friday,4,2.154,13,4,4
Rosemont–La Petite-Patrie,Fall,Friday,5,3.462,13,4,4
Rosemont–La Petite-Patrie,Fall,Friday,6,5.692,13,4,4
Rosemont–La Petite-Patrie,Fall,Friday,7,16.538,13,4,4
Rosemont–La Petite-Patrie,Fall,Friday,8,28.846,13,4,4
Rosemont–La Petite-Patrie,Fall,Friday,9,15.769,13,4,4
Rosemont–La Petite-Patrie,Fall,Friday,10,11.846,13,4,4
Rosemont–La Petite-Patrie,Fall,Friday,11,15.923,13,4,4
Rosemont–La Petite-Patrie,Fall,Friday,12,19.308,13,4,4
Rosemont–La Petite-Patrie,Fall,Friday,13,20.462,13,4,4
Rosemont–La Petite-Patrie,Fall,Friday,14,19.769,13,4,4
Rosemont–La Petite-Patrie,Fall,Friday,15,27.769,13,4,4
Rosemont–La Petite-Patrie,Fall,Friday,16,31.154,13,4,4
Rosemont–La Petite-Patrie,Fall,Friday,17,30.923,13,4,4
Rosemont–La Petite-Patrie,Fall,Friday,18,20.308,13,4,4
Rosemont–La Petite-Patrie,Fall,Friday,19,13.615,13,4,4
Rosemont–La Petite-Patrie,Fall,Friday,20,10.308,13,4,4
Rosemont–La Petite-Patrie,Fall,Friday,21,9.077,13,4,4
Rosemont–La Petite-Patrie,Fall,Friday,22,9.923,13,4,4
Rosemont–La Petite-Patrie,Fall,Friday,23,8.615,13,4,4
Rosemont–La Petite-Patrie,Fall,Saturday,0,8.846,13,5,4
Rosemont–La Petite-Patrie,Fall,Saturday,1,6.308,13,5,4
Rosemont–La Petite-Patrie,Fall,Saturday,2,3.846,13,5,4
Rosemont–La Petite-Patrie,Fall,Saturday,3,2.769,13,5,4
Rosemont–La Petite-Patrie,Fall,Saturday,4,2.923,13,5,4
Rosemont–La Petite-Patrie,Fall,Saturday,5,2.077,13,5,4
Rosemont–La Petite-Patrie,Fall,Saturday,6,3.769,13,5,4
Rosemont–La Petite-Patrie,Fall,Saturday,7,4.846,13,5,4
Rosemont–La Petite-Patrie,Fall,Saturday,8,11.154,13,5,4
Rosemont–La Petite-Patrie,Fall,Saturday,9,15.846,13,5,4
Rosemont–La Petite-Patrie,Fall,Saturday,10,18.462,13,5,4
Rosemont–La Petite-Patrie,Fall,Saturday,11,21.154,13,5,4
Rosemont–La Petite-Patrie,Fall,Saturday,12,23.0,13,5,4
Rosemont–La Petite-Patrie,Fall,Saturday,13,25.538,13,5,4
Rosemont–La Petite-Patrie,Fall,Saturday,14,26.0,13,5,4
Rosemont–La Petite-Patrie,Fall,Saturday,15,26.923,13,5,4
Rosemont–La Petite-Patrie,Fall,Saturday,16,25.385,13,5,4
Rosemont–La Petite-Patrie,Fall,Saturday,17,24.923,13,5,4
Rosemont–La Petite-Patrie,Fall,Saturday,18,21.385,13,5,4
Rosemont–La Petite-Patrie,Fall,Saturday,19,16.846,13,5,4
Rosemont–La Petite-Patrie,Fall,Saturday,20,12.385,13,5,4
Rosemont–La Petite-Patrie,Fall,Saturday,21,11.462,13,5,4
Rosemont–La Petite-Patrie,Fall,Saturday,22,10.231,13,5,4
Rosemont–La Petite-Patrie,Fall,Saturday,23,10.154,13,5,4
Rosemont–La Petite-Patrie,Fall,Sunday,0,8.154,13,6,4
Rosemont–La Petite-Patrie,Fall,Sunday,1,5.385,13,6,4
Rosemont–La Petite-Patrie,Fall,Sunday,2,4.154,13,6,4
Rosemont–La Petite-Patrie,Fall,Sunday,3,3.538,13,6,4
Rosemont–La Petite-Patrie,Fall,Sunday,4,1.462,13,6,4
Rosemont–La Petite-Patrie,Fall,Sunday,5,1.846,13,6,4
Rosemont–La Petite-Patrie,Fall,Sunday,6,1.308,13,6,4
Rosemont–La Petite-Patrie,Fall,Sunday,7,2.308,13,6,4
Rosemont–La Petite-Patrie,Fall,Sunday,8,6.0,13,6,4
Rosemont–La Petite-Patrie,Fall,Sunday,9,6.769,13,6,4
Rosemont–La Petite-Patrie,Fall,Sunday,10,14.0,13,6,4
Rosemont–La Petite-Patrie,Fall,Sunday,11,14.462,13,6,4
Rosemont–La Petite-Patrie,Fall,Sunday,12,16.077,13,6,4
Rosemont–La Petite-Patrie,Fall,Sunday,13,19.692,13,6,4
Rosemont–La Petite-Patrie,Fall,Sunday,14,19.0,13,6,4
Rosemont–La Petite-Patrie,Fall,Sunday,15,18.385,13,6,4
Rosemont–La Petite-Patrie,Fall,Sunday,16,17.923,13,6,4
Rosemont–La Petite-Patrie,Fall,Sunday,17,16.0,13,6,4
Rosemont–La Petite-Patrie,Fall,Sunday,18,15.846,13,6,4
Rosemont–La Petite-Patrie,Fall,Sunday,19,9.077,13,6,4
Rosemont–La Petite-Patrie,Fall,Sunday,20,9.0,13,6,4
Rosemont–La Petite-Patrie,Fall,Sunday,21,8.154,13,6,4
Rosemont–La Petite-Patrie,Fall,Sunday,22,8.154,13,6,4
Rosemont–La Petite-Patrie,Fall,Sunday,23,5.462,13,6,4
Saint-Laurent,Fall,Monday,0,0.167,12,0,4
Saint-Laurent,Fall,Monday,1,0.25,12,0,4
Saint-Laurent,Fall,Monday,2,0.333,12,0,4
Saint-Laurent,Fall,Monday,3,0.417,12,0,4
Saint-Laurent,Fall,Monday,4,1.083,12,0,4
Saint-Laurent,Fall,Monday,5,3.917,12,0,4
Saint-Laurent,Fall,Monday,6,8.0,12,0,4
Saint-Laurent,Fall,Monday,7,22.0,12,0,4
Saint-Laurent,Fall,Monday,8,23.25,12,0,4
Saint-Laurent,Fall,Monday,9,11.583,12,0,4
Saint-Laurent,Fall,Monday,10,11.083,12,0,4
Saint-Laurent,Fall,Monday,11,12.667,12,0,4
Saint-Laurent,Fall,Monday,12,12.75,12,0,4
Saint-Laurent,Fall,Monday,13,12.333,12,0,4
Saint-Laurent,Fall,Monday,14,10.833,12,0,4
Saint-Laurent,Fall,Monday,15,17.083,12,0,4
Saint-Laurent,Fall,Monday,16,18.917,12,0,4
Saint-Laurent,Fall,Monday,17,17.833,12,0,4
Saint-Laurent,Fall,Monday,18,10.083,12,0,4
Saint-Laurent,Fall,Monday,19,4.417,12,0,4
Saint-Laurent,Fall,Monday,20,2.5,12,0,4
Saint-Laurent,Fall,Monday,21,2.667,12,0,4
Saint-Laurent,Fall,Monday,22,2.083,12,0,4
Saint-Laurent,Fall,Monday,23,1.917,12,0,4
Saint-Laurent,Fall,Tuesday,0,0.583,12,1,4
Saint-Laurent,Fall,Tuesday,1,0.333,12,1,4
Saint-Laurent,Fall,Tuesday,2,0.583,12,1,4
Saint-Laurent,Fall,Tuesday,3,0.25,12,1,4
Saint-Laurent,Fall,Tuesday,4,0.917,12,1,4
Saint-Laurent,Fall,Tuesday,5,4.083,12,1,4
Saint-Laurent,Fall,Tuesday,6,10.75,12,1,4
Saint-Laurent,Fall,Tuesday,7,24.25,12,1,4
Saint-Laurent,Fall,Tuesday,8,28.667,12,1,4
Saint-Laurent,Fall,Tuesday,9,14.167,12,1,4
Saint-Laurent,Fall,Tuesday,10,8.333,12,1,4
Saint-Laurent,Fall,Tuesday,11,13.75,12,1,4
Saint-Laurent,Fall,Tuesday,12,13.167,12,1,4
Saint-Laurent,Fall,Tuesday,13,13.833,12,1,4
Saint-Laurent,Fall,Tuesday,14,14.167,12,1,4
Saint-Laurent,Fall,Tuesday,15,22.583,12,1,4
Saint-Laurent,Fall,Tuesday,16,27.0,12,1,4
Saint-Laurent,Fall,Tuesday,17,26.083,12,1,4
Saint-Laurent,Fall,Tuesday,18,14.583,12,1,4
Saint-Laurent,Fall,Tuesday,19,6.333,12,1,4
Saint-Laurent,Fall,Tuesday,20,5.5,12,1,4
Saint-Laurent,Fall,Tuesday,21,4.333,12,1,4
Saint-Laurent,Fall,Tuesday,22,1.917,12,1,4
Saint-Laurent,Fall,Tuesday,23,1.333,12,1,4
Saint-Laurent,Fall,Wednesday,0,0.333,12,2,4
Saint-Laurent,Fall,Wednesday,1,0.833,12,2,4
Saint-Laurent,Fall,Wednesday,2,1.0,12,2,4
Saint-Laurent,Fall,Wednesday,3,0.083,12,2,4
Saint-Laurent,Fall,Wednesday,4,0.75,12,2,4
Saint-Laurent,Fall,Wednesday,5,3.5,12,2,4
Saint-Laurent,Fall,Wednesday,6,9.167,12,2,4
Saint-Laurent,Fall,Wednesday,7,20.667,12,2,4
Saint-Laurent,Fall,Wednesday,8,26.75,12,2,4
Saint-Laurent,Fall,Wednesday,9,15.833,12,2,4
Saint-Laurent,Fall,Wednesday,10,10.083,12,2,4
Saint-Laurent,Fall,Wednesday,11,9.417,12,2,4
Saint-Laurent,Fall,Wednesday,12,10.917,12,2,4
Saint-Laurent,Fall,Wednesday,13,9.5,12,2,4
Saint-Laurent,Fall,Wednesday,14,8.167,12,2,4
Saint-Laurent,Fall,Wednesday,15,17.25,12,2,4
Saint-Laurent,Fall,Wednesday,16,20.917,12,2,4
Saint-Laurent,Fall,Wednesday,17,22.167,12,2,4
Saint-Laurent,Fall,Wednesday,18,11.5,12,2,4
Saint-Laurent,Fall,Wednesday,19,6.167,12,2,4
Saint-Laurent,Fall,Wednesday,20,4.833,12,2,4
Saint-Laurent,Fall,Wednesday,21,3.833,12,2,4
Saint-Laurent,Fall,Wednesday,22,1.667,12,2,4
Saint-Laurent,Fall,Wednesday,23,1.667,12,2,4
Saint-Laurent,Fall,Thursday,0,0.083,12,3,4
Saint-Laurent,Fall,Thursday,1,0.75,12,3,4
Saint-Laurent,Fall,Thursday,2,0.333,12,3,4
Saint-Laurent,Fall,Thursday,3,0.167,12,3,4
Saint-Laurent,Fall,Thursday,4,0.583,12,3,4
Saint-Laurent,Fall,Thursday,5,2.667,12,3,4
Saint-Laurent,Fall,Thursday,6,8.333,12,3,4
Saint-Laurent,Fall,Thursday,7,20.667,12,3,4
Saint-Laurent,Fall,Thursday,8,22.583,12,3,4
Saint-Laurent,Fall,Thursday,9,13.333,12,3,4
Saint-Laurent,Fall,Thursday,10,9.583,12,3,4
Saint-Laurent,Fall,Thursday,11,13.5,12,3,4
Saint-Laurent,Fall,Thursday,12,11.0,12,3,4
Saint-Laurent,Fall,Thursday,13,13.0,12,3,4
Saint-Laurent,Fall,Thursday,14,11.5,12,3,4
Saint-Laurent,Fall,Thursday,15,14.583,12,3,4
Saint-Laurent,Fall,Thursday,16,17.429,14,3,4
Saint-Laurent,Fall,Thursday,17,23.071,14,3,4
Saint-Laurent,Fall,Thursday,18,12.643,14,3,4
Saint-Laurent,Fall,Thursday,19,7.071,14,3,4
Saint-Laurent,Fall,Thursday,20,5.286,14,3,4
Saint-Laurent,Fall,Thursday,21,4.143,14,3,4
Saint-Laurent,Fall,Thursday,22,3.214,14,3,4
Saint-Laurent,Fall,Thursday,23,1.571,14,3,4
Saint-Laurent,Fall,Friday,0,0.857,14,4,4
Saint-Laurent,Fall,Friday,1,0.429,14,4,4
Saint-Laurent,Fall,Friday,2,1.286,14,4,4
Saint-Laurent,Fall,Friday,3,0.357,14,4,4
Saint-Laurent,Fall,Friday,4,0.429,14,4,4
Saint-Laurent,Fall,Friday,5,2.786,14,4,4
Saint-Laurent,Fall,Friday,6,6.929,14,4,4
Saint-Laurent,Fall,Friday,7,16.714,14,4,4
Saint-Laurent,Fall,Friday,8,17.929,14,4,4
Saint-Laurent,Fall,Friday,9,10.071,14,4,4
Saint-Laurent,Fall,Friday,10,6.571,14,4,4
Saint-Laurent,Fall,Friday,11,8.5,14,4,4
Saint-Laurent,Fall,Friday,12,13.5,14,4,4
Saint-Laurent,Fall,Friday,13,11.571,14,4,4
Saint-Laurent,Fall,Friday,14,10.714,14,4,4
Saint-Laurent,Fall,Friday,15,18.571,14,4,4
Saint-Laurent,Fall,Friday,16,18.643,14,4,4
Saint-Laurent,Fall,Friday,17,11.714,14,4,4
Saint-Laurent,Fall,Friday,18,6.929,14,4,4
Saint-Laurent,Fall,Friday,19,5.429,14,4,4
Saint-Laurent,Fall,Friday,20,4.143,14,4,4
Saint-Laurent,Fall,Friday,21,3.5,14,4,4
Saint-Laurent,Fall,Friday,22,2.0,14,4,4
Saint-Laurent,Fall,Friday,23,2.429,14,4,4
Saint-Laurent,Fall,Saturday,0,0.357,14,5,4
Saint-Laurent,Fall,Saturday,1,0.429,14,5,4
Saint-Laurent,Fall,Saturday,2,0.643,14,5,4
Saint-Laurent,Fall,Saturday,3,0.357,14,5,4
Saint-Laurent,Fall,Saturday,4,0.357,14,5,4
Saint-Laurent,Fall,Saturday,5,1.214,14,5,4
Saint-Laurent,Fall,Saturday,6,1.429,14,5,4
Saint-Laurent,Fall,Saturday,7,2.571,14,5,4
Saint-Laurent,Fall,Saturday,8,4.786,14,5,4
Saint-Laurent,Fall,Saturday,9,5.857,14,5,4
Saint-Laurent,Fall,Saturday,10,5.929,14,5,4
Saint-Laurent,Fall,Saturday,11,10.714,14,5,4
Saint-Laurent,Fall,Saturday,12,10.5,14,5,4
Saint-Laurent,Fall,Saturday,13,12.286,14,5,4
Saint-Laurent,Fall,Saturday,14,11.643,14,5,4
Saint-Laurent,Fall,Saturday,15,11.643,14,5,4
Saint-Laurent,Fall,Saturday,16,10.5,14,5,4
Saint-Laurent,Fall,Saturday,17,9.786,14,5,4
Saint-Laurent,Fall,Saturday,18,7.357,14,5,4
Saint-Laurent,Fall,Saturday,19,4.286,14,5,4
Saint-Laurent,Fall,Saturday,20,3.214,14,5,4
Saint-Laurent,Fall,Saturday,21,2.143,14,5,4
Saint-Laurent,Fall,Saturday,22,2.071,14,5,4
Saint-Laurent,Fall,Saturday,23,1.286,14,5,4
Saint-Laurent,Fall,Sunday,0,1.429,14,6,4
Saint-Laurent,Fall,Sunday,1,1.0,14,6,4
Saint-Laurent,Fall,Sunday,2,1.357,14,6,4
Saint-Laurent,Fall,Sunday,3,0.5,14,6,4
Saint-Laurent,Fall,Sunday,4,0.429,14,6,4
Saint-Laurent,Fall,Sunday,5,0.643,14,6,4
Saint-Laurent,Fall,Sunday,6,1.0,14,6,4
Saint-Laurent,Fall,Sunday,7,1.786,14,6,4
Saint-Laurent,Fall,Sunday,8,4.357,14,6,4
Saint-Laurent,Fall,Sunday,9,4.643,14,6,4
Saint-Laurent,Fall,Sunday,10,5.429,14,6,4
Saint-Laurent,Fall,Sunday,11,5.5,14,6,4
Saint-Laurent,Fall,Sunday,12,6.5,14,6,4
Saint-Laurent,Fall,Sunday,13,7.643,14,6,4
Saint-Laurent,Fall,Sunday,14,6.357,14,6,4
Saint-Laurent,Fall,Sunday,15,6.643,14,6,4
Saint-Laurent,Fall,Sunday,16,7.214,14,6,4
Saint-Laurent,Fall,Sunday,17,5.5,14,6,4
Saint-Laurent,Fall,Sunday,18,4.286,14,6,4
Saint-Laurent,Fall,Sunday,19,4.143,14,6,4
Saint-Laurent,Fall,Sunday,20,2.0,14,6,4
Saint-Laurent,Fall,Sunday,21,1.714,14,6,4
Saint-Laurent,Fall,Sunday,22,1.857,14,6,4
Saint-Laurent,Fall,Sunday,23,0.857,14,6,4
Ville-Marie,Fall,Monday,0,6.303,99,0,4
Ville-Marie,Fall,Monday,1,5.283,99,0,4
Ville-Marie,Fall,Monday,2,3.485,99,0,4
Ville-Marie,Fall,Monday,3,2.051,99,0,4
Ville-Marie,Fall,Monday,4,2.152,99,0,4
Ville-Marie,Fall,Monday,5,7.768,99,0,4
Ville-Marie,Fall,Monday,6,17.01,99,0,4
Ville-Marie,Fall,Monday,7,42.323,99,0,4
Ville-Marie,Fall,Monday,8,98.404,99,0,4
Ville-Marie,Fall,Monday,9,65.711,97,0,4
Ville-Marie,Fall,Monday,10,53.398,98,0,4
Ville-Marie,Fall,Monday,11,59.227,97,0,4
Ville-Marie,Fall,Monday,12,69.899,99,0,4
Ville-Marie,Fall,Monday,13,70.04,100,0,4
Ville-Marie,Fall,Monday,14,65.687,99,0,4
Ville-Marie,Fall,Monday,15,71.212,99,0,4
Ville-Marie,Fall,Monday,16,108.545,99,0,4
Ville-Marie,Fall,Monday,17,132.485,99,0,4
Ville-Marie,Fall,Monday,18,89.263,99,0,4
Ville-Marie,Fall,Monday,19,57.96,99,0,4
Ville-Marie,Fall,Monday,20,39.727,99,0,4
Ville-Marie,Fall,Monday,21,33.667,99,0,4
Ville-Marie,Fall,Monday,22,21.818,99,0,4
Ville-Marie,Fall,Monday,23,12.1,100,0,4
Ville-Marie,Fall,Tuesday,0,6.27,100,1,4
Ville-Marie,Fall,Tuesday,1,3.67,100,1,4
Ville-Marie,Fall,Tuesday,2,2.09,100,1,4
Ville-Marie,Fall,Tuesday,3,1.51,100,1,4
Ville-Marie,Fall,Tuesday,4,1.23,100,1,4
Ville-Marie,Fall,Tuesday,5,8.2,100,1,4
Ville-Marie,Fall,Tuesday,6,23.34,100,1,4
Ville-Marie,Fall,Tuesday,7,57.99,100,1,4
Ville-Marie,Fall,Tuesday,8,155.634,101,1,4
Ville-Marie,Fall,Tuesday,9,86.307,101,1,4
Ville-Marie,Fall,Tuesday,10,48.842,101,1,4
Ville-Marie,Fall,Tuesday,11,57.14,100,1,4
Ville-Marie,Fall,Tuesday,12,65.46,100,1,4
Ville-Marie,Fall,Tuesday,13,73.57,100,1,4
Ville-Marie,Fall,Tuesday,14,69.902,102,1,4
Ville-Marie,Fall,Tuesday,15,84.379,103,1,4
Ville-Marie,Fall,Tuesday,16,139.447,103,1,4
Ville-Marie,Fall,Tuesday,17,188.825,103,1,4
Ville-Marie,Fall,Tuesday,18,116.029,103,1,4
Ville-Marie,Fall,Tuesday,19,72.019,103,1,4
Ville-Marie,Fall,Tuesday,20,51.456,103,1,4
Ville-Marie,Fall,Tuesday,21,41.981,103,1,4
Ville-Marie,Fall,Tuesday,22,29.0,103,1,4
Ville-Marie,Fall,Tuesday,23,18.485,103,1,4
Ville-Marie,Fall,Wednesday,0,7.747,95,2,4
Ville-Marie,Fall,Wednesday,1,4.408,103,2,4
Ville-Marie,Fall,Wednesday,2,2.716,102,2,4
Ville-Marie,Fall,Wednesday,3,1.873,102,2,4
Ville-Marie,Fall,Wednesday,4,1.961,102,2,4
Ville-Marie,Fall,Wednesday,5,9.52,102,2,4
Ville-Marie,Fall,Wednesday,6,26.745,102,2,4
Ville-Marie,Fall,Wednesday,7,71.608,102,2,4
Ville-Marie,Fall,Wednesday,8,166.52,102,2,4
Ville-Marie,Fall,Wednesday,9,95.422,102,2,4
Ville-Marie,Fall,Wednesday,10,58.824,102,2,4
Ville-Marie,Fall,Wednesday,11,62.951,102,2,4
Ville-Marie,Fall,Wednesday,12,77.608,102,2,4
Ville-Marie,Fall,Wednesday,13,79.667,102,2,4
Ville-Marie,Fall,Wednesday,14,74.627,102,2,4
Ville-Marie,Fall,Wednesday,15,85.5,102,2,4
Ville-Marie,Fall,Wednesday,16,136.676,102,2,4
Ville-Marie,Fall,Wednesday,17,184.255,102,2,4
Ville-Marie,Fall,Wednesday,18,115.971,102,2,4
Ville-Marie,Fall,Wednesday,19,77.314,102,2,4
Ville-Marie,Fall,Wednesday,20,51.127,102,2,4
Ville-Marie,Fall,Wednesday,21,41.137,102,2,4
Ville-Marie,Fall,Wednesday,22,30.723,101,2,4
Ville-Marie,Fall,Wednesday,23,17.42,100,2,4
Ville-Marie,Fall,Thursday,0,8.84,100,3,4
Ville-Marie,Fall,Thursday,1,5.07,100,3,4
Ville-Marie,Fall,Thursday,2,3.21,100,3,4
Ville-Marie,Fall,Thursday,3,1.91,100,3,4
Ville-Marie,Fall,Thursday,4,1.77,100,3,4
Ville-Marie,Fall,Thursday,5,7.86,100,3,4
Ville-Marie,Fall,Thursday,6,21.624,101,3,4
Ville-Marie,Fall,Thursday,7,56.337,101,3,4
Ville-Marie,Fall,Thursday,8,134.129,101,3,4
Ville-Marie,Fall,Thursday,9,77.06,100,3,4
Ville-Marie,Fall,Thursday,10,47.851,101,3,4
Ville-Marie,Fall,Thursday,11,53.376,101,3,4
Ville-Marie,Fall,Thursday,12,65.45,100,3,4
Ville-Marie,Fall,Thursday,13,67.6,100,3,4
Ville-Marie,Fall,Thursday,14,64.93,100,3,4
Ville-Marie,Fall,Thursday,15,76.78,100,3,4
Ville-Marie,Fall,Thursday,16,119.75,100,3,4
Ville-Marie,Fall,Thursday,17,152.38,100,3,4
Ville-Marie,Fall,Thursday,18,90.4,100,3,4
Ville-Marie,Fall,Thursday,19,59.02,100,3,4
Ville-Marie,Fall,Thursday,20,44.19,100,3,4
Ville-Marie,Fall,Thursday,21,37.63,100,3,4
Ville-Marie,Fall,Thursday,22,26.87,100,3,4
Ville-Marie,Fall,Thursday,23,19.22,100,3,4
Ville-Marie,Fall,Friday,0,9.82,100,4,4
Ville-Marie,Fall,Friday,1,7.05,100,4,4
Ville-Marie,Fall,Friday,2,4.131,99,4,4
Ville-Marie,Fall,Friday,3,3.586,99,4,4
Ville-Marie,Fall,Friday,4,2.0,99,4,4
Ville-Marie,Fall,Friday,5,7.919,99,4,4
Ville-Marie,Fall,Friday,6,15.94,100,4,4
Ville-Marie,Fall,Friday,7,38.12,100,4,4
Ville-Marie,Fall,Friday,8,78.05,100,4,4
Ville-Marie,Fall,Friday,9,59.28,100,4,4
Ville-Marie,Fall,Friday,10,47.78,100,4,4
Ville-Marie,Fall,Friday,11,54.67,100,4,4
Ville-Marie,Fall,Friday,12,73.525,99,4,4
Ville-Marie,Fall,Friday,13,72.724,98,4,4
Ville-Marie,Fall,Friday,14,74.0,99,4,4
Ville-Marie,Fall,Friday,15,75.576,99,4,4
Ville-Marie,Fall,Friday,16,95.828,99,4,4
Ville-Marie,Fall,Friday,17,112.596,99,4,4
Ville-Marie,Fall,Friday,18,84.919,99,4,4
Ville-Marie,Fall,Friday,19,62.232,99,4,4
Ville-Marie,Fall,Friday,20,46.121,99,4,4
Ville-Marie,Fall,Friday,21,34.182,99,4,4
Ville-Marie,Fall,Friday,22,31.45,100,4,4
Ville-Marie,Fall,Friday,23,25.47,100,4,4
Ville-Marie,Fall,Saturday,0,15.31,100,5,4
Ville-Marie,Fall,Saturday,1,15.46,100,5,4
Ville-Marie,Fall,Saturday,2,10.81,100,5,4
Ville-Marie,Fall,Saturday,3,9.55,100,5,4
Ville-Marie,Fall,Saturday,4,4.0,100,5,4
Ville-Marie,Fall,Saturday,5,4.48,100,5,4
Ville-Marie,Fall,Saturday,6,6.57,100,5,4
Ville-Marie,Fall,Saturday,7,11.89,100,5,4
Ville-Marie,Fall,Saturday,8,19.55,100,5,4
Ville-Marie,Fall,Saturday,9,33.27,100,5,4
Ville-Marie,Fall,Saturday,10,44.04,100,5,4
Ville-Marie,Fall,Saturday,11,55.89,100,5,4
Ville-Marie,Fall,Saturday,12,68.86,100,5,4
Ville-Marie,Fall,Saturday,13,74.89,100,5,4
Ville-Marie,Fall,Saturday,14,76.65,100,5,4
Ville-Marie,Fall,Saturday,15,80.24,100,5,4
Ville-Marie,Fall,Saturday,16,78.59,100,5,4
Ville-Marie,Fall,Saturday,17,76.0,100,5,4
Ville-Marie,Fall,Saturday,18,65.89,100,5,4
Ville-Marie,Fall,Saturday,19,52.26,100,5,4
Ville-Marie,Fall,Saturday,20,39.13,100,5,4
Ville-Marie,Fall,Saturday,21,34.36,100,5,4
Ville-Marie,Fall,Saturday,22,29.42,100,5,4
Ville-Marie,Fall,Saturday,23,21.92,100,5,4
Ville-Marie,Fall,Sunday,0,16.86,100,6,4
Ville-Marie,Fall,Sunday,1,13.01,100,6,4
Ville-Marie,Fall,Sunday,2,10.525,99,6,4
Ville-Marie,Fall,Sunday,3,7.525,99,6,4
Ville-Marie,Fall,Sunday,4,3.323,99,6,4
Ville-Marie,Fall,Sunday,5,3.677,99,6,4
Ville-Marie,Fall,Sunday,6,5.162,99,6,4
Ville-Marie,Fall,Sunday,7,9.162,99,6,4
Ville-Marie,Fall,Sunday,8,15.525,99,6,4
Ville-Marie,Fall,Sunday,9,28.02,99,6,4
Ville-Marie,Fall,Sunday,10,46.141,99,6,4
Ville-Marie,Fall,Sunday,11,59.03,99,6,4
Ville-Marie,Fall,Sunday,12,71.414,99,6,4
Ville-Marie,Fall,Sunday,13,77.52,100,6,4
Ville-Marie,Fall,Sunday,14,80.77,100,6,4
Ville-Marie,Fall,Sunday,15,80.12,100,6,4
Ville-Marie,Fall,Sunday,16,74.91,100,6,4
Ville-Marie,Fall,Sunday,17,68.3,100,6,4
Ville-Marie,Fall,Sunday,18,53.96,100,6,4
Ville-Marie,Fall,Sunday,19,39.73,100,6,4
Ville-Marie,Fall,Sunday,20,27.95,100,6,4
Ville-Marie,Fall,Sunday,21,21.01,100,6,4
Ville-Marie,Fall,Sunday,22,17.73,100,6,4
Ville-Marie,Fall,Sunday,23,11.93,100,6,4
Villeray–Saint-Michel–Parc-Extension,Fall,Monday,0,1.0,11,0,4
Villeray–Saint-Michel–Parc-Extension,Fall,Monday,1,1.182,11,0,4
Villeray–Saint-Michel–Parc-Extension,Fall,Monday,2,0.273,11,0,4
Villeray–Saint-Michel–Parc-Extension,Fall,Monday,3,0.182,11,0,4
Villeray–Saint-Michel–Parc-Extension,Fall,Monday,4,1.182,11,0,4
Villeray–Saint-Michel–Parc-Extension,Fall,Monday,5,2.455,11,0,4
Villeray–Saint-Michel–Parc-Extension,Fall,Monday,6,3.273,11,0,4
Villeray–Saint-Michel–Parc-Extension,Fall,Monday,7,10.273,11,0,4
Villeray–Saint-Michel–Parc-Extension,Fall,Monday,8,19.182,11,0,4
Villeray–Saint-Michel–Parc-Extension,Fall,Monday,9,7.455,11,0,4
Villeray–Saint-Michel–Parc-Extension,Fall,Monday,10,6.182,11,0,4
Villeray–Saint-Michel–Parc-Extension,Fall,Monday,11,5.818,11,0,4
Villeray–Saint-Michel–Parc-Extension,Fall,Monday,12,10.0,11,0,4
Villeray–Saint-Michel–Parc-Extension,Fall,Monday,13,6.818,11,0,4
Villeray–Saint-Michel–Parc-Extension,Fall,Monday,14,6.909,11,0,4
Villeray–Saint-Michel–Parc-Extension,Fall,Monday,15,8.909,11,0,4
Villeray–Saint-Michel–Parc-Extension,Fall,Monday,16,14.636,11,0,4
Villeray–Saint-Michel–Parc-Extension,Fall,Monday,17,13.545,11,0,4
Villeray–Saint-Michel–Parc-Extension,Fall,Monday,18,9.273,11,0,4
Villeray–Saint-Michel–Parc-Extension,Fall,Monday,19,6.545,11,0,4
Villeray–Saint-Michel–Parc-Extension,Fall,Monday,20,6.364,11,0,4
Villeray–Saint-Michel–Parc-Extension,Fall,Monday,21,3.545,11,0,4
Villeray–Saint-Michel–Parc-Extension,Fall,Monday,22,1.636,11,0,4
Villeray–Saint-Michel–Parc-Extension,Fall,Monday,23,2.545,11,0,4
Villeray–Saint-Michel–Parc-Extension,Fall,Tuesday,0,1.455,11,1,4
Villeray–Saint-Michel–Parc-Extension,Fall,Tuesday,1,0.636,11,1,4
Villeray–Saint-Michel–Parc-Extension,Fall,Tuesday,2,0.364,11,1,4
Villeray–Saint-Michel–Parc-Extension,Fall,Tuesday,3,0.364,11,1,4
Villeray–Saint-Michel–Parc-Extension,Fall,Tuesday,4,0.909,11,1,4
Villeray–Saint-Michel–Parc-Extension,Fall,Tuesday,5,3.545,11,1,4
Villeray–Saint-Michel–Parc-Extension,Fall,Tuesday,6,3.818,11,1,4
Villeray–Saint-Michel–Parc-Extension,Fall,Tuesday,7,10.909,11,1,4
Villeray–Saint-Michel–Parc-Extension,Fall,Tuesday,8,18.455,11,1,4
Villeray–Saint-Michel–Parc-Extension,Fall,Tuesday,9,7.182,11,1,4
Villeray–Saint-Michel–Parc-Extension,Fall,Tuesday,10,5.727,11,1,4
Villeray–Saint-Michel–Parc-Extension,Fall,Tuesday,11,6.818,11,1,4
Villeray–Saint-Michel–Parc-Extension,Fall,Tuesday,12,8.273,11,1,4
Villeray–Saint-Michel–Parc-Extension,Fall,Tuesday,13,7.273,11,1,4
Villeray–Saint-Michel–Parc-Extension,Fall,Tuesday,14,7.091,11,1,4
Villeray–Saint-Michel–Parc-Extension,Fall,Tuesday,15,10.727,11,1,4
Villeray–Saint-Michel–Parc-Extension,Fall,Tuesday,16,16.909,11,1,4
Villeray–Saint-Michel–Parc-Extension,Fall,Tuesday,17,21.636,11,1,4
Villeray–Saint-Michel–Parc-Extension,Fall,Tuesday,18,13.091,11,1,4
Villeray–Saint-Michel–Parc-Extension,Fall,Tuesday,19,8.273,11,1,4
Villeray–Saint-Michel–Parc-Extension,Fall,Tuesday,20,6.727,11,1,4
Villeray–Saint-Michel–Parc-Extension,Fall,Tuesday,21,6.182,11,1,4
Villeray–Saint-Michel–Parc-Extension,Fall,Tuesday,22,4.182,11,1,4
Villeray–Saint-Michel–Parc-Extension,Fall,Tuesday,23,3.364,11,1,4
Villeray–Saint-Michel–Parc-Extension,Fall,Wednesday,0,1.545,11,2,4
Villeray–Saint-Michel–Parc-Extension,Fall,Wednesday,1,0.818,11,2,4
Villeray–Saint-Michel–Parc-Extension,Fall,Wednesday,2,0.545,11,2,4
Villeray–Saint-Michel–Parc-Extension,Fall,Wednesday,3,0.455,11,2,4
Villeray–Saint-Michel–Parc-Extension,Fall,Wednesday,4,0.818,11,2,4
Villeray–Saint-Michel–Parc-Extension,Fall,Wednesday,5,1.909,11,2,4
Villeray–Saint-Michel–Parc-Extension,Fall,Wednesday,6,2.636,11,2,4
Villeray–Saint-Michel–Parc-Extension,Fall,Wednesday,7,10.091,11,2,4
Villeray–Saint-Michel–Parc-Extension,Fall,Wednesday,8,19.0,11,2,4
Villeray–Saint-Michel–Parc-Extension,Fall,Wednesday,9,7.0,11,2,4
Villeray–Saint-Michel–Parc-Extension,Fall,Wednesday,10,3.364,11,2,4
Villeray–Saint-Michel–Parc-Extension,Fall,Wednesday,11,6.727,11,2,4
Villeray–Saint-Michel–Parc-Extension,Fall,Wednesday,12,7.0,11,2,4
Villeray–Saint-Michel–Parc-Extension,Fall,Wednesday,13,7.818,11,2,4
Villeray–Saint-Michel–Parc-Extension,Fall,Wednesday,14,7.091,11,2,4
Villeray–Saint-Michel–Parc-Extension,Fall,Wednesday,15,7.636,11,2,4
Villeray–Saint-Michel–Parc-Extension,Fall,Wednesday,16,14.364,11,2,4
Villeray–Saint-Michel–Parc-Extension,Fall,Wednesday,17,13.364,11,2,4
Villeray–Saint-Michel–Parc-Extension,Fall,Wednesday,18,9.909,11,2,4
Villeray–Saint-Michel–Parc-Extension,Fall,Wednesday,19,7.0,11,2,4
Villeray–Saint-Michel–Parc-Extension,Fall,Wednesday,20,5.818,11,2,4
Villeray–Saint-Michel–Parc-Extension,Fall,Wednesday,21,4.273,11,2,4
Villeray–Saint-Michel–Parc-Extension,Fall,Wednesday,22,4.455,11,2,4
Villeray–Saint-Michel–Parc-Extension,Fall,Wednesday,23,3.091,11,2,4
Villeray–Saint-Michel–Parc-Extension,Fall,Thursday,0,0.909,11,3,4
Villeray–Saint-Michel–Parc-Extension,Fall,Thursday,1,0.636,11,3,4
Villeray–Saint-Michel–Parc-Extension,Fall,Thursday,2,0.273,11,3,4
Villeray–Saint-Michel–Parc-Extension,Fall,Thursday,3,0.636,11,3,4
Villeray–Saint-Michel–Parc-Extension,Fall,Thursday,4,0.818,11,3,4
Villeray–Saint-Michel–Parc-Extension,Fall,Thursday,5,2.909,11,3,4
Villeray–Saint-Michel–Parc-Extension,Fall,Thursday,6,3.182,11,3,4
Villeray–Saint-Michel–Parc-Extension,Fall,Thursday,7,9.273,11,3,4
Villeray–Saint-Michel–Parc-Extension,Fall,Thursday,8,17.545,11,3,4
Villeray–Saint-Michel–Parc-Extension,Fall,Thursday,9,4.818,11,3,4
Villeray–Saint-Michel–Parc-Extension,Fall,Thursday,10,5.545,11,3,4
Villeray–Saint-Michel–Parc-Extension,Fall,Thursday,11,6.455,11,3,4
Villeray–Saint-Michel–Parc-Extension,Fall,Thursday,12,7.545,11,3,4
Villeray–Saint-Michel–Parc-Extension,Fall,Thursday,13,6.091,11,3,4
Villeray–Saint-Michel–Parc-Extension,Fall,Thursday,14,6.833,12,3,4
Villeray–Saint-Michel–Parc-Extension,Fall,Thursday,15,8.167,12,3,4
Villeray–Saint-Michel–Parc-Extension,Fall,Thursday,16,17.077,13,3,4
Villeray–Saint-Michel–Parc-Extension,Fall,Thursday,17,17.385,13,3,4
Villeray–Saint-Michel–Parc-Extension,Fall,Thursday,18,12.154,13,3,4
Villeray–Saint-Michel–Parc-Extension,Fall,Thursday,19,7.615,13,3,4
Villeray–Saint-Michel–Parc-Extension,Fall,Thursday,20,5.308,13,3,4
Villeray–Saint-Michel–Parc-Extension,Fall,Thursday,21,5.769,13,3,4
Villeray–Saint-Michel–Parc-Extension,Fall,Thursday,22,3.0,13,3,4
Villeray–Saint-Michel–Parc-Extension,Fall,Thursday,23,2.769,13,3,4
Villeray–Saint-Michel–Parc-Extension,Fall,Friday,0,2.231,13,4,4
Villeray–Saint-Michel–Parc-Extension,Fall,Friday,1,1.231,13,4,4
Villeray–Saint-Michel–Parc-Extension,Fall,Friday,2,0.538,13,4,4
Villeray–Saint-Michel–Parc-Extension,Fall,Friday,3,0.385,13,4,4
Villeray–Saint-Michel–Parc-Extension,Fall,Friday,4,1.0,13,4,4
Villeray–Saint-Michel–Parc-Extension,Fall,Friday,5,2.385,13,4,4
Villeray–Saint-Michel–Parc-Extension,Fall,Friday,6,2.462,13,4,4
Villeray–Saint-Michel–Parc-Extension,Fall,Friday,7,7.0,13,4,4
Villeray–Saint-Michel–Parc-Extension,Fall,Friday,8,13.846,13,4,4
Villeray–Saint-Michel–Parc-Extension,Fall,Friday,9,6.615,13,4,4
Villeray–Saint-Michel–Parc-Extension,Fall,Friday,10,6.231,13,4,4
Villeray–Saint-Michel–Parc-Extension,Fall,Friday,11,6.846,13,4,4
Villeray–Saint-Michel–Parc-Extension,Fall,Friday,12,8.0,13,4,4
Villeray–Saint-Michel–Parc-Extension,Fall,Friday,13,8.154,13,4,4
Villeray–Saint-Michel–Parc-Extension,Fall,Friday,14,7.308,13,4,4
Villeray–Saint-Michel–Parc-Extension,Fall,Friday,15,9.846,13,4,4
Villeray–Saint-Michel–Parc-Extension,Fall,Friday,16,14.923,13,4,4
Villeray–Saint-Michel–Parc-Extension,Fall,Friday,17,10.231,13,4,4
Villeray–Saint-Michel–Parc-Extension,Fall,Friday,18,9.0,13,4,4
Villeray–Saint-Michel–Parc-Extension,Fall,Friday,19,6.385,13,4,4
Villeray–Saint-Michel–Parc-Extension,Fall,Friday,20,4.385,13,4,4
Villeray–Saint-Michel–Parc-Extension,Fall,Friday,21,4.846,13,4,4
Villeray–Saint-Michel–Parc-Extension,Fall,Friday,22,2.769,13,4,4
Villeray–Saint-Michel–Parc-Extension,Fall,Friday,23,4.308,13,4,4
Villeray–Saint-Michel–Parc-Extension,Fall,Saturday,0,2.308,13,5,4
Villeray–Saint-Michel–Parc-Extension,Fall,Saturday,1,2.615,13,5,4
Villeray–Saint-Michel–Parc-Extension,Fall,Saturday,2,1.077,13,5,4
Villeray–Saint-Michel–Parc-Extension,Fall,Saturday,3,1.231,13,5,4
Villeray–Saint-Michel–Parc-Extension,Fall,Saturday,4,0.923,13,5,4
Villeray–Saint-Michel–Parc-Extension,Fall,Saturday,5,1.769,13,5,4
Villeray–Saint-Michel–Parc-Extension,Fall,Saturday,6,1.538,13,5,4
Villeray–Saint-Michel–Parc-Extension,Fall,Saturday,7,2.154,13,5,4
Villeray–Saint-Michel–Parc-Extension,Fall,Saturday,8,3.615,13,5,4
Villeray–Saint-Michel–Parc-Extension,Fall,Saturday,9,5.308,13,5,4
Villeray–Saint-Michel–Parc-Extension,Fall,Saturday,10,8.154,13,5,4
Villeray–Saint-Michel–Parc-Extension,Fall,Saturday,11,9.0,13,5,4
Villeray–Saint-Michel–Parc-Extension,Fall,Saturday,12,11.385,13,5,4
Villeray–Saint-Michel–Parc-Extension,Fall,Saturday,13,9.154,13,5,4
Villeray–Saint-Michel–Parc-Extension,Fall,Saturday,14,12.231,13,5,4
Villeray–Saint-Michel–Parc-Extension,Fall,Saturday,15,12.692,13,5,4
Villeray–Saint-Michel–Parc-Extension,Fall,Saturday,16,11.077,13,5,4
Villeray–Saint-Michel–Parc-Extension,Fall,Saturday,17,11.154,13,5,4
Villeray–Saint-Michel–Parc-Extension,Fall,Saturday,18,8.308,13,5,4
Villeray–Saint-Michel–Parc-Extension,Fall,Saturday,19,6.462,13,5,4
Villeray–Saint-Michel–Parc-Extension,Fall,Saturday,20,5.615,13,5,4
Villeray–Saint-Michel–Parc-Extension,Fall,Saturday,21,3.846,13,5,4
Villeray–Saint-Michel–Parc-Extension,Fall,Saturday,22,3.846,13,5,4
Villeray–Saint-Michel–Parc-Extension,Fall,Saturday,23,3.0,13,5,4
Villeray–Saint-Michel–Parc-Extension,Fall,Sunday,0,2.308,13,6,4
Villeray–Saint-Michel–Parc-Extension,Fall,Sunday,1,1.846,13,6,4
Villeray–Saint-Michel–Parc-Extension,Fall,Sunday,2,1.769,13,6,4
Villeray–Saint-Michel–Parc-Extension,Fall,Sunday,3,0.923,13,6,4
Villeray–Saint-Michel–Parc-Extension,Fall,Sunday,4,0.923,13,6,4
Villeray–Saint-Michel–Parc-Extension,Fall,Sunday,5,1.538,13,6,4
Villeray–Saint-Michel–Parc-Extension,Fall,Sunday,6,1.462,13,6,4
Villeray–Saint-Michel–Parc-Extension,Fall,Sunday,7,1.769,13,6,4
Villeray–Saint-Michel–Parc-Extension,Fall,Sunday,8,3.692,13,6,4
Villeray–Saint-Michel–Parc-Extension,Fall,Sunday,9,3.538,13,6,4
Villeray–Saint-Michel–Parc-Extension,Fall,Sunday,10,6.154,13,6,4
Villeray–Saint-Michel–Parc-Extension,Fall,Sunday,11,7.538,13,6,4
Villeray–Saint-Michel–Parc-Extension,Fall,Sunday,12,8.462,13,6,4
Villeray–Saint-Michel–Parc-Extension,Fall,Sunday,13,11.769,13,6,4
Villeray–Saint-Michel–Parc-Extension,Fall,Sunday,14,11.231,13,6,4
Villeray–Saint-Michel–Parc-Extension,Fall,Sunday,15,10.462,13,6,4
Villeray–Saint-Michel–Parc-Extension,Fall,Sunday,16,8.0,13,6,4
Villeray–Saint-Michel–Parc-Extension,Fall,Sunday,17,7.846,13,6,4
Villeray–Saint-Michel–Parc-Extension,Fall,Sunday,18,5.615,13,6,4
Villeray–Saint-Michel–Parc-Extension,Fall,Sunday,19,3.385,13,6,4
Villeray–Saint-Michel–Parc-Extension,Fall,Sunday,20,4.0,13,6,4
Villeray–Saint-Michel–Parc-Extension,Fall,Sunday,21,1.923,13,6,4
Villeray–Saint-Michel–Parc-Extension,Fall,Sunday,22,2.615,13,6,4
Villeray–Saint-Michel–Parc-Extension,Fall,Sunday,23,1.692,13,6,4
